"var1","var2","abs.spearman.r","spearman.r","spearman.p"
"r.wcnSC.bfCA","r.bfCA.wcnSC",1,1,0
"r.wcnSC.bfCA","r.bfCA.wcnAA",0.987075335100002,0.987075335100002,0
"r.wcnSC.bfCA","r.wcnAA.bfCA",0.987075335100002,0.987075335100002,0
"r.wcnSC.bfCA","r.bfCA.wcnCB",0.986306660275531,0.986306660275531,0
"r.wcnSC.bfCA","r.wcnCB.bfCA",0.986306660275531,0.986306660275531,0
"r.wcnSC.bfCA","r.bfN.wcnSC",0.982208716946362,0.982208716946362,0
"r.wcnSC.bfCA","r.wcnSC.bfN",0.982208716946362,0.982208716946362,0
"r.wcnSC.bfCA","r.bfC.wcnSC",0.976867730807344,0.976867730807344,0
"r.wcnSC.bfCA","r.wcnSC.bfC",0.976867730807344,0.976867730807344,0
"r.wcnSC.bfCA","r.bfCB.wcnSC",0.975166463425235,0.975166463425235,0
"r.wcnSC.bfCA","r.wcnSC.bfCB",0.975166463425235,0.975166463425235,0
"r.wcnSC.bfCA","r.bfC.wcnCB",0.972179931998977,0.972179931998977,0
"r.wcnSC.bfCA","r.wcnCB.bfC",0.972179931998977,0.972179931998977,0
"r.wcnSC.bfCA","r.bfN.wcnAA",0.972059477301119,0.972059477301119,0
"r.wcnSC.bfCA","r.wcnAA.bfN",0.972059477301119,0.972059477301119,0
"r.wcnSC.bfCA","r.bfN.wcnCB",0.9717055640136,0.9717055640136,0
"r.wcnSC.bfCA","r.wcnCB.bfN",0.9717055640136,0.9717055640136,0
"r.wcnSC.bfCA","r.bfC.wcnAA",0.96873145059743,0.96873145059743,0
"r.wcnSC.bfCA","r.wcnAA.bfC",0.96873145059743,0.96873145059743,0
"r.wcnSC.bfCA","r.bfCA.wcnCA",0.968003755206251,0.968003755206251,0
"r.wcnSC.bfCA","r.wcnCA.bfCA",0.968003755206251,0.968003755206251,0
"r.wcnSC.bfCA","r.bfCB.wcnAA",0.962975702921461,0.962975702921461,0
"r.wcnSC.bfCA","r.wcnAA.bfCB",0.962975702921461,0.962975702921461,0
"r.wcnSC.bfCA","r.bfCB.wcnCB",0.961783573952976,0.961783573952976,0
"r.wcnSC.bfCA","r.wcnCB.bfCB",0.961783573952976,0.961783573952976,0
"r.wcnSC.bfCA","r.bfC.wcnCA",0.956518337675498,0.956518337675498,0
"r.wcnSC.bfCA","r.wcnCA.bfC",0.956518337675498,0.956518337675498,0
"r.wcnSC.bfCA","r.bfN.wcnCA",0.954966086414449,0.954966086414449,0
"r.wcnSC.bfCA","r.wcnCA.bfN",0.954966086414449,0.954966086414449,0
"r.wcnSC.bfCA","r.bfCA.wcnC",0.949900780099394,0.949900780099394,0
"r.wcnSC.bfCA","r.wcnC.bfCA",0.949900780099394,0.949900780099394,0
"r.wcnSC.bfCA","r.bfCB.wcnCA",0.947758673359146,0.947758673359146,0
"r.wcnSC.bfCA","r.wcnCA.bfCB",0.947758673359146,0.947758673359146,0
"r.wcnSC.bfCA","r.bfC.wcnC",0.945760615535924,0.945760615535924,0
"r.wcnSC.bfCA","r.wcnC.bfC",0.945760615535924,0.945760615535924,0
"r.wcnSC.bfCA","r.bfC.wcnO",0.938219158009244,0.938219158009244,0
"r.wcnSC.bfCA","r.wcnO.bfC",0.938219158009244,0.938219158009244,0
"r.wcnSC.bfCA","r.bfN.wcnC",0.937284081849588,0.937284081849588,0
"r.wcnSC.bfCA","r.wcnC.bfN",0.937284081849588,0.937284081849588,0
"r.wcnSC.bfCA","r.bfCA.wcnO",0.936305542654623,0.936305542654623,0
"r.wcnSC.bfCA","r.wcnO.bfCA",0.936305542654623,0.936305542654623,0
"r.wcnSC.bfCA","r.bfO.wcnSC",0.934206898949685,0.934206898949685,0
"r.wcnSC.bfCA","r.wcnSC.bfO",0.934206898949685,0.934206898949685,0
"r.wcnSC.bfCA","r.bfCA.wcnN",0.932493213557487,0.932493213557487,0
"r.wcnSC.bfCA","r.wcnN.bfCA",0.932493213557487,0.932493213557487,0
"r.wcnSC.bfCA","r.bfCB.wcnC",0.92851075772214,0.92851075772214,0
"r.wcnSC.bfCA","r.wcnC.bfCB",0.92851075772214,0.92851075772214,0
"r.wcnSC.bfCA","r.bfO.wcnCB",0.928218934485062,0.928218934485062,0
"r.wcnSC.bfCA","r.wcnCB.bfO",0.928218934485062,0.928218934485062,0
"r.wcnSC.bfCA","r.bfN.wcnN",0.926299110125397,0.926299110125397,0
"r.wcnSC.bfCA","r.wcnN.bfN",0.926299110125397,0.926299110125397,0
"r.wcnSC.bfCA","r.bfO.wcnAA",0.925783762706729,0.925783762706729,0
"r.wcnSC.bfCA","r.wcnAA.bfO",0.925783762706729,0.925783762706729,0
"r.wcnSC.bfCA","r.bfCB.wcnN",0.916619271261496,0.916619271261496,0
"r.wcnSC.bfCA","r.wcnN.bfCB",0.916619271261496,0.916619271261496,0
"r.wcnSC.bfCA","r.bfO.wcnCA",0.913324773185046,0.913324773185046,0
"r.wcnSC.bfCA","r.wcnCA.bfO",0.913324773185046,0.913324773185046,0
"r.wcnSC.bfCA","r.bfC.wcnN",0.91308510559034,0.91308510559034,0
"r.wcnSC.bfCA","r.wcnN.bfC",0.91308510559034,0.91308510559034,0
"r.wcnSC.bfCA","r.bfN.wcnO",0.912327606974948,0.912327606974948,0
"r.wcnSC.bfCA","r.wcnO.bfN",0.912327606974948,0.912327606974948,0
"r.wcnSC.bfCA","r.bfCB.wcnO",0.906928256188515,0.906928256188515,0
"r.wcnSC.bfCA","r.wcnO.bfCB",0.906928256188515,0.906928256188515,0
"r.wcnSC.bfCA","r.bfSC.wcnCB",0.892520880883964,0.892520880883964,0
"r.wcnSC.bfCA","r.wcnCB.bfSC",0.892520880883964,0.892520880883964,0
"r.wcnSC.bfCA","r.bfO.wcnC",0.892359446752815,0.892359446752815,0
"r.wcnSC.bfCA","r.wcnC.bfO",0.892359446752815,0.892359446752815,0
"r.wcnSC.bfCA","r.bfAA.wcnCA",0.888595547895023,0.888595547895023,0
"r.wcnSC.bfCA","r.wcnCA.bfAA",0.888595547895023,0.888595547895023,0
"r.wcnSC.bfCA","r.bfSC.wcnAA",0.888153466735876,0.888153466735876,0
"r.wcnSC.bfCA","r.wcnAA.bfSC",0.888153466735876,0.888153466735876,0
"r.wcnSC.bfCA","r.bfSC.wcnSC",0.887424529543688,0.887424529543688,0
"r.wcnSC.bfCA","r.wcnSC.bfSC",0.887424529543688,0.887424529543688,0
"r.wcnSC.bfCA","r.bfAA.wcnCB",0.887248193800433,0.887248193800433,0
"r.wcnSC.bfCA","r.wcnCB.bfAA",0.887248193800433,0.887248193800433,0
"r.wcnSC.bfCA","r.bfSC.wcnCA",0.886952645160329,0.886952645160329,0
"r.wcnSC.bfCA","r.wcnCA.bfSC",0.886952645160329,0.886952645160329,0
"r.wcnSC.bfCA","r.bfAA.wcnAA",0.882165502271254,0.882165502271254,0
"r.wcnSC.bfCA","r.wcnAA.bfAA",0.882165502271254,0.882165502271254,0
"r.wcnSC.bfCA","r.bfO.wcnN",0.877038105905757,0.877038105905757,0
"r.wcnSC.bfCA","r.wcnN.bfO",0.877038105905757,0.877038105905757,0
"r.wcnSC.bfCA","r.bfAA.wcnSC",0.876526483890116,0.876526483890116,0
"r.wcnSC.bfCA","r.wcnSC.bfAA",0.876526483890116,0.876526483890116,0
"r.wcnSC.bfCA","r.bfAA.wcnN",0.876139041975358,0.876139041975358,0
"r.wcnSC.bfCA","r.wcnN.bfAA",0.876139041975358,0.876139041975358,0
"r.wcnSC.bfCA","r.bfO.wcnO",0.875427489997293,0.875427489997293,0
"r.wcnSC.bfCA","r.wcnO.bfO",0.875427489997293,0.875427489997293,0
"r.wcnSC.bfCA","r.bfAA.wcnC",0.867179447696583,0.867179447696583,0
"r.wcnSC.bfCA","r.wcnC.bfAA",0.867179447696583,0.867179447696583,0
"r.wcnSC.bfCA","r.bfSC.wcnN",0.861190241430952,0.861190241430952,0
"r.wcnSC.bfCA","r.wcnN.bfSC",0.861190241430952,0.861190241430952,0
"r.wcnSC.bfCA","r.bfSC.wcnC",0.854621114094193,0.854621114094193,0
"r.wcnSC.bfCA","r.wcnC.bfSC",0.854621114094193,0.854621114094193,0
"r.wcnSC.bfCA","r.asa.bfC",0.836263569780524,-0.836263569780524,0
"r.wcnSC.bfCA","r.bfC.asa",0.836263569780524,-0.836263569780524,0
"r.wcnSC.bfCA","r.asa.bfCA",0.831651520833696,-0.831651520833696,0
"r.wcnSC.bfCA","r.bfCA.asa",0.831651520833696,-0.831651520833696,0
"r.wcnSC.bfCA","r.bfAA.wcnO",0.830841866575932,0.830841866575932,0
"r.wcnSC.bfCA","r.wcnO.bfAA",0.830841866575932,0.830841866575932,0
"r.wcnSC.bfCA","r.bfC.rsa",0.821391760898667,-0.821391760898667,0
"r.wcnSC.bfCA","r.rsa.bfC",0.821391760898667,-0.821391760898667,0
"r.wcnSC.bfCA","r.asa.bfN",0.820972032157679,-0.820972032157679,0
"r.wcnSC.bfCA","r.bfN.asa",0.820972032157679,-0.820972032157679,0
"r.wcnSC.bfCA","r.bfCA.rsa",0.81363298819544,-0.81363298819544,0
"r.wcnSC.bfCA","r.rsa.bfCA",0.81363298819544,-0.81363298819544,0
"r.wcnSC.bfCA","r.bfSC.wcnO",0.809097930911159,0.809097930911159,0
"r.wcnSC.bfCA","r.wcnO.bfSC",0.809097930911159,0.809097930911159,0
"r.wcnSC.bfCA","r.bfN.rsa",0.80829448565844,-0.80829448565844,0
"r.wcnSC.bfCA","r.rsa.bfN",0.80829448565844,-0.80829448565844,0
"r.wcnSC.bfCA","r.asa.bfCB",0.780326643337365,-0.780326643337365,0
"r.wcnSC.bfCA","r.bfCB.asa",0.780326643337365,-0.780326643337365,0
"r.wcnSC.bfCA","r.bfCB.rsa",0.779015301472031,-0.779015301472031,0
"r.wcnSC.bfCA","r.rsa.bfCB",0.779015301472031,-0.779015301472031,0
"r.wcnSC.bfCA","r.asa.bfO",0.770975881740806,-0.770975881740806,0
"r.wcnSC.bfCA","r.bfO.asa",0.770975881740806,-0.770975881740806,0
"r.wcnSC.bfCA","r.bfO.rsa",0.749132601995326,-0.749132601995326,0
"r.wcnSC.bfCA","r.rsa.bfO",0.749132601995326,-0.749132601995326,0
"r.wcnSC.bfCA","r.bfC.ddgent",0.72852491425364,-0.72852491425364,0
"r.wcnSC.bfCA","r.ddgent.bfC",0.72852491425364,-0.72852491425364,0
"r.wcnSC.bfCA","r.bfCA.ddgent",0.724418278317409,-0.724418278317409,0
"r.wcnSC.bfCA","r.ddgent.bfCA",0.724418278317409,-0.724418278317409,0
"r.wcnSC.bfCA","r.bfN.ddgent",0.716643362201068,-0.716643362201068,0
"r.wcnSC.bfCA","r.ddgent.bfN",0.716643362201068,-0.716643362201068,0
"r.wcnSC.bfCA","r.bfO.ddgent",0.67671821796588,-0.67671821796588,0
"r.wcnSC.bfCA","r.ddgent.bfO",0.67671821796588,-0.67671821796588,0
"r.wcnSC.bfCA","r.bfCB.ddgent",0.669735570893178,-0.669735570893178,0
"r.wcnSC.bfCA","r.ddgent.bfCB",0.669735570893178,-0.669735570893178,0
"r.wcnSC.bfCA","r.bfSC.rsa",0.639758494539801,-0.639758494539801,0
"r.wcnSC.bfCA","r.rsa.bfSC",0.639758494539801,-0.639758494539801,0
"r.wcnSC.bfCA","r.asa.bfSC",0.601317302510177,-0.601317302510177,0
"r.wcnSC.bfCA","r.bfSC.asa",0.601317302510177,-0.601317302510177,0
"r.wcnSC.bfCA","r.bfAA.rsa",0.593053116796352,-0.593053116796352,0
"r.wcnSC.bfCA","r.rsa.bfAA",0.593053116796352,-0.593053116796352,0
"r.wcnSC.bfCA","r.asa.bfAA",0.581967559190445,-0.581967559190445,0
"r.wcnSC.bfCA","r.bfAA.asa",0.581967559190445,-0.581967559190445,0
"r.wcnSC.bfCA","r.bfAA.ddgent",0.515538656023604,-0.515538656023604,0
"r.wcnSC.bfCA","r.ddgent.bfAA",0.515538656023604,-0.515538656023604,0
"r.wcnSC.bfCA","r.bfSC.ddgent",0.507938833849509,-0.507938833849509,0
"r.wcnSC.bfCA","r.ddgent.bfSC",0.507938833849509,-0.507938833849509,0
"r.wcnSC.bfCA","r.bfC.seqent",0.457844581152938,-0.457844581152938,1.5808524312235e-12
"r.wcnSC.bfCA","r.seqent.bfC",0.457844581152938,-0.457844581152938,1.5808524312235e-12
"r.wcnSC.bfCA","r.bfCA.seqent",0.452697315971299,-0.452697315971299,3.91829180621549e-12
"r.wcnSC.bfCA","r.seqent.bfCA",0.452697315971299,-0.452697315971299,3.91829180621549e-12
"r.wcnSC.bfCA","r.bfN.seqent",0.434627869491681,-0.434627869491681,4.48078229574085e-11
"r.wcnSC.bfCA","r.seqent.bfN",0.434627869491681,-0.434627869491681,4.48078229574085e-11
"r.wcnSC.bfCA","r.bfCB.seqent",0.427862537595526,-0.427862537595526,9.88297619230216e-11
"r.wcnSC.bfCA","r.seqent.bfCB",0.427862537595526,-0.427862537595526,9.88297619230216e-11
"r.wcnSC.bfCA","r.bfO.seqent",0.412142578624631,-0.412142578624631,5.50380175578443e-10
"r.wcnSC.bfCA","r.seqent.bfO",0.412142578624631,-0.412142578624631,5.50380175578443e-10
"r.wcnSC.bfCA","r.wcnAA.wcnN",0.331066632558532,-0.331066632558532,8.91826006553834e-07
"r.wcnSC.bfCA","r.wcnN.wcnAA",0.331066632558532,-0.331066632558532,8.91826006553834e-07
"r.wcnSC.bfCA","r.asa.wcnN",0.326268313460378,0.326268313460378,1.3006240512149e-06
"r.wcnSC.bfCA","r.wcnN.asa",0.326268313460378,0.326268313460378,1.3006240512149e-06
"r.wcnSC.bfCA","r.wcnCA.wcnN",0.317573222796486,-0.317573222796486,2.53714017266355e-06
"r.wcnSC.bfCA","r.wcnN.wcnCA",0.317573222796486,-0.317573222796486,2.53714017266355e-06
"r.wcnSC.bfCA","r.rsa.wcnN",0.316536318954106,0.316536318954106,2.74393811942933e-06
"r.wcnSC.bfCA","r.wcnN.rsa",0.316536318954106,0.316536318954106,2.74393811942933e-06
"r.wcnSC.bfCA","mean.asa",0.310100064325292,0.310100064325292,4.43491759110018e-06
"r.wcnSC.bfCA","sd.wcnN",0.307956715784036,-0.307956715784036,5.19145475816612e-06
"r.wcnSC.bfCA","r.wcnN.wcnSC",0.306965758578982,-0.306965758578982,5.58137631377676e-06
"r.wcnSC.bfCA","r.wcnSC.wcnN",0.306965758578982,-0.306965758578982,5.58137631377676e-06
"r.wcnSC.bfCA","r.bfSC.seqent",0.306570865858171,-0.306570865858171,5.74439632565633e-06
"r.wcnSC.bfCA","r.seqent.bfSC",0.306570865858171,-0.306570865858171,5.74439632565633e-06
"r.wcnSC.bfCA","r.bfAA.seqent",0.301686862490407,-0.301686862490407,8.17428716946713e-06
"r.wcnSC.bfCA","r.seqent.bfAA",0.301686862490407,-0.301686862490407,8.17428716946713e-06
"r.wcnSC.bfCA","r.wcnCB.wcnN",0.300524536746134,-0.300524536746134,8.88222756566473e-06
"r.wcnSC.bfCA","r.wcnN.wcnCB",0.300524536746134,-0.300524536746134,8.88222756566473e-06
"r.wcnSC.bfCA","sd.wcnC",0.298090606768809,-0.298090606768809,1.05578491344547e-05
"r.wcnSC.bfCA","r.wcnN.wcnO",0.295808176514563,-0.295808176514563,1.23984315948184e-05
"r.wcnSC.bfCA","r.wcnO.wcnN",0.295808176514563,-0.295808176514563,1.23984315948184e-05
"r.wcnSC.bfCA","sd.wcnCA",0.29557595972591,-0.29557595972591,1.26018830496879e-05
"r.wcnSC.bfCA","sd.wcnO",0.292610538916802,-0.292610538916802,1.549480002924e-05
"r.wcnSC.bfCA","mean.ddgent",0.288238157564679,0.288238157564679,2.09303826883246e-05
"r.wcnSC.bfCA","r.wcnC.wcnN",0.287962477740717,-0.287962477740717,2.13275862914013e-05
"r.wcnSC.bfCA","r.wcnN.wcnC",0.287962477740717,-0.287962477740717,2.13275862914013e-05
"r.wcnSC.bfCA","median.ddgent",0.286469832928092,0.286469832928092,2.36050926548271e-05
"r.wcnSC.bfCA","sd.bfSC",0.286081149212326,0.286081149212326,2.42348647518822e-05
"r.wcnSC.bfCA","sd.wcnCB",0.281651645013796,-0.281651645013796,3.26294852679739e-05
"r.wcnSC.bfCA","r.bfCA.bfSC",0.280284422103065,-0.280284422103065,3.57319407777838e-05
"r.wcnSC.bfCA","r.bfSC.bfCA",0.280284422103065,-0.280284422103065,3.57319407777838e-05
"r.wcnSC.bfCA","r.wcnAA.wcnCA",0.279221440439498,-0.279221440439498,3.83343127210792e-05
"r.wcnSC.bfCA","r.wcnCA.wcnAA",0.279221440439498,-0.279221440439498,3.83343127210792e-05
"r.wcnSC.bfCA","sd.bfO",0.276741563824846,0.276741563824846,4.51178698526077e-05
"r.wcnSC.bfCA","r.bfN.bfSC",0.275673614957245,-0.275673614957245,4.83749879434868e-05
"r.wcnSC.bfCA","r.bfSC.bfN",0.275673614957245,-0.275673614957245,4.83749879434868e-05
"r.wcnSC.bfCA","r.wcnAA.wcnC",0.274241818394053,-0.274241818394053,5.30906274247601e-05
"r.wcnSC.bfCA","r.wcnC.wcnAA",0.274241818394053,-0.274241818394053,5.30906274247601e-05
"r.wcnSC.bfCA","r.wcnC.wcnO",0.271016861174098,-0.271016861174098,6.53456851828246e-05
"r.wcnSC.bfCA","r.wcnO.wcnC",0.271016861174098,-0.271016861174098,6.53456851828246e-05
"r.wcnSC.bfCA","sd.bfCB",0.269907932873205,0.269907932873205,7.01423685030329e-05
"r.wcnSC.bfCA","mean.bfSC",0.269763883956179,0.269763883956179,7.07892212548965e-05
"r.wcnSC.bfCA","mean.rsa",0.269201348099175,0.269201348099175,7.33694276826187e-05
"r.wcnSC.bfCA","sd.asa",0.268836258602576,0.268836258602576,7.5091051236431e-05
"r.wcnSC.bfCA","sd.bfAA",0.265769010110744,0.265769010110744,9.11310760201773e-05
"r.wcnSC.bfCA","r.wcnAA.wcnO",0.263903824995467,-0.263903824995467,0.000102403751738425
"r.wcnSC.bfCA","r.wcnO.wcnAA",0.263903824995467,-0.263903824995467,0.000102403751738425
"r.wcnSC.bfCA","mean.bfAA",0.261957922814616,0.261957922814616,0.000115550783848877
"r.wcnSC.bfCA","sd.wcnAA",0.260415605961638,-0.260415605961638,0.000127078551622613
"r.wcnSC.bfCA","r.bfCB.bfSC",0.259285567043595,-0.259285567043595,0.000136199722627729
"r.wcnSC.bfCA","r.bfSC.bfCB",0.259285567043595,-0.259285567043595,0.000136199722627729
"r.wcnSC.bfCA","mean.bfO",0.259014854423668,0.259014854423668,0.000138474061711541
"r.wcnSC.bfCA","sd.bfC",0.25768612734421,0.25768612734421,0.000150162137530946
"r.wcnSC.bfCA","r.wcnCB.wcnSC",0.257258947797169,-0.257258947797169,0.000154111841791104
"r.wcnSC.bfCA","r.wcnSC.wcnCB",0.257258947797169,-0.257258947797169,0.000154111841791104
"r.wcnSC.bfCA","r.bfAA.bfN",0.254377969456662,-0.254377969456662,0.00018339714979983
"r.wcnSC.bfCA","r.bfN.bfAA",0.254377969456662,-0.254377969456662,0.00018339714979983
"r.wcnSC.bfCA","r.wcnC.wcnCA",0.252290501960804,-0.252290501960804,0.000207782529408925
"r.wcnSC.bfCA","r.wcnCA.wcnC",0.252290501960804,-0.252290501960804,0.000207782529408925
"r.wcnSC.bfCA","mean.bfC",0.252234620915406,0.252234620915406,0.000208475148792822
"r.wcnSC.bfCA","sd.wcnSC",0.252003645927762,-0.252003645927762,0.000211360914608345
"r.wcnSC.bfCA","sd.bfCA",0.249168614224582,0.249168614224582,0.000249956850226422
"r.wcnSC.bfCA","r.wcnCA.wcnSC",0.247605186754454,-0.247605186754454,0.000273959160982385
"r.wcnSC.bfCA","r.wcnSC.wcnCA",0.247605186754454,-0.247605186754454,0.000273959160982385
"r.wcnSC.bfCA","r.bfAA.bfCA",0.247154412988245,-0.247154412988245,0.000281268597089631
"r.wcnSC.bfCA","r.bfCA.bfAA",0.247154412988245,-0.247154412988245,0.000281268597089631
"r.wcnSC.bfCA","r.wcnCA.wcnCB",0.247011605872229,-0.247011605872229,0.000283621899018645
"r.wcnSC.bfCA","r.wcnCB.wcnCA",0.247011605872229,-0.247011605872229,0.000283621899018645
"r.wcnSC.bfCA","median.rsa",0.246407978411317,0.246407978411317,0.000282112631434299
"r.wcnSC.bfCA","median.bfO",0.243976326276358,0.243976326276358,0.000325350576637809
"r.wcnSC.bfCA","median.asa",0.243585379762575,0.243585379762575,0.000332851366855738
"r.wcnSC.bfCA","r.bfO.bfSC",0.242482757592992,-0.242482757592992,0.000368492776790651
"r.wcnSC.bfCA","r.bfSC.bfO",0.242482757592992,-0.242482757592992,0.000368492776790651
"r.wcnSC.bfCA","r.wcnCA.wcnO",0.241966168373315,-0.241966168373315,0.000379547611916546
"r.wcnSC.bfCA","r.wcnO.wcnCA",0.241966168373315,-0.241966168373315,0.000379547611916546
"r.wcnSC.bfCA","r.bfC.bfSC",0.241712840967512,-0.241712840967512,0.000385080659022671
"r.wcnSC.bfCA","r.bfSC.bfC",0.241712840967512,-0.241712840967512,0.000385080659022671
"r.wcnSC.bfCA","r.bfC.hbe_mean",0.240670969921096,-0.240670969921096,0.000408634137459116
"r.wcnSC.bfCA","r.hbe_mean.bfC",0.240670969921096,-0.240670969921096,0.000408634137459116
"r.wcnSC.bfCA","sd.bfN",0.240439994933452,0.240439994933452,0.000414033838756366
"r.wcnSC.bfCA","r.bfCA.hbe_mean",0.240154380701419,-0.240154380701419,0.000420802519455815
"r.wcnSC.bfCA","r.hbe_mean.bfCA",0.240154380701419,-0.240154380701419,0.000420802519455815
"r.wcnSC.bfCA","median.bfAA",0.236530805357626,0.236530805357626,0.000516083948446975
"r.wcnSC.bfCA","r.bfCB.hbe_mean",0.236514661944511,-0.236514661944511,0.000516549968566332
"r.wcnSC.bfCA","r.hbe_mean.bfCB",0.236514661944511,-0.236514661944511,0.000516549968566332
"r.wcnSC.bfCA","r.wcnC.wcnSC",0.236149572447913,-0.236149572447913,0.000527193914970802
"r.wcnSC.bfCA","r.wcnSC.wcnC",0.236149572447913,-0.236149572447913,0.000527193914970802
"r.wcnSC.bfCA","median.bfSC",0.235502594122307,0.235502594122307,0.000546556848812722
"r.wcnSC.bfCA","sd.ddgent",0.235151164436806,-0.235151164436806,0.000557348627434185
"r.wcnSC.bfCA","r.hpskd.rsa",0.234735161098845,-0.234735161098845,0.000570378323646349
"r.wcnSC.bfCA","r.rsa.hpskd",0.234735161098845,-0.234735161098845,0.000570378323646349
"r.wcnSC.bfCA","r.wcnO.wcnSC",0.234453272269838,-0.234453272269838,0.000579367113213983
"r.wcnSC.bfCA","r.wcnSC.wcnO",0.234453272269838,-0.234453272269838,0.000579367113213983
"r.wcnSC.bfCA","sd.hpskd",0.232760697494791,0.232760697494791,0.000636155801257245
"r.wcnSC.bfCA","r.wcnCB.wcnO",0.232363321171962,-0.232363321171962,0.000650214518632407
"r.wcnSC.bfCA","r.wcnO.wcnCB",0.232363321171962,-0.232363321171962,0.000650214518632407
"r.wcnSC.bfCA","r.asa.hpskd",0.231932416221895,-0.231932416221895,0.000665783791032269
"r.wcnSC.bfCA","r.hpskd.asa",0.231932416221895,-0.231932416221895,0.000665783791032269
"r.wcnSC.bfCA","median.bfC",0.231655782267487,0.231655782267487,0.000655656340200705
"r.wcnSC.bfCA","r.wcnC.wcnCB",0.230987405654168,-0.230987405654168,0.000701142826374958
"r.wcnSC.bfCA","r.wcnCB.wcnC",0.230987405654168,-0.230987405654168,0.000701142826374958
"r.wcnSC.bfCA","r.hpsww.wcnSC",0.230475783638527,0.230475783638527,0.000721002354294081
"r.wcnSC.bfCA","r.wcnSC.hpsww",0.230475783638527,0.230475783638527,0.000721002354294081
"r.wcnSC.bfCA","mean.bfN",0.230174025993379,0.230174025993379,0.000732957962252217
"r.wcnSC.bfCA","mean.wcnAA",0.229200454002449,-0.229200454002449,0.000772790543644456
"r.wcnSC.bfCA","sum.GSS",0.228623950690453,-0.228623950690453,0.000774764304187005
"r.wcnSC.bfCA","r.bfAA.bfSC",0.228620532931321,-0.228620532931321,0.00079745749202189
"r.wcnSC.bfCA","r.bfSC.bfAA",0.228620532931321,-0.228620532931321,0.00079745749202189
"r.wcnSC.bfCA","r.wcnAA.wcnCB",0.228495111029428,-0.228495111029428,0.000802886996487313
"r.wcnSC.bfCA","r.wcnCB.wcnAA",0.228495111029428,-0.228495111029428,0.000802886996487313
"r.wcnSC.bfCA","r.hpsww.rsa",0.227376248320464,-0.227376248320464,0.000852854058603393
"r.wcnSC.bfCA","r.rsa.hpsww",0.227376248320464,-0.227376248320464,0.000852854058603393
"r.wcnSC.bfCA","r.bfAA.bfO",0.22687828611592,-0.22687828611592,0.00087600167029495
"r.wcnSC.bfCA","r.bfO.bfAA",0.22687828611592,-0.22687828611592,0.00087600167029495
"r.wcnSC.bfCA","mean.wcnSC",0.22495225275121,-0.22495225275121,0.000971092181474196
"r.wcnSC.bfCA","mean.bfCB",0.224782126012999,0.224782126012999,0.000979932839626379
"r.wcnSC.bfCA","mean.bfCA",0.22423573356911,0.22423573356911,0.00100882986311428
"r.wcnSC.bfCA","mean.wcnCA",0.223439739122444,-0.223439739122444,0.00105233323696579
"r.wcnSC.bfCA","sum.seqent",0.222606490645513,-0.222606490645513,0.00109971645870474
"r.wcnSC.bfCA","r.bfN.hbe_mean",0.221800561790776,-0.221800561790776,0.00114740526605649
"r.wcnSC.bfCA","r.hbe_mean.bfN",0.221800561790776,-0.221800561790776,0.00114740526605649
"r.wcnSC.bfCA","mean.wcnO",0.221488869737558,-0.221488869737558,0.00116635316852483
"r.wcnSC.bfCA","median.wcnAA",0.22120822270956,-0.22120822270956,0.00118365940794863
"r.wcnSC.bfCA","mean.seqent",0.220586080404132,-0.220586080404132,0.00122286855174231
"r.wcnSC.bfCA","median.wcnSC",0.21982858178874,-0.21982858178874,0.00127221752661997
"r.wcnSC.bfCA","r.asa.sizeAA",0.219695709080794,0.219695709080794,0.00128105999440641
"r.wcnSC.bfCA","r.asa.sizeSC",0.219695709080794,0.219695709080794,0.00128105999440641
"r.wcnSC.bfCA","r.sizeAA.asa",0.219695709080794,0.219695709080794,0.00128105999440641
"r.wcnSC.bfCA","r.sizeSC.asa",0.219695709080794,0.219695709080794,0.00128105999440641
"r.wcnSC.bfCA","r.bfAA.bfC",0.219341795793275,-0.219341795793275,0.00130488833878807
"r.wcnSC.bfCA","r.bfC.bfAA",0.219341795793275,-0.219341795793275,0.00130488833878807
"r.wcnSC.bfCA","r.ddgent.wcnN",0.219311992569063,0.219311992569063,0.00130691339138653
"r.wcnSC.bfCA","r.wcnN.ddgent",0.219311992569063,0.219311992569063,0.00130691339138653
"r.wcnSC.bfCA","mean.wcnC",0.218960562883561,-0.218960562883561,0.00133101062704342
"r.wcnSC.bfCA","mean.wcnCB",0.218761874722147,-0.218761874722147,0.0013448142376978
"r.wcnSC.bfCA","r.hpshh.rsa",0.218575604570821,0.218575604570821,0.00135787427622864
"r.wcnSC.bfCA","r.rsa.hpshh",0.218575604570821,0.218575604570821,0.00135787427622864
"r.wcnSC.bfCA","r.hpskd.wcnSC",0.216765058699934,0.216765058699934,0.00149101661660659
"r.wcnSC.bfCA","r.wcnSC.hpskd",0.216765058699934,0.216765058699934,0.00149101661660659
"r.wcnSC.bfCA","median.seqent",0.215228950852,-0.215228950852,0.00161324465379102
"r.wcnSC.bfCA","r.asa.hpsww",0.214892422778604,-0.214892422778604,0.00164121811811268
"r.wcnSC.bfCA","r.hpsww.asa",0.214892422778604,-0.214892422778604,0.00164121811811268
"r.wcnSC.bfCA","mean.wcnN",0.214213157626769,-0.214213157626769,0.00169903784930416
"r.wcnSC.bfCA","median.wcnCB",0.214047998092594,-0.214047998092594,0.00171337514411924
"r.wcnSC.bfCA","median.bfN",0.212725744181388,0.212725744181388,0.00179520636476024
"r.wcnSC.bfCA","median.wcnO",0.212303267675175,-0.212303267675175,0.00187173672837307
"r.wcnSC.bfCA","median.wcnCA",0.211352048102404,-0.211352048102404,0.00196360141249543
"r.wcnSC.bfCA","median.wcnC",0.209506731803269,-0.209506731803269,0.00215364659493882
"r.wcnSC.bfCA","sum.TSS",0.209121317215784,-0.209121317215784,0.00215453286490656
"r.wcnSC.bfCA","r.bfAA.bfCB",0.209019945807804,-0.209019945807804,0.00220650073772305
"r.wcnSC.bfCA","r.bfCB.bfAA",0.209019945807804,-0.209019945807804,0.00220650073772305
"r.wcnSC.bfCA","r.hpsww.wcnAA",0.20899262618561,0.20899262618561,0.00220950178736474
"r.wcnSC.bfCA","r.wcnAA.hpsww",0.20899262618561,0.20899262618561,0.00220950178736474
"r.wcnSC.bfCA","r.hpskd.wcnAA",0.208555512230498,0.208555512230498,0.00225802724576039
"r.wcnSC.bfCA","r.wcnAA.hpskd",0.208555512230498,0.208555512230498,0.00225802724576039
"r.wcnSC.bfCA","r.hpshh.wcnSC",0.206831892430229,-0.206831892430229,0.00245898179242098
"r.wcnSC.bfCA","r.wcnSC.hpshh",0.206831892430229,-0.206831892430229,0.00245898179242098
"r.wcnSC.bfCA","r.asa.hpshh",0.20645686852556,0.20645686852556,0.00250480578475709
"r.wcnSC.bfCA","r.hpshh.asa",0.20645686852556,0.20645686852556,0.00250480578475709
"r.wcnSC.bfCA","median.wcnN",0.20022054385917,-0.20022054385917,0.00338976095422266
"r.wcnSC.bfCA","r.sizeAA.wcnAA",0.199593434349706,-0.199593434349706,0.00349284265210788
"r.wcnSC.bfCA","r.sizeSC.wcnAA",0.199593434349706,-0.199593434349706,0.00349284265210788
"r.wcnSC.bfCA","r.wcnAA.sizeAA",0.199593434349706,-0.199593434349706,0.00349284265210788
"r.wcnSC.bfCA","r.wcnAA.sizeSC",0.199593434349706,-0.199593434349706,0.00349284265210788
"r.wcnSC.bfCA","r.bfCB.bfN",0.197273750065195,-0.197273750065195,0.00389926115178127
"r.wcnSC.bfCA","r.bfN.bfCB",0.197273750065195,-0.197273750065195,0.00389926115178127
"r.wcnSC.bfCA","r.hpsww.wcnCB",0.196580825102262,0.196580825102262,0.0040286928436256
"r.wcnSC.bfCA","r.wcnCB.hpsww",0.196580825102262,0.196580825102262,0.0040286928436256
"r.wcnSC.bfCA","r.bfSC.hbe_mean",0.196482722822564,-0.196482722822564,0.00404732753610313
"r.wcnSC.bfCA","r.hbe_mean.bfSC",0.196482722822564,-0.196482722822564,0.00404732753610313
"r.wcnSC.bfCA","r.bfCB.bfO",0.195829535491915,-0.195829535491915,0.00417339808123553
"r.wcnSC.bfCA","r.bfO.bfCB",0.195829535491915,-0.195829535491915,0.00417339808123553
"r.wcnSC.bfCA","mean.TSS",0.193166352076892,-0.193166352076892,0.00466533259018521
"r.wcnSC.bfCA","median.bfCB",0.191114713719638,0.191114713719638,0.00513155611486608
"r.wcnSC.bfCA","r.bfC.hpsww",0.190914487098929,0.190914487098929,0.00524149410872524
"r.wcnSC.bfCA","r.hpsww.bfC",0.190914487098929,0.190914487098929,0.00524149410872524
"r.wcnSC.bfCA","r.ddgent.hpshh",0.189365961240907,0.189365961240907,0.00562561896794031
"r.wcnSC.bfCA","r.hpshh.ddgent",0.189365961240907,0.189365961240907,0.00562561896794031
"r.wcnSC.bfCA","median.bfCA",0.188184621268994,0.188184621268994,0.00586993321447188
"r.wcnSC.bfCA","sum.hpskd",0.186888800307118,0.186888800307118,0.0062257794993381
"r.wcnSC.bfCA","sd.hpshh",0.184540322520558,0.184540322520558,0.00698984702924411
"r.wcnSC.bfCA","r.hpshh.wcnAA",0.183450021234797,-0.183450021234797,0.00733629054774024
"r.wcnSC.bfCA","r.wcnAA.hpshh",0.183450021234797,-0.183450021234797,0.00733629054774024
"r.wcnSC.bfCA","r.asa.wcnC",0.181640717164919,0.181640717164919,0.00794510055609176
"r.wcnSC.bfCA","r.wcnC.asa",0.181640717164919,0.181640717164919,0.00794510055609176
"r.wcnSC.bfCA","r.hpskd.wcnCB",0.181526471472105,0.181526471472105,0.00798501164492042
"r.wcnSC.bfCA","r.wcnCB.hpskd",0.181526471472105,0.181526471472105,0.00798501164492042
"r.wcnSC.bfCA","r.sizeAA.wcnSC",0.180993738839313,-0.180993738839313,0.00817348586966636
"r.wcnSC.bfCA","r.sizeSC.wcnSC",0.180993738839313,-0.180993738839313,0.00817348586966636
"r.wcnSC.bfCA","r.wcnSC.sizeAA",0.180993738839313,-0.180993738839313,0.00817348586966636
"r.wcnSC.bfCA","r.wcnSC.sizeSC",0.180993738839313,-0.180993738839313,0.00817348586966636
"r.wcnSC.bfCA","r.bfC.hpshh",0.180800017881935,-0.180800017881935,0.00824299747533369
"r.wcnSC.bfCA","r.hpshh.bfC",0.180800017881935,-0.180800017881935,0.00824299747533369
"r.wcnSC.bfCA","r.bfCA.hpshh",0.18018408458155,-0.18018408458155,0.00846751720816819
"r.wcnSC.bfCA","r.hpshh.bfCA",0.18018408458155,-0.18018408458155,0.00846751720816819
"r.wcnSC.bfCA","r.bfO.hbe_mean",0.180113301924046,-0.180113301924046,0.0084936641684281
"r.wcnSC.bfCA","r.hbe_mean.bfO",0.180113301924046,-0.180113301924046,0.0084936641684281
"r.wcnSC.bfCA","sum.LSS",0.179822083797209,-0.179822083797209,0.00852717197118344
"r.wcnSC.bfCA","r.bfCA.hpsww",0.177837080674844,0.177837080674844,0.00937370100838779
"r.wcnSC.bfCA","r.hpsww.bfCA",0.177837080674844,0.177837080674844,0.00937370100838779
"r.wcnSC.bfCA","r.asa.rsa",0.177709175170934,-0.177709175170934,0.00942547025097124
"r.wcnSC.bfCA","r.rsa.asa",0.177709175170934,-0.177709175170934,0.00942547025097124
"r.wcnSC.bfCA","r.rsa.sizeAA",0.177354020082406,0.177354020082406,0.00957055015868561
"r.wcnSC.bfCA","r.rsa.sizeSC",0.177354020082406,0.177354020082406,0.00957055015868561
"r.wcnSC.bfCA","r.sizeAA.rsa",0.177354020082406,0.177354020082406,0.00957055015868561
"r.wcnSC.bfCA","r.sizeSC.rsa",0.177354020082406,0.177354020082406,0.00957055015868561
"r.wcnSC.bfCA","r.bfO.hpshh",0.177326700460211,-0.177326700460211,0.00958179174253022
"r.wcnSC.bfCA","r.hpshh.bfO",0.177326700460211,-0.177326700460211,0.00958179174253022
"r.wcnSC.bfCA","r.wcnAA.wcnSC",0.176977754376728,-0.176977754376728,0.00972641072473756
"r.wcnSC.bfCA","r.wcnSC.wcnAA",0.176977754376728,-0.176977754376728,0.00972641072473756
"r.wcnSC.bfCA","sum.wcnAA",0.176401558708626,-0.176401558708626,0.00996945039700424
"r.wcnSC.bfCA","sum.wcnSC",0.175590662649854,-0.175590662649854,0.0103205969736407
"r.wcnSC.bfCA","r.bfN.hpsww",0.175175901112902,0.175175901112902,0.0105044002251465
"r.wcnSC.bfCA","r.hpsww.bfN",0.175175901112902,0.175175901112902,0.0105044002251465
"r.wcnSC.bfCA","r.bfN.bfO",0.174866692661701,-0.174866692661701,0.0106433055195951
"r.wcnSC.bfCA","r.bfO.bfN",0.174866692661701,-0.174866692661701,0.0106433055195951
"r.wcnSC.bfCA","sum.BSS",0.174705466680945,-0.174705466680945,0.0106366664661685
"r.wcnSC.bfCA","r.ddgent.hpskd",0.174680422510375,-0.174680422510375,0.0107277652662206
"r.wcnSC.bfCA","r.hpskd.ddgent",0.174680422510375,-0.174680422510375,0.0107277652662206
"r.wcnSC.bfCA","sum.wcnCA",0.173544174587287,-0.173544174587287,0.0112559202023505
"r.wcnSC.bfCA","sum.wcnO",0.173377773252103,-0.173377773252103,0.0113351648641259
"r.wcnSC.bfCA","sum.wcnCB",0.173002749347434,-0.173002749347434,0.0115155696329308
"r.wcnSC.bfCA","sum.wcnC",0.171306449169359,-0.171306449169359,0.0123636046347823
"r.wcnSC.bfCA","mean.sizeAA",0.170847815855715,0.170847815855715,0.0125193708696925
"r.wcnSC.bfCA","mean.sizeSC",0.170847815855715,0.170847815855715,0.0125193708696925
"r.wcnSC.bfCA","r.hpshh.wcnCB",0.169206563663412,-0.169206563663412,0.0134892666723329
"r.wcnSC.bfCA","r.wcnCB.hpshh",0.169206563663412,-0.169206563663412,0.0134892666723329
"r.wcnSC.bfCA","r.bfCA.bfCB",0.168175868826076,-0.168175868826076,0.0140740235907329
"r.wcnSC.bfCA","r.bfCB.bfCA",0.168175868826076,-0.168175868826076,0.0140740235907329
"r.wcnSC.bfCA","sum.wcnN",0.167970971659617,-0.167970971659617,0.0141928859995209
"r.wcnSC.bfCA","r.bfO.hpsww",0.16779711951838,0.16779711951838,0.014294428818062
"r.wcnSC.bfCA","r.hpsww.bfO",0.16779711951838,0.16779711951838,0.014294428818062
"r.wcnSC.bfCA","r.asa.wcnO",0.167341378548136,0.167341378548136,0.0145636472045938
"r.wcnSC.bfCA","r.wcnO.asa",0.167341378548136,0.167341378548136,0.0145636472045938
"r.wcnSC.bfCA","r.bfN.hpshh",0.167124063371589,-0.167124063371589,0.0146935792407622
"r.wcnSC.bfCA","r.hpshh.bfN",0.167124063371589,-0.167124063371589,0.0146935792407622
"r.wcnSC.bfCA","r.hpshh.hpsww",0.164358572524904,-0.164358572524904,0.0164379653849058
"r.wcnSC.bfCA","r.hpsww.hpshh",0.164358572524904,-0.164358572524904,0.0164379653849058
"r.wcnSC.bfCA","r.bfCA.bfO",0.164146275511653,-0.164146275511653,0.0164926986650136
"r.wcnSC.bfCA","r.bfO.bfCA",0.164146275511653,-0.164146275511653,0.0164926986650136
"r.wcnSC.bfCA","sd.hpsww",0.164099036114057,0.164099036114057,0.0166106027185579
"r.wcnSC.bfCA","r.bfC.bfCB",0.163479377410646,-0.163479377410646,0.0170292019317852
"r.wcnSC.bfCA","r.bfCB.bfC",0.163479377410646,-0.163479377410646,0.0170292019317852
"r.wcnSC.bfCA","r.rsa.wcnC",0.161422954940009,0.161422954940009,0.0184850498014636
"r.wcnSC.bfCA","r.wcnC.rsa",0.161422954940009,0.161422954940009,0.0184850498014636
"r.wcnSC.bfCA","r.hpsww.wcnCA",0.160157559712002,0.160157559712002,0.0194337443989772
"r.wcnSC.bfCA","r.wcnCA.hpsww",0.160157559712002,0.160157559712002,0.0194337443989772
"r.wcnSC.bfCA","r.ddgent.hpsww",0.158631386272138,-0.158631386272138,0.0206339955931007
"r.wcnSC.bfCA","r.hpsww.ddgent",0.158631386272138,-0.158631386272138,0.0206339955931007
"r.wcnSC.bfCA","nres",0.156608477265492,-0.156608477265492,0.0222366213311023
"r.wcnSC.bfCA","r.bfC.bfO",0.155442489538607,-0.155442489538607,0.0232641456649986
"r.wcnSC.bfCA","r.bfO.bfC",0.155442489538607,-0.155442489538607,0.0232641456649986
"r.wcnSC.bfCA","sum.betas",0.155261658146243,-0.155261658146243,0.02342711399378
"r.wcnSC.bfCA","sum.hpshh",0.154923368459745,-0.154923368459745,0.0238211687262472
"r.wcnSC.bfCA","r.bfC.hpskd",0.15477807774171,0.15477807774171,0.0239542551322605
"r.wcnSC.bfCA","r.hpskd.bfC",0.15477807774171,0.15477807774171,0.0239542551322605
"r.wcnSC.bfCA","mean.HSS",0.154222898455069,0.154222898455069,0.0243824457071746
"r.wcnSC.bfCA","sum.hbe_mean",0.151659388673431,0.151659388673431,0.0268846236702003
"r.wcnSC.bfCA","sum.nhbon",0.151295442342402,-0.151295442342402,0.0272571215727634
"r.wcnSC.bfCA","r.bfAA.hbe_mean",0.150706212233727,-0.150706212233727,0.0279538693939231
"r.wcnSC.bfCA","r.hbe_mean.bfAA",0.150706212233727,-0.150706212233727,0.0279538693939231
"r.wcnSC.bfCA","r.bfC.bfN",0.150362233354278,-0.150362233354278,0.0283165642266557
"r.wcnSC.bfCA","r.bfN.bfC",0.150362233354278,-0.150362233354278,0.0283165642266557
"r.wcnSC.bfCA","sum.ESS",0.149935637614264,-0.149935637614264,0.0286882565021581
"r.wcnSC.bfCA","sum.sizeAA",0.149605494974647,-0.149605494974647,0.0290452539367438
"r.wcnSC.bfCA","natoms",0.149605494974647,-0.149605494974647,0.0290452539367438
"r.wcnSC.bfCA","sd.seqent",0.14945075141379,0.14945075141379,0.0292971967552803
"r.wcnSC.bfCA","r.rsa.wcnO",0.148962723617317,0.148962723617317,0.0298340932064856
"r.wcnSC.bfCA","r.wcnO.rsa",0.148962723617317,0.148962723617317,0.0298340932064856
"r.wcnSC.bfCA","r.asa.wcnCA",0.143419323913859,0.143419323913859,0.036546645899081
"r.wcnSC.bfCA","r.wcnCA.asa",0.143419323913859,0.143419323913859,0.036546645899081
"r.wcnSC.bfCA","sum.ddgent",0.143413114908815,-0.143413114908815,0.0365548287368161
"r.wcnSC.bfCA","r.bfCA.bfN",0.143352266659381,-0.143352266659381,0.0366351027385746
"r.wcnSC.bfCA","r.bfN.bfCA",0.143352266659381,-0.143352266659381,0.0366351027385746
"r.wcnSC.bfCA","r.bfO.hpskd",0.143103906457614,0.143103906457614,0.0369643024502889
"r.wcnSC.bfCA","r.hpskd.bfO",0.143103906457614,0.143103906457614,0.0369643024502889
"r.wcnSC.bfCA","r.hpskd.wcnCA",0.142526468988503,0.142526468988503,0.0377393872847898
"r.wcnSC.bfCA","r.wcnCA.hpskd",0.142526468988503,0.142526468988503,0.0377393872847898
"r.wcnSC.bfCA","nchain",0.141478463901255,0.141478463901255,0.039108019643892
"r.wcnSC.bfCA","r.sizeAA.wcnCB",0.13927791754938,-0.13927791754938,0.0423606402056588
"r.wcnSC.bfCA","r.sizeSC.wcnCB",0.13927791754938,-0.13927791754938,0.0423606402056588
"r.wcnSC.bfCA","r.wcnCB.sizeAA",0.13927791754938,-0.13927791754938,0.0423606402056588
"r.wcnSC.bfCA","r.wcnCB.sizeSC",0.13927791754938,-0.13927791754938,0.0423606402056588
"r.wcnSC.bfCA","median.sizeAA",0.138225395762501,0.138225395762501,0.0438893734406976
"r.wcnSC.bfCA","median.sizeSC",0.138225395762501,0.138225395762501,0.0438893734406976
"r.wcnSC.bfCA","r.bfCA.hpskd",0.137659850834863,0.137659850834863,0.0448345863074963
"r.wcnSC.bfCA","r.hpskd.bfCA",0.137659850834863,0.137659850834863,0.0448345863074963
"r.wcnSC.bfCA","sum.sizeSC",0.135932391134948,-0.135932391134948,0.0475464017014271
"r.wcnSC.bfCA","r.hpshh.wcnCA",0.135915120417444,-0.135915120417444,0.0476368551802717
"r.wcnSC.bfCA","r.wcnCA.hpshh",0.135915120417444,-0.135915120417444,0.0476368551802717
"r.wcnSC.bfCA","sd.sizeAA",0.135576108742031,-0.135576108742031,0.048198004366602
"r.wcnSC.bfCA","sd.sizeSC",0.135576108742031,-0.135576108742031,0.048198004366602
"r.wcnSC.bfCA","r.bfN.hpskd",0.135117884169769,0.135117884169769,0.0489652488838093
"r.wcnSC.bfCA","r.hpskd.bfN",0.135117884169769,0.135117884169769,0.0489652488838093
"r.wcnSC.bfCA","r.bfCB.hpsww",0.13392948060431,0.13392948060431,0.0510027248506259
"r.wcnSC.bfCA","r.hpsww.bfCB",0.13392948060431,0.13392948060431,0.0510027248506259
"r.wcnSC.bfCA","mean.helix",0.132936784508576,0.132936784508576,0.0527039226797117
"r.wcnSC.bfCA","r.asa.hbe_mean",0.132579642907702,-0.132579642907702,0.0534021309469751
"r.wcnSC.bfCA","r.hbe_mean.asa",0.132579642907702,-0.132579642907702,0.0534021309469751
"r.wcnSC.bfCA","sum.SSS",0.12828206663079,-0.12828206663079,0.0616329247227429
"r.wcnSC.bfCA","mean.GSS",0.12826828691171,-0.12826828691171,0.0616610973106873
"r.wcnSC.bfCA","mean.hpsww",0.126491092561364,-0.126491092561364,0.0654186340462507
"r.wcnSC.bfCA","r.rsa.wcnCA",0.124049711777986,0.124049711777986,0.0708224157986875
"r.wcnSC.bfCA","r.wcnCA.rsa",0.124049711777986,0.124049711777986,0.0708224157986875
"r.wcnSC.bfCA","sd.rsa",0.122981762910384,0.122981762910384,0.0732980441443206
"r.wcnSC.bfCA","r.sizeAA.wcnO",0.12290104584481,-0.12290104584481,0.0734879821569993
"r.wcnSC.bfCA","r.sizeSC.wcnO",0.12290104584481,-0.12290104584481,0.0734879821569993
"r.wcnSC.bfCA","r.wcnO.sizeAA",0.12290104584481,-0.12290104584481,0.0734879821569993
"r.wcnSC.bfCA","r.wcnO.sizeSC",0.12290104584481,-0.12290104584481,0.0734879821569993
"r.wcnSC.bfCA","mean.betas",0.120679030263814,-0.120679030263814,0.0788638756383571
"r.wcnSC.bfCA","sum.rsa",0.118733561659145,-0.118733561659145,0.0838514768346604
"r.wcnSC.bfCA","sum.hbdif",0.117853169027658,-0.117853169027658,0.0861851388397658
"r.wcnSC.bfCA","r.hpskd.wcnO",0.115956894603381,0.115956894603381,0.0913874802160752
"r.wcnSC.bfCA","r.wcnO.hpskd",0.115956894603381,0.115956894603381,0.0913874802160752
"r.wcnSC.bfCA","mean.ESS",0.115837211976755,-0.115837211976755,0.0917338601048045
"r.wcnSC.bfCA","r.hpsww.wcnO",0.115825263696444,0.115825263696444,0.0917577560711926
"r.wcnSC.bfCA","r.wcnO.hpsww",0.115825263696444,0.115825263696444,0.0917577560711926
"r.wcnSC.bfCA","r.sizeAA.wcnCA",0.115585596101738,-0.115585596101738,0.0924350157835838
"r.wcnSC.bfCA","r.sizeSC.wcnCA",0.115585596101738,-0.115585596101738,0.0924350157835838
"r.wcnSC.bfCA","r.wcnCA.sizeAA",0.115585596101738,-0.115585596101738,0.0924350157835838
"r.wcnSC.bfCA","r.wcnCA.sizeSC",0.115585596101738,-0.115585596101738,0.0924350157835838
"r.wcnSC.bfCA","r.hpsww.wcnC",0.112257569398049,0.112257569398049,0.102258103205124
"r.wcnSC.bfCA","r.wcnC.hpsww",0.112257569398049,0.112257569398049,0.102258103205124
"r.wcnSC.bfCA","r.hpshh.sizeAA",0.111569611639152,0.111569611639152,0.104388229308331
"r.wcnSC.bfCA","r.hpshh.sizeSC",0.111569611639152,0.111569611639152,0.104388229308331
"r.wcnSC.bfCA","r.sizeAA.hpshh",0.111569611639152,0.111569611639152,0.104388229308331
"r.wcnSC.bfCA","r.sizeSC.hpshh",0.111569611639152,0.111569611639152,0.104388229308331
"r.wcnSC.bfCA","r.hpskd.wcnC",0.109986315352883,0.109986315352883,0.109423745246834
"r.wcnSC.bfCA","r.wcnC.hpskd",0.109986315352883,0.109986315352883,0.109423745246834
"r.wcnSC.bfCA","median.hpshh",0.10988469817105,-0.10988469817105,0.109793138711387
"r.wcnSC.bfCA","mean.hbdif",0.108968727084898,0.108968727084898,0.112804333853938
"r.wcnSC.bfCA","r.bfCB.hpshh",0.107554868977576,-0.107554868977576,0.117526264780726
"r.wcnSC.bfCA","r.hpshh.bfCB",0.107554868977576,-0.107554868977576,0.117526264780726
"r.wcnSC.bfCA","sum.nhbas",0.105873898369087,-0.105873898369087,0.123458304812296
"r.wcnSC.bfCA","r.seqent.wcnSC",0.102555378115989,-0.102555378115989,0.135650909399572
"r.wcnSC.bfCA","r.wcnSC.seqent",0.102555378115989,-0.102555378115989,0.135650909399572
"r.wcnSC.bfCA","r.hbe_mean.rsa",0.101060249701347,-0.101060249701347,0.141468561847679
"r.wcnSC.bfCA","r.rsa.hbe_mean",0.101060249701347,-0.101060249701347,0.141468561847679
"r.wcnSC.bfCA","r.bfSC.sizeAA",0.100895090167171,0.100895090167171,0.142122730062036
"r.wcnSC.bfCA","r.bfSC.sizeSC",0.100895090167171,0.100895090167171,0.142122730062036
"r.wcnSC.bfCA","r.sizeAA.bfSC",0.100895090167171,0.100895090167171,0.142122730062036
"r.wcnSC.bfCA","r.sizeSC.bfSC",0.100895090167171,0.100895090167171,0.142122730062036
"r.wcnSC.bfCA","r.hpskd.hpsww",0.10050019744636,0.10050019744636,0.143696195764405
"r.wcnSC.bfCA","r.hpsww.hpskd",0.10050019744636,0.10050019744636,0.143696195764405
"r.wcnSC.bfCA","r.bfC.bfCA",0.10048408522856,-0.10048408522856,0.143853842923405
"r.wcnSC.bfCA","r.bfCA.bfC",0.10048408522856,-0.10048408522856,0.143853842923405
"r.wcnSC.bfCA","r.ddgent.wcnC",0.10030771828999,0.10030771828999,0.144467937046391
"r.wcnSC.bfCA","r.wcnC.ddgent",0.10030771828999,0.10030771828999,0.144467937046391
"r.wcnSC.bfCA","r.bfSC.hpskd",0.0976341207179597,-0.0976341207179597,0.155516931620616
"r.wcnSC.bfCA","r.hpskd.bfSC",0.0976341207179597,-0.0976341207179597,0.155516931620616
"r.wcnSC.bfCA","mean.LSS",0.0975804659013153,-0.0975804659013153,0.155855653983191
"r.wcnSC.bfCA","mean.BSS",0.0961356497723468,-0.0961356497723468,0.162101770778374
"r.wcnSC.bfCA","r.sizeAA.wcnC",0.0960235048094953,-0.0960235048094953,0.162474216205929
"r.wcnSC.bfCA","r.sizeSC.wcnC",0.0960235048094953,-0.0960235048094953,0.162474216205929
"r.wcnSC.bfCA","r.wcnC.sizeAA",0.0960235048094953,-0.0960235048094953,0.162474216205929
"r.wcnSC.bfCA","r.wcnC.sizeSC",0.0960235048094953,-0.0960235048094953,0.162474216205929
"r.wcnSC.bfCA","r.bfSC.hpshh",0.0956944275421529,0.0956944275421529,0.163924013070968
"r.wcnSC.bfCA","r.hpshh.bfSC",0.0956944275421529,0.0956944275421529,0.163924013070968
"r.wcnSC.bfCA","r.hpshh.wcnO",0.0936566320866479,-0.0936566320866479,0.173118407708175
"r.wcnSC.bfCA","r.wcnO.hpshh",0.0936566320866479,-0.0936566320866479,0.173118407708175
"r.wcnSC.bfCA","contact_orderSC",0.0928780516881248,0.0928780516881248,0.176870088294711
"r.wcnSC.bfCA","sum.asa",0.0923316590746078,-0.0923316590746078,0.179441657764024
"r.wcnSC.bfCA","contact_orderAA",0.0920932332068913,0.0920932332068913,0.180572405803335
"r.wcnSC.bfCA","contact_order",0.0919442170395685,0.0919442170395685,0.18128178645833
"r.wcnSC.bfCA","r.ddgent.sizeAA",0.0916424308503108,0.0916424308503108,0.18257779192108
"r.wcnSC.bfCA","r.ddgent.sizeSC",0.0916424308503108,0.0916424308503108,0.18257779192108
"r.wcnSC.bfCA","r.sizeAA.ddgent",0.0916424308503108,0.0916424308503108,0.18257779192108
"r.wcnSC.bfCA","r.sizeSC.ddgent",0.0916424308503108,0.0916424308503108,0.18257779192108
"r.wcnSC.bfCA","sum.nhbps",0.0916174166399874,-0.0916174166399874,0.182844682868607
"r.wcnSC.bfCA","r.hpshh.wcnC",0.0897536515158665,-0.0897536515158665,0.19178944143811
"r.wcnSC.bfCA","r.wcnC.hpshh",0.0897536515158665,-0.0897536515158665,0.19178944143811
"r.wcnSC.bfCA","r.seqent.sizeAA",0.0888409277743697,0.0888409277743697,0.196360751321746
"r.wcnSC.bfCA","r.seqent.sizeSC",0.0888409277743697,0.0888409277743697,0.196360751321746
"r.wcnSC.bfCA","r.sizeAA.seqent",0.0888409277743697,0.0888409277743697,0.196360751321746
"r.wcnSC.bfCA","r.sizeSC.seqent",0.0888409277743697,0.0888409277743697,0.196360751321746
"r.wcnSC.bfCA","r.seqent.wcnAA",0.0834366097839018,-0.0834366097839018,0.225060914143947
"r.wcnSC.bfCA","r.wcnAA.seqent",0.0834366097839018,-0.0834366097839018,0.225060914143947
"r.wcnSC.bfCA","r.bfCB.hpskd",0.0817254079937215,0.0817254079937215,0.234740842680671
"r.wcnSC.bfCA","r.hpskd.bfCB",0.0817254079937215,0.0817254079937215,0.234740842680671
"r.wcnSC.bfCA","r.asa.seqent",0.0802141361659642,0.0802141361659642,0.243530537235321
"r.wcnSC.bfCA","r.seqent.asa",0.0802141361659642,0.0802141361659642,0.243530537235321
"r.wcnSC.bfCA","r.bfSC.hpsww",0.0775641328131015,-0.0775641328131015,0.259493120806978
"r.wcnSC.bfCA","r.hpsww.bfSC",0.0775641328131015,-0.0775641328131015,0.259493120806978
"r.wcnSC.bfCA","r.sizeAA.wcnN",0.0772810021830862,-0.0772810021830862,0.261240245292208
"r.wcnSC.bfCA","r.sizeSC.wcnN",0.0772810021830862,-0.0772810021830862,0.261240245292208
"r.wcnSC.bfCA","r.wcnN.sizeAA",0.0772810021830862,-0.0772810021830862,0.261240245292208
"r.wcnSC.bfCA","r.wcnN.sizeSC",0.0772810021830862,-0.0772810021830862,0.261240245292208
"r.wcnSC.bfCA","r.hpsww.seqent",0.0770053223591239,-0.0770053223591239,0.262949149149333
"r.wcnSC.bfCA","r.seqent.hpsww",0.0770053223591239,-0.0770053223591239,0.262949149149333
"r.wcnSC.bfCA","sum.nhbpa.dif",0.0716773080065821,0.0716773080065821,0.297745557374701
"r.wcnSC.bfCA","r.rsa.seqent",0.0711340871893324,0.0711340871893324,0.301171559470696
"r.wcnSC.bfCA","r.seqent.rsa",0.0711340871893324,0.0711340871893324,0.301171559470696
"r.wcnSC.bfCA","r.seqent.wcnCB",0.0695557581070979,-0.0695557581070979,0.312044852160172
"r.wcnSC.bfCA","r.wcnCB.seqent",0.0695557581070979,-0.0695557581070979,0.312044852160172
"r.wcnSC.bfCA","r.asa.wcnCB",0.0689795624389965,0.0689795624389965,0.316077662455803
"r.wcnSC.bfCA","r.wcnCB.asa",0.0689795624389965,0.0689795624389965,0.316077662455803
"r.wcnSC.bfCA","r.hpskd.wcnN",0.0674670488102305,0.0674670488102305,0.326824964406025
"r.wcnSC.bfCA","r.wcnN.hpskd",0.0674670488102305,0.0674670488102305,0.326824964406025
"r.wcnSC.bfCA","mean.hpskd",0.0651846185559841,0.0651846185559841,0.34348449995816
"r.wcnSC.bfCA","r.hbe_mean.sizeAA",0.0636547197130943,0.0636547197130943,0.354947942174997
"r.wcnSC.bfCA","r.hbe_mean.sizeSC",0.0636547197130943,0.0636547197130943,0.354947942174997
"r.wcnSC.bfCA","r.sizeAA.hbe_mean",0.0636547197130943,0.0636547197130943,0.354947942174997
"r.wcnSC.bfCA","r.sizeSC.hbe_mean",0.0636547197130943,0.0636547197130943,0.354947942174997
"r.wcnSC.bfCA","sum.bfO",0.0621471732883636,0.0621471732883636,0.366475988696451
"r.wcnSC.bfCA","sum.hpsww",0.0618696691778088,0.0618696691778088,0.368915948958959
"r.wcnSC.bfCA","r.hbe_mean.wcnSC",0.0607377291433311,0.0607377291433311,0.377461391549003
"r.wcnSC.bfCA","r.wcnSC.hbe_mean",0.0607377291433311,0.0607377291433311,0.377461391549003
"r.wcnSC.bfCA","sum.bfC",0.0587260115090118,0.0587260115090118,0.393486414985514
"r.wcnSC.bfCA","r.bfAA.hpskd",0.0576394356262775,-0.0576394356262775,0.40230979552579
"r.wcnSC.bfCA","r.hpskd.bfAA",0.0576394356262775,-0.0576394356262775,0.40230979552579
"r.wcnSC.bfCA","r.ddgent.wcnO",0.0571352644166888,0.0571352644166888,0.406443607849285
"r.wcnSC.bfCA","r.wcnO.ddgent",0.0571352644166888,0.0571352644166888,0.406443607849285
"r.wcnSC.bfCA","r.ddgent.wcnCA",0.0565478925395079,0.0565478925395079,0.411291264920675
"r.wcnSC.bfCA","r.wcnCA.ddgent",0.0565478925395079,0.0565478925395079,0.411291264920675
"r.wcnSC.bfCA","sum.bfAA",0.0549347930290259,0.0549347930290259,0.424778763325433
"r.wcnSC.bfCA","sum.bfSC",0.0532931320953405,0.0532931320953405,0.438765403485056
"r.wcnSC.bfCA","r.bfAA.hpsww",0.0528932721704943,-0.0528932721704943,0.442211568279074
"r.wcnSC.bfCA","r.hpsww.bfAA",0.0528932721704943,-0.0528932721704943,0.442211568279074
"r.wcnSC.bfCA","sum.bfN",0.0507983538685827,0.0507983538685827,0.46051623650114
"r.wcnSC.bfCA","mean.ISS",0.0499796255525312,0.0499796255525312,0.468090178779526
"r.wcnSC.bfCA","r.seqent.wcnN",0.0484327229467441,0.0484327229467441,0.481683468276107
"r.wcnSC.bfCA","r.wcnN.seqent",0.0484327229467441,0.0484327229467441,0.481683468276107
"r.wcnSC.bfCA","sum.ISS",0.0482501791244761,0.0482501791244761,0.483644742571447
"r.wcnSC.bfCA","r.bfAA.hpshh",0.0479869163845709,0.0479869163845709,0.485730600155634
"r.wcnSC.bfCA","r.hpshh.bfAA",0.0479869163845709,0.0479869163845709,0.485730600155634
"r.wcnSC.bfCA","median.hpsww",0.0466109540337508,-0.0466109540337508,0.498641137606274
"r.wcnSC.bfCA","r.hpsww.sizeAA",0.0462844072014524,-0.0462844072014524,0.501353331196952
"r.wcnSC.bfCA","r.hpsww.sizeSC",0.0462844072014524,-0.0462844072014524,0.501353331196952
"r.wcnSC.bfCA","r.sizeAA.hpsww",0.0462844072014524,-0.0462844072014524,0.501353331196952
"r.wcnSC.bfCA","r.sizeSC.hpsww",0.0462844072014524,-0.0462844072014524,0.501353331196952
"r.wcnSC.bfCA","r.hbe_mean.wcnAA",0.0454635767346097,0.0454635767346097,0.508979005659614
"r.wcnSC.bfCA","r.wcnAA.hbe_mean",0.0454635767346097,0.0454635767346097,0.508979005659614
"r.wcnSC.bfCA","r.hbe_mean.hpshh",0.0447569919605803,-0.0447569919605803,0.515591400466594
"r.wcnSC.bfCA","r.hpshh.hbe_mean",0.0447569919605803,-0.0447569919605803,0.515591400466594
"r.wcnSC.bfCA","r.hpsww.wcnN",0.0439746573250116,0.0439746573250116,0.522964072182019
"r.wcnSC.bfCA","r.wcnN.hpsww",0.0439746573250116,0.0439746573250116,0.522964072182019
"r.wcnSC.bfCA","r.hpshh.wcnN",0.0437734855615797,-0.0437734855615797,0.524868566410194
"r.wcnSC.bfCA","r.wcnN.hpshh",0.0437734855615797,-0.0437734855615797,0.524868566410194
"r.wcnSC.bfCA","sum.bfCA",0.0437411987353499,0.0437411987353499,0.525174554556321
"r.wcnSC.bfCA","r.hbe_mean.seqent",0.0428421348049503,-0.0428421348049503,0.533731458516755
"r.wcnSC.bfCA","r.seqent.hbe_mean",0.0428421348049503,-0.0428421348049503,0.533731458516755
"r.wcnSC.bfCA","r.rsa.wcnCB",0.0424161970589185,0.0424161970589185,0.537809668325303
"r.wcnSC.bfCA","r.wcnCB.rsa",0.0424161970589185,0.0424161970589185,0.537809668325303
"r.wcnSC.bfCA","r.hbe_mean.wcnC",0.0421144394137706,-0.0421144394137706,0.540708283322616
"r.wcnSC.bfCA","r.wcnC.hbe_mean",0.0421144394137706,-0.0421144394137706,0.540708283322616
"r.wcnSC.bfCA","mean.nhbas",0.041135012944655,-0.041135012944655,0.550463428077191
"r.wcnSC.bfCA","mean.hpshh",0.0400592711805546,0.0400592711805546,0.560944649522342
"r.wcnSC.bfCA","r.bfAA.sizeAA",0.0397922715272414,0.0397922715272414,0.563270999714032
"r.wcnSC.bfCA","r.bfAA.sizeSC",0.0397922715272414,0.0397922715272414,0.563270999714032
"r.wcnSC.bfCA","r.sizeAA.bfAA",0.0397922715272414,0.0397922715272414,0.563270999714032
"r.wcnSC.bfCA","r.sizeSC.bfAA",0.0397922715272414,0.0397922715272414,0.563270999714032
"r.wcnSC.bfCA","r.ddgent.rsa",0.0390968629622915,0.0390968629622915,0.570114540691453
"r.wcnSC.bfCA","r.rsa.ddgent",0.0390968629622915,0.0390968629622915,0.570114540691453
"r.wcnSC.bfCA","sum.bfCB",0.0384660280498012,0.0384660280498012,0.576356512985318
"r.wcnSC.bfCA","median.hpskd",0.0372194252617363,0.0372194252617363,0.589065719392889
"r.wcnSC.bfCA","r.bfCB.sizeAA",0.0370131208694594,0.0370131208694594,0.590853379072616
"r.wcnSC.bfCA","r.bfCB.sizeSC",0.0370131208694594,0.0370131208694594,0.590853379072616
"r.wcnSC.bfCA","r.sizeAA.bfCB",0.0370131208694594,0.0370131208694594,0.590853379072616
"r.wcnSC.bfCA","r.sizeSC.bfCB",0.0370131208694594,0.0370131208694594,0.590853379072616
"r.wcnSC.bfCA","r.asa.ddgent",0.0366753509950551,0.0366753509950551,0.59424733963319
"r.wcnSC.bfCA","r.ddgent.asa",0.0366753509950551,0.0366753509950551,0.59424733963319
"r.wcnSC.bfCA","r.hbe_mean.wcnN",0.0345133754386662,-0.0345133754386662,0.61617797366279
"r.wcnSC.bfCA","r.wcnN.hbe_mean",0.0345133754386662,-0.0345133754386662,0.61617797366279
"r.wcnSC.bfCA","mean.SSS",0.0316654424528171,-0.0316654424528171,0.645848061040175
"r.wcnSC.bfCA","r.hpskd.sizeAA",0.0316373643021948,-0.0316373643021948,0.645885353242356
"r.wcnSC.bfCA","r.hpskd.sizeSC",0.0316373643021948,-0.0316373643021948,0.645885353242356
"r.wcnSC.bfCA","r.sizeAA.hpskd",0.0316373643021948,-0.0316373643021948,0.645885353242356
"r.wcnSC.bfCA","r.sizeSC.hpskd",0.0316373643021948,-0.0316373643021948,0.645885353242356
"r.wcnSC.bfCA","mean.nhbon",0.0298895943369489,0.0298895943369489,0.66446689755208
"r.wcnSC.bfCA","mean.nhbps",0.0288480458589209,-0.0288480458589209,0.675484350183709
"r.wcnSC.bfCA","r.bfCA.sizeAA",0.0277554943485636,0.0277554943485636,0.686882982750128
"r.wcnSC.bfCA","r.bfCA.sizeSC",0.0277554943485636,0.0277554943485636,0.686882982750128
"r.wcnSC.bfCA","r.sizeAA.bfCA",0.0277554943485636,0.0277554943485636,0.686882982750128
"r.wcnSC.bfCA","r.sizeSC.bfCA",0.0277554943485636,0.0277554943485636,0.686882982750128
"r.wcnSC.bfCA","mean.nhbpa.dif",0.0275459292871202,0.0275459292871202,0.689355536215554
"r.wcnSC.bfCA","r.hbe_mean.wcnCB",0.027405306464071,0.027405306464071,0.690629158001886
"r.wcnSC.bfCA","r.wcnCB.hbe_mean",0.027405306464071,0.027405306464071,0.690629158001886
"r.wcnSC.bfCA","r.seqent.wcnCA",0.0267434265263597,-0.0267434265263597,0.697730254274101
"r.wcnSC.bfCA","r.wcnCA.seqent",0.0267434265263597,-0.0267434265263597,0.697730254274101
"r.wcnSC.bfCA","r.hbe_mean.hpskd",0.0263361157954605,0.0263361157954605,0.702113329114343
"r.wcnSC.bfCA","r.hpskd.hbe_mean",0.0263361157954605,0.0263361157954605,0.702113329114343
"r.wcnSC.bfCA","r.hpshh.seqent",0.0251340524189042,0.0251340524189042,0.715105832663706
"r.wcnSC.bfCA","r.seqent.hpshh",0.0251340524189042,0.0251340524189042,0.715105832663706
"r.wcnSC.bfCA","r.hbe_mean.wcnO",0.0248794832120922,-0.0248794832120922,0.717868061615626
"r.wcnSC.bfCA","r.wcnO.hbe_mean",0.0248794832120922,-0.0248794832120922,0.717868061615626
"r.wcnSC.bfCA","r.hbe_mean.hpsww",0.0228950851999672,0.0228950851999672,0.739523323809248
"r.wcnSC.bfCA","r.hpsww.hbe_mean",0.0228950851999672,0.0228950851999672,0.739523323809248
"r.wcnSC.bfCA","r.hpshh.hpskd",0.0219438656271964,-0.0219438656271964,0.749978277998007
"r.wcnSC.bfCA","r.hpskd.hpshh",0.0219438656271964,-0.0219438656271964,0.749978277998007
"r.wcnSC.bfCA","r.bfN.sizeAA",0.0210485270998234,0.0210485270998234,0.759860989439503
"r.wcnSC.bfCA","r.bfN.sizeSC",0.0210485270998234,0.0210485270998234,0.759860989439503
"r.wcnSC.bfCA","r.sizeAA.bfN",0.0210485270998234,0.0210485270998234,0.759860989439503
"r.wcnSC.bfCA","r.sizeSC.bfN",0.0210485270998234,0.0210485270998234,0.759860989439503
"r.wcnSC.bfCA","sum.helix",0.0203015679537004,-0.0203015679537004,0.768315902859294
"r.wcnSC.bfCA","r.ddgent.hbe_mean",0.0201035165320968,-0.0201035165320968,0.770334415785334
"r.wcnSC.bfCA","r.hbe_mean.ddgent",0.0201035165320968,-0.0201035165320968,0.770334415785334
"r.wcnSC.bfCA","sd.hbe_mean",0.019600587123517,-0.019600587123517,0.775925482411303
"r.wcnSC.bfCA","r.hpskd.seqent",0.0181514053462017,-0.0181514053462017,0.792099798695684
"r.wcnSC.bfCA","r.seqent.hpskd",0.0181514053462017,-0.0181514053462017,0.792099798695684
"r.wcnSC.bfCA","r.rsa.wcnAA",0.0179775532049642,0.0179775532049642,0.794046305483903
"r.wcnSC.bfCA","r.wcnAA.rsa",0.0179775532049642,0.0179775532049642,0.794046305483903
"r.wcnSC.bfCA","r.bfC.sizeAA",0.0177180167941168,0.0177180167941168,0.796954533926887
"r.wcnSC.bfCA","r.bfC.sizeSC",0.0177180167941168,0.0177180167941168,0.796954533926887
"r.wcnSC.bfCA","r.sizeAA.bfC",0.0177180167941168,0.0177180167941168,0.796954533926887
"r.wcnSC.bfCA","r.sizeSC.bfC",0.0177180167941168,0.0177180167941168,0.796954533926887
"r.wcnSC.bfCA","mean.hbe_mean",0.0155448650286483,0.0155448650286483,0.82141213901262
"r.wcnSC.bfCA","r.ddgent.wcnSC",0.0137517043718846,0.0137517043718846,0.841725125023868
"r.wcnSC.bfCA","r.wcnSC.ddgent",0.0137517043718846,0.0137517043718846,0.841725125023868
"r.wcnSC.bfCA","r.ddgent.wcnCB",0.0108036687769005,0.0108036687769005,0.875343305514856
"r.wcnSC.bfCA","r.wcnCB.ddgent",0.0108036687769005,0.0108036687769005,0.875343305514856
"r.wcnSC.bfCA","r.rsa.wcnSC",0.00884162318293467,0.00884162318293467,0.897846244988835
"r.wcnSC.bfCA","r.wcnSC.rsa",0.00884162318293467,0.00884162318293467,0.897846244988835
"r.wcnSC.bfCA","r.ddgent.seqent",0.00776622350927998,0.00776622350927998,0.910216075829119
"r.wcnSC.bfCA","r.seqent.ddgent",0.00776622350927998,0.00776622350927998,0.910216075829119
"r.wcnSC.bfCA","r.asa.wcnSC",0.0067802335082617,0.0067802335082617,0.921576595661443
"r.wcnSC.bfCA","r.wcnSC.asa",0.0067802335082617,0.0067802335082617,0.921576595661443
"r.wcnSC.bfCA","r.ddgent.wcnAA",0.00630586552288515,0.00630586552288515,0.927048056316986
"r.wcnSC.bfCA","r.wcnAA.ddgent",0.00630586552288515,0.00630586552288515,0.927048056316986
"r.wcnSC.bfCA","median.hbe_mean",0.00570337311278498,-0.00570337311278498,0.934051239402777
"r.wcnSC.bfCA","r.seqent.wcnC",0.0054539900308215,0.0054539900308215,0.936882216697735
"r.wcnSC.bfCA","r.wcnC.seqent",0.0054539900308215,0.0054539900308215,0.936882216697735
"r.wcnSC.bfCA","r.hbe_mean.wcnCA",0.00412650475237246,0.00412650475237246,0.952225433375763
"r.wcnSC.bfCA","r.wcnCA.hbe_mean",0.00412650475237246,0.00412650475237246,0.952225433375763
"r.wcnSC.bfCA","r.seqent.wcnO",0.00389428796371954,-0.00389428796371954,0.954911391834237
"r.wcnSC.bfCA","r.wcnO.seqent",0.00389428796371954,-0.00389428796371954,0.954911391834237
"r.wcnSC.bfCA","r.asa.wcnAA",0.00256183548123515,-0.00256183548123515,0.970332257083554
"r.wcnSC.bfCA","r.wcnAA.asa",0.00256183548123515,-0.00256183548123515,0.970332257083554
"r.wcnSC.bfCA","sum.HSS",0.00231170587689423,0.00231170587689423,0.973244167792394
"r.wcnSC.bfCA","r.bfO.sizeAA",0.000623384106437248,-0.000623384106437248,0.992784687060644
"r.wcnSC.bfCA","r.bfO.sizeSC",0.000623384106437248,-0.000623384106437248,0.992784687060644
"r.wcnSC.bfCA","r.sizeAA.bfO",0.000623384106437248,-0.000623384106437248,0.992784687060644
"r.wcnSC.bfCA","r.sizeSC.bfO",0.000623384106437248,-0.000623384106437248,0.992784687060644
"r.wcnSC.bfCA","r.sizeAA.sizeSC",NA,NA,NA
"r.wcnSC.bfCA","r.sizeSC.sizeAA",NA,NA,NA
"r.wcnSC.bfCA","sum.nssb",NA,NA,NA
"r.wcnSC.bfCA","mean.nssb",NA,NA,NA
