"pdb","r.wcnCA.r4sJC","r.wcnSC.r4sJC","r.rsa.r4sJC","r.vareaSC.r4sJC","r.vvolumeCA.r4sJC","r.ddgent.r4sJC","r.vareaCA.r4sJC","r.bfSC.r4sJC","r.hbe.r4sJC","r.distance.r4sJC","r.bfSC.distance","r.bfSC.wcnSC","r.distance.wcnSC","r.distance.vareaSC","r.wcnSC.vareaSC"
"132L_A",-0.246874919399359,-0.298976067278093,0.116383871072333,0.0718012433941978,0.121052511781666,0.26554768613747,0.158997068600244,0.201309534261864,0.0186596659932937,0.195256497091811,0.223167012392174,-0.324890543395126,-0.728026285317769,0.258834486932003,-0.35677413666805
"13PK_A",-0.410699341102684,-0.49198275674047,-0.0220707982802423,0.0687883202525954,0.0686300176886649,0.118450495323255,0.0832447221441562,0.0429571507479354,0.150434367106482,0.528461074813866,0.137834412345346,-0.244916053648309,-0.8117669691078,0.170718433196662,-0.291756026834723
"1A26_A",-0.286856246847444,-0.323695722125053,0.152910528765753,0.127563306794263,0.142122684760066,0.195999816978572,0.153065322561732,0.212164379503946,0.0778678296876064,0.290584271977163,0.276619359768288,-0.366593092596417,-0.886138886817961,0.323875758603436,-0.399064898912642
"1A2T_A",0.108859014144388,-0.218037960041527,-0.124735782502604,0.146683468362954,-0.0975111308590911,0.100959276044295,-0.0845907174477551,0.0710822499043646,0.36181305560257,0.150884512597697,0.321501082812744,-0.273236157533983,-0.831170780355459,0.279532192183398,-0.243596690292652
"1A4L_A",-0.308116751232565,-0.441065174635013,0.0886513689142294,0.0832102013477087,0.0767115180119507,0.135688901212232,0.0806758317618619,0.163913153045382,0.0648069112176809,0.381998253403805,0.0908354441015484,-0.14233975634828,-0.919550643897027,0.351114918209294,-0.410916249199166
"1A65_A",-0.30492125291231,-0.291907019681134,0.238675356916103,0.160750709679087,0.138309145830015,0.213761779630801,0.151368735276071,0.257345580066373,-0.174641137635233,0.237135612106288,0.354053272788314,-0.460901095827736,-0.917559147754706,0.322676307944221,-0.420862658597379
"1A8H_A",-0.079639470670708,-0.143243120212068,-0.0274798915704183,0.0605764428769371,0.0410643765611953,-0.00344478764470281,0.0557029342047667,0.0418952141060806,-0.0188888501013463,0.0751389940647782,0.202781926040343,-0.424180064517567,-0.816421001928593,0.0954333946737477,-0.272149346437589
"1A8S_A",-0.201842146531893,-0.275186117117663,0.0664943261317501,0.107181490014405,0.076927712846842,0.348243449270759,0.0761472820216721,0.089393152075747,0.0805497789421897,0.26896211665195,0.275280454272976,-0.26908058901553,-0.940051244797673,0.438169814861609,-0.506649265634262
"1AF7_A",-0.291226164171056,-0.381293728483112,-0.0837744486255604,0.182220590939028,0.15377497204939,-0.0108234193434977,0.183895726246487,0.258149818439649,0.126957223999138,0.43575487736588,0.398602234599927,-0.547395874221427,-0.803125616903415,0.241739168596185,-0.331540332208963
"1AGM_A",-0.245374547755336,-0.307903613259876,0.193856896682528,0.0195190442495845,0.141959459560894,0.284120373023704,0.138523297734142,0.271402420993582,0.062951100163308,0.280392392637064,0.437091045550761,-0.533861097724177,-0.90922124340026,0.309763106206235,-0.390354801280771
"1AGY_A",-0.0941493889836714,-0.21340988301072,0.0701582397918477,0.0383830421572711,0.165709816329427,0.321297179377228,0.168169491308771,0.17241060879766,0.217234957563601,0.036902547379475,0.443661947712753,-0.448752856773242,-0.856648763860961,0.372514458858004,-0.425754132681073
"1AH7_A",-0.334444917802442,-0.364405492255578,0.127257131603966,0.19677776824433,0.218569231955565,0.112414985189123,0.262410208349998,0.258705665130532,0.0747536032349017,0.347136810132325,0.493477147507464,-0.585523138311828,-0.890673801171188,0.27337215599522,-0.396992991107003
"1AJ0_A",-0.148241938839736,-0.32052491632292,-0.128401065379998,0.0808015395451281,0.0139042168148064,0.0228440534635332,0.011264153100217,0.10178414109144,0.212410899277151,0.321410543657718,0.331322937677106,-0.345855967218421,-0.88624825377765,0.384314585328832,-0.479035090755196
"1AK0_A",-0.347246515796869,-0.465799367392634,0.288253281452691,0.234961238964249,0.149581325111933,0.213956958969916,0.187667607885767,0.290986697480273,-0.0141136611649766,0.29746833758594,0.469739676138565,-0.511761328106151,-0.882031853601223,0.284538267462213,-0.376796623991989
"1AKO_A",-0.172740656167865,-0.194053388473303,0.0972999008502966,0.0325260644693031,0.223468933016179,0.185267293130813,0.221255269974388,0.0775203191261331,0.202620705607803,0.174154436012981,0.203717567392051,-0.269476430743588,-0.927905742484169,0.257085512303454,-0.33566349717229
"1AMY_A",-0.286312825255383,-0.360070523502788,0.149500729490781,-0.0393047450281075,0.0745530326911123,0.146472144090247,0.106567657369399,0.269242143458931,0.10284507936875,0.299246963533654,0.309486582853669,-0.403375200025739,-0.848889759163475,0.179303942597437,-0.296549389043353
"1AQ2_A",-0.370478499698096,-0.485920021243709,0.0762029874068547,0.112834553934156,0.106741360139385,0.0921736650308888,0.135468737596767,0.201865669588089,0.108391671590957,0.490805159809079,0.344639779752582,-0.497698864286853,-0.863783813580142,0.152264524368065,-0.314517747654297
"1AQL_A",-0.279904261940968,-0.272048717565707,0.240971527690711,0.0413822127151604,0.12235654826922,0.241163981476364,0.110006312834245,0.0323162142751782,-0.0168885768808078,0.172115891586953,0.286854642778695,-0.352100221588385,-0.903041691224956,0.270367519411559,-0.386047258892192
"1AST_A",-0.206353388509216,-0.324536108091121,0.171488987043788,0.2455884213701,0.168945156838218,0.268699982675599,0.194350415844663,0.197594011794512,0.0919304896705499,0.22111686002485,0.229994732551601,-0.276540191710271,-0.865246445950087,0.361668256862521,-0.423795764326985
"1B04_A",-0.164576036368728,-0.242996413718627,0.0633156270879488,-0.00121946580524525,0.214401136664148,0.0998421959371871,0.199618950261341,-0.222752042060863,0.106923443565604,0.187949348356415,0.218612764065962,-0.352453153555323,-0.848260977503397,0.230146397238239,-0.340176022205303
"1B2R_A",-0.353176260442868,-0.385622465152694,0.0215616740674959,0.224477629363436,0.0943779448349258,0.125313995846493,0.118975389883481,0.120177581090536,0.0562751398589931,0.427830814945443,0.270405879707116,-0.440375105729787,-0.882764259956338,0.374247490928341,-0.52277117224142
"1BF2_A",-0.378933185283009,-0.398063766866793,0.144656888379781,0.123859242998318,0.138217689140493,0.175363674698056,0.160686643766571,0.186765963011781,-0.00519508253339753,0.411466767787631,0.495949953651555,-0.596770433427578,-0.808065216362646,0.199493132657132,-0.405333489370152
"1BG0_A",-0.456234280518472,-0.486405973366442,0.151054604608056,0.0617844084269097,0.27223795549394,0.264847404245879,0.270737913713586,0.502764141252808,0.00415803980386131,0.511849665001328,0.571145722191717,-0.584495452924681,-0.879331003179003,0.179204432064998,-0.319447927720247
"1BH2_A",-0.288391318475402,-0.451268368232109,0.0686806043544152,0.044619803872135,-0.00940721464222026,0.0364576869700644,-0.00578994553635139,-0.0372719732029812,0.101037609391465,0.485870691706823,0.289168158208064,-0.392494509839322,-0.859114685749959,0.123723134803315,-0.310474085559061
"1BOL_A",-0.0877169329281546,-0.266053358099248,0.0574161042551374,0.037881182125618,0.0307938177842203,0.215225194590986,0.0333195046696822,0.106206926830323,0.141023400602788,0.118716017570697,0.280524539220692,-0.365786095646811,-0.836099103805255,0.248836413211799,-0.374893424590592
"1BP2_A",-0.200087187002698,-0.379680001619155,0.0764831930052508,0.224530888962075,0.0536380577412501,0.32709889377073,0.0972457529270017,0.384085533781923,-0.132002244049019,0.198303619481087,0.310550146628979,-0.457562593902373,-0.707914131671344,0.389358717559129,-0.270024844447247
"1BQC_A",-0.301978924520585,-0.415126606971906,0.195783670900062,0.123572039488181,0.136840953325286,0.247872036945185,0.157506789489365,0.244348666710336,0.0161939592460139,0.396647451336629,0.577522615592009,-0.560263916727638,-0.918968847700991,0.409916513023524,-0.428224646434904
"1BS4_A",-0.121730736042376,-0.178044726962717,0.064173196315858,0.0356430752859217,0.00486953568032115,0.115059026251251,0.0262645256199391,0.177056191306254,0.13029641834646,0.214049546311222,0.423447760478994,-0.512616532491785,-0.859352753182187,0.194140244144278,-0.204728764188624
"1BS9_A",-0.219276298085163,-0.262306846348577,0.203245216963303,0.172807418559884,0.141471366232724,0.331358527643074,0.166229288779773,0.258209846977131,0.000518624299539898,0.189459249653576,-0.0270540636290453,-0.196327475209388,-0.868191671122195,0.372060614469327,-0.389320656121834
"1BT1_A",-0.276916934732792,-0.334546770374503,0.283258858665892,0.16609365030786,0.118507200052624,0.196383196133256,0.150164382310627,0.246104047544531,-0.119602483616481,0.305080426849919,0.370541728968327,-0.39261787267919,-0.924594881129985,0.447557088549467,-0.493615114424511
"1BU7_A",-0.131250529158692,-0.149878589967338,0.106234527844853,-0.00937257184454396,0.104552618939916,0.231533526644283,0.114423256907534,0.255708815870702,0.0396709490176732,0.102624284916316,0.177225637388108,-0.269458670794884,-0.904658080009808,0.225966232556407,-0.335308149197579
"1BVV_A",0.0113340816178964,-0.117212473553249,-0.0190030462486856,0.0298656680272392,-0.0567814481305654,0.208434190319627,-0.0566609229587676,0.0850231329972733,-0.0126543513138334,0.186706438650529,0.317631022217336,-0.411269488941552,-0.8163078531756,0.447502671341468,-0.446570573681886
"1BVZ_A",-0.264500833230697,-0.327285739342303,0.184822365913553,0.118873052283484,0.121646145377865,0.182926580361007,0.136344741631893,0.303001896188761,0.0679318490695203,0.254397541279755,0.470778876704016,-0.473314840896555,-0.886778640989345,0.245345419019677,-0.368642437633094
"1BWL_A",-0.241811081362661,-0.231744651083701,0.167638207217785,0.022379576967264,0.16316989646317,0.163577357104416,0.167051603051248,0.158476478205022,0.112965393740021,0.124423689329488,0.261350053856827,-0.413380765092316,-0.88054734018858,0.262339229852995,-0.354817084898492
"1BWZ_A",-0.256155473268643,-0.420564265897375,0.0501193559671745,0.0832236954279893,0.114307727590324,0.171463671538063,0.119115639639365,-0.0693826084238051,0.0475521352153341,0.421064274950891,-0.281521506527721,0.0579863949596066,-0.869074228402465,0.137015175902541,-0.296635762657867
"1BYA_A",-0.16082422084004,-0.278090832324622,0.143883111016221,0.086352220264562,0.101020760917117,0.181457796983035,0.118564563070855,0.114827908440076,0.0414271344285776,0.158904055495079,0.129179956820548,-0.233324295478719,-0.896931861464805,0.284191735353148,-0.394691590653118
"1BZC_A",-0.274356083467834,-0.367996737396344,0.0727713997928556,0.109595327019848,-0.00603886386328125,0.196023977077412,0.0160493580348661,0.289966829125281,0.098295411386198,0.349771751094193,0.259679134855648,-0.374648338506838,-0.881288251311053,0.31177770414684,-0.46331543219858
"1C82_A",-0.364472549488491,-0.372033550771614,0.172468270194176,0.207481344863181,0.175507578326685,0.171852899064697,0.185315027508993,0.248458971821482,0.0255765613523395,0.26421100953038,0.503418443758803,-0.608000804883137,-0.805106119872501,0.0945719527715417,-0.303263306625472
"1CA2_A",-0.125263698186695,-0.320020094102685,0.0439622982958156,0.171477652602527,0.00747838459839208,0.202979813689425,0.0170235091675322,0.282417653904462,0.128147136277344,0.295652632236347,0.630284527456489,-0.598857405746415,-0.936029531709452,0.515065810042656,-0.556450977297126
"1CB8_A",-0.371164557151281,-0.386857567455214,0.127317983736651,0.189722107562721,0.130484403273277,0.100471821092996,0.157608058294554,0.294246405047338,0.0625093442950055,0.324837471766035,0.558719386110262,-0.676845636852304,-0.826365654625988,0.127984132326778,-0.342055698052705
"1CBX_A",-0.131795690437959,-0.197643023775302,0.0960572338899145,-0.0260151912740654,0.103750067880258,0.186489948356969,0.0999800598628004,0.221461118619231,0.165839793800346,0.153807983911464,0.224726099357114,-0.239003128996067,-0.886169346463073,0.431016426300847,-0.423998026954401
"1CDG_A",-0.27863521899343,-0.32281499513978,0.2948869812543,0.115336142974242,0.126105866558412,0.223148483408726,0.147687457275716,0.0143891963971523,0.0519118018584543,0.26489991817427,0.353362599291621,-0.410469469802019,-0.907829742898665,0.250608237108631,-0.37034693971426
"1CEL_A",-0.223805193868903,-0.309182083432952,0.135242801874274,0.141022495461325,0.0872179904473758,0.33220583841998,0.0734454114199853,0.217780190676652,-0.0362709927740494,0.224326006053617,0.344626478387219,-0.40538235563455,-0.906774680477986,0.372322302129473,-0.45200306107492
"1CHD_A",-0.0122909851576944,-0.139853662228785,-0.00993497276937528,0.0047969629001359,-0.0101287367675209,0.0992888324750657,-0.0142927299710227,0.193184737434021,0.108586913471411,-0.0728084209595935,0.325118570912049,-0.434039978473395,-0.870706265557984,0.4717671603905,-0.417876343192391
"1CHK_B",-0.0815554427747406,-0.277559024592531,0.120938669097738,0.2073665199972,0.0095408799547007,0.199923516454195,0.0568523995728708,0.0221982959015573,0.0444459162908087,0.170988621393857,0.0966875934373312,-0.191250730036395,-0.762643254994597,0.236604290979682,-0.415770528826227
"1CM0_A",-0.108893071402921,-0.352946951008582,-0.0441345408156553,0.233993935756589,0.0842231026156203,0.166247237687764,0.115393619610252,0.0854005219664444,0.0634102629185146,0.397517026538567,0.48202360991462,-0.49630734243938,-0.846761929990169,0.443619921780399,-0.501252317187245
"1CNS_A",-0.168273125381858,-0.237899040708143,0.192453936412237,0.195227036562927,0.209700214688343,0.338446343959529,0.220336639483445,0.165703230688102,-0.0582379282630967,0.147701822319599,0.249443300207689,-0.305457965002104,-0.903059860831073,0.439992745493722,-0.494972163620275
"1COY_A",-0.348863262595046,-0.399187232931446,-0.019384068172958,0.117650680221951,0.134630789622734,0.130178187788229,0.164629077749462,0.267114342064254,0.0251621089772948,0.341503503883172,0.261338782488646,-0.334003817063699,-0.863958829800194,0.223090020151703,-0.360855440093721
"1CQQ_A",-0.017620473376556,-0.179672949837026,-0.0478213805725572,-0.0633249240968343,-0.00967982525430566,0.240015066031188,-0.0234191181698977,0.0673183038362774,0.0862013128493458,0.241307651329505,0.159369679207852,-0.249903236660142,-0.83657583821368,0.333475438990815,-0.422988744529526
"1CVR_A",-0.205262440502257,-0.234925916793911,0.116786106195863,0.0843825636189022,0.0363450665468372,0.22186750643067,0.0510123771536976,0.275768203732256,0.104602210107611,0.157889828364416,0.516561413896732,-0.705091038292819,-0.867249185503543,0.290641870232977,-0.403801241973697
"1CWY_A",-0.344359918764847,-0.450260200899077,0.101929769300813,0.194192874236407,0.211059895761358,0.192176971836757,0.20218621128353,0.059940687095936,0.144165109618419,0.447948765274024,0.228428616715812,-0.419735137197829,-0.890367419960453,0.313287030656769,-0.416829233602709
"1CZ1_A",-0.368352699425771,-0.438410825283742,0.241541515886133,0.278306476258291,0.0820433221895764,0.294739411921958,0.121536459022056,0.287742153444794,-0.015291145254226,0.400832276256392,0.450049931504822,-0.561348758055403,-0.925455243083505,0.379278615071792,-0.470716617879056
"1CZF_A",-0.0929927502116032,-0.161252152588021,0.0158684242065161,-0.0835788041106046,0.0181981895629526,0.117089090329878,0.0277280243448996,0.138407709813083,0.219398429102531,0.0806129689055519,0.352234646324545,-0.432568710615083,-0.853079601534287,0.0944509784403263,-0.246994655757097
"1D1Q_A",-0.252140173234575,-0.343614562419827,-0.0265092279281817,0.0543592636537632,0.0968655770078602,0.0900151269677284,0.11389875920768,0.280651183329612,0.0765681417769833,0.202533771761654,0.299717249930259,-0.394827033847998,-0.868625351267906,0.369097046181176,-0.40795998503697
"1D4C_A",-0.33164705249249,-0.322286055504391,0.0453384022330654,0.0760128498361151,0.114515277071569,0.0926662135914516,0.127612348685421,0.215900256024087,0.0105866435997958,0.221831567929101,0.484403884440861,-0.525044967417666,-0.860835834883335,0.175533269099091,-0.307447489374214
"1D6O_A",0.0925228182866258,-0.16011006004514,-0.0968319906495346,0.242054031985407,-0.124144018312023,0.257762081590061,-0.101617931803793,0.121526064869818,0.0286047327240631,0.202435026284215,-0.0675750527077842,-0.167378413871982,-0.770869517090511,0.383948575751902,-0.486425763865154
"1DDJ_A",-0.267103633179374,-0.3451621654277,-0.0315345972885087,0.0696526854311022,0.194319855422502,0.188947529213494,0.193143530767453,0.124326852774343,0.0133199154924013,0.289129234533354,0.211623196433358,-0.29837103750116,-0.877001464288686,0.265624695083736,-0.309438853601149
"1DGK_N",-0.133369754587837,-0.195408665342735,0.0778343532601472,0.0745179378677948,0.156039477179854,0.156574448290468,0.152811920286152,0.153452218206255,0.0547947097751508,-0.0751475599087691,0.0131855474709292,-0.547306031500538,-0.511166123934458,0.0862242190711342,-0.311801584735694
"1DGS_A",-0.162756696516082,-0.249825991136755,-0.04146657558594,0.0677793365002601,0.0431964120515853,0.0407387311459411,0.0435614200302914,0.0201483868015212,0.126588259588123,0.321031528185962,0.0960902893521406,-0.279001814117369,-0.764813058768538,0.153409184097441,-0.264104698997013
"1DNP_A",-0.348791716345761,-0.411865492945437,0.147961748851327,0.187479503342506,0.170346895524437,0.223852356645192,0.206971950432791,0.220179133535598,-0.00859076926873295,0.295925323418477,0.437786173183629,-0.480697522399092,-0.860773622574903,0.139949003028864,-0.333644469125858
"1DVE_A",-0.177999394154853,-0.227501351293851,0.0102806179467139,0.114386979027587,0.109967015902081,0.107615473602296,0.153724059305101,0.0733134253611667,-0.0598960510089507,0.241319003038757,0.24812257793046,-0.24725125165694,-0.834558299078278,0.147979489321567,-0.285265748674986
"1E0C_A",-0.2007818434533,-0.225287254885138,0.134556051637266,0.0424613083652274,0.1283789820764,0.174112595405416,0.152214137479924,0.15567184657745,-0.0249770156529327,0.0629488932762226,0.206913034185027,-0.333274835953501,-0.824309189367309,0.367448517007164,-0.502530966609846
"1E1A_A",-0.299786114603313,-0.308334724014657,0.133230083402769,0.151734272430102,0.118841143697825,0.153082027937323,0.13781667687952,0.289841324621558,-0.104343527559346,0.268205325535722,0.370588782235594,-0.455807654402191,-0.915618987146624,0.481815586617823,-0.522802082107172
"1E6E_A",-0.53530594024459,-0.574898078712307,-0.0344947103621142,0.187234788341694,0.193950581960693,0.0430769581644626,0.235899777543139,0.0832338555169311,0.0391821497194829,0.605391189681737,0.125940952693232,-0.374152609222001,-0.811487435108204,0.233833391948566,-0.39538933341921
"1EB6_A",0.0319560612338304,-0.181033835163913,0.040614184742049,0.0323694016204852,0.0919283980653217,0.158995933754318,0.099537121517207,0.0436774158344182,0.178640964998095,0.0761430263820798,0.465605520333041,-0.512588755696097,-0.788022288886721,0.369258225087842,-0.358000652045645
"1EH5_A",-0.247345652238482,-0.345623681839137,0.232536883143104,0.108033348093305,0.151159746258187,0.280069678181269,0.175195117548166,0.182814402357454,0.0942464587851472,0.302239977881056,0.623490965453864,-0.558073957915901,-0.909856893905372,0.32059727378224,-0.381356666726169
"1EUG_A",-0.2489671941208,-0.366498775676137,0.0999024430810889,0.151357076541488,0.17418611824358,0.296130792251718,0.173802178285858,0.186333970933527,0.0687923921721342,0.285041060095156,0.228683588060711,-0.358351843603718,-0.872649510679108,0.289383368822724,-0.40639445707371
"1EUU_A",-0.321097361827278,-0.391554675277379,0.11966847291834,0.0465627424671346,0.070511256011567,0.101653989704654,0.0919420826789803,0.146194301150998,0.0236086216569051,0.211460747095913,0.0232737110417903,-0.200288502366486,-0.81643429020466,0.17832594394653,-0.314343752743262
"1EX1_A",-0.226252302415918,-0.242785653231997,0.146264115652221,0.0870504851058889,0.176437484917996,0.28258339369324,0.166762142999152,0.0518926405638991,0.0729919491472634,0.16394039469297,0.101714954901152,-0.294835678551778,-0.854851754202634,0.0246405499376001,-0.280271086545309
"1EXN_A",-0.121780819224404,-0.194735179704437,-0.127740920097098,0.0695556472962023,0.0160364617324335,-0.063647773322754,0.0335739994087802,-0.120091062886808,0.074468795076695,0.167642270150256,-0.0150005250377219,-0.0935142933991642,-0.855645965314334,0.161876162966916,-0.291604230282829
"1EXP_A",-0.199983364501932,-0.352564633133389,0.156104594110547,0.133068960319714,0.0645814433380456,0.209465888183176,0.081963114020259,0.107460790250331,0.0910767177179954,0.337237624204454,0.40914633456394,-0.461110460743472,-0.879111025090181,0.237789867030784,-0.300511931785413
"1EYP_A",-0.130650615762397,-0.11618833360425,0.138833424481036,0.237854127030091,0.128016353301909,0.158568175721901,0.166485351693313,-0.0972879298612178,-0.11450442975349,0.187196433963042,0.0651877251770077,-0.189937513616075,-0.883929874330586,0.388264505547549,-0.440101436008709
"1FF3_A",-0.0986223241761011,-0.114345485308802,0.0635358925586272,-0.052136276347288,0.127812163831567,0.255858190551648,0.111066876454027,0.0467872432613767,0.0810125434065872,0.130218478365186,0.174993987039945,-0.304670076811355,-0.878306411520411,0.272959821709831,-0.301094216668717
"1FGH_A",-0.45417627950395,-0.527437732566156,0.0413096158189734,0.087805343269284,0.11889597654224,0.145598393866598,0.155307969191892,0.370763335122613,0.0746611586979126,0.544553117252618,0.516813329173657,-0.554412085540441,-0.914917120077732,0.254278452976702,-0.372687263422694
"1FHL_A",-0.296825504015195,-0.423344720305034,0.253098809278795,0.168446007867317,0.121660544247776,0.294949129779315,0.138410963744786,0.252232532399088,-0.0236959736016604,0.403117211316932,0.224814776547173,-0.347625827951276,-0.850947136670988,0.210487091812687,-0.329583758039309
"1FOA_A",-0.343819233407457,-0.490320052608465,0.1118506780508,0.183210906924014,0.140356662293994,0.0904054925693046,0.15348767400415,0.144343095334134,0.0722629553941528,0.418285251837417,0.187306646557024,-0.285477497127632,-0.846359105322943,0.226262233637595,-0.389375977679011
"1G24_A",-0.43467296313341,-0.417177786591285,0.238947737691699,0.209326862744589,0.20643488978084,0.128401698553685,0.2508028584332,0.247778617986967,-0.142640259889629,0.333335237189917,0.377552059921296,-0.444689758536395,-0.83952640459544,0.272574058907076,-0.329774462127727
"1G6T_A",-0.360013870634058,-0.511637858956358,0.0992665800304782,0.100991548876273,-0.057631436634685,0.106093955014342,-0.0127402296048606,0.432878874008172,0.167561074214644,0.507940865168815,0.456549159276975,-0.534362288686748,-0.812088353918674,0.221288803391397,-0.357892223457967
"1G8O_A",-0.101851635076832,-0.165650252603218,0.0952580751831497,0.109119284016575,0.225078218125076,0.231417899719693,0.233222448328958,0.0263689859755534,-0.0362770877976327,0.0912378296482504,0.238015188454803,-0.319658582902978,-0.919959825515416,0.277785311480286,-0.369790016879613
"1GA8_A",-0.357553015168474,-0.532133885651009,0.162752506928561,0.161429432517923,0.085633049723169,0.0642629885072584,0.129577950911739,0.364229586236061,0.0338259825958453,0.56694256189825,0.523040278803198,-0.505414540965688,-0.871300878560207,0.329800770520803,-0.410438539585829
"1GAL_A",-0.379340729974524,-0.413627015629792,0.0913820240314781,0.146072814491433,0.164042724701163,0.101982629920178,0.205214770755866,0.171631041064703,0.0318589379415822,0.416684861239033,0.471817518277195,-0.445407615791977,-0.885728966205103,0.197260533309431,-0.359844337090675
"1GCU_A",-0.178185849092635,-0.204575389741076,0.0391772598881537,0.0741455341666395,0.0945739870521153,0.179967182373089,0.117622484848678,-0.0362057899779534,-0.000440961172082224,0.103703791192767,0.399348414987438,-0.466876737728252,-0.806853652404518,0.156957692512467,-0.290512442369123
"1GOG_A",-0.23102897867023,-0.302344599865516,0.209123127386634,0.176020673453615,0.0860641618479964,0.176591664917799,0.11830731550776,0.337024051576193,-0.0062084016523004,0.204931560833657,0.332338323422615,-0.494546739759264,-0.868802094040961,0.259707549353907,-0.361318513981463
"1GP5_A",-0.130753845008055,-0.214550471493169,0.0260886913352665,0.0717802838723545,0.0930779658465876,0.0785089328463007,0.0608681263839114,0.221626828995248,0.101991595443739,0.135235180927731,0.407165138887799,-0.473909339993347,-0.880447332076726,0.362155111736859,-0.457594263983014
"1GQ8_A",-0.133100830757017,-0.195850394431728,0.214601720348804,0.155443169821143,0.142320635976763,0.273162309730338,0.155406851880146,0.181114024465542,0.0395153780958113,0.126093971905823,0.191252718864857,-0.397958657314373,-0.894622610937645,0.227122582932098,-0.37428125024355
"1H19_A",-0.485856386267521,-0.589806730790073,0.153875717264857,0.163089583993564,0.169679835043263,0.182168020780009,0.193275613750353,0.290505542543038,0.203665834462792,0.611457763693178,0.242858983488091,-0.325230236469824,-0.89623481135704,0.171724938151594,-0.273881985794214
"1H3I_A",0.137365926235789,0.0967200626654862,0.00543642156346104,-0.0178768139838558,-0.0932161660260495,0.179888442318182,-0.0962045461872219,0.0579706448934284,0.0385414627822891,-0.177642175209744,0.0190716075016215,-0.200517354565781,-0.799386650164681,0.330697939732495,-0.385215300860315
"1HKA_A",-0.00792733234442316,0.027971189437731,-0.203936659670502,0.0706823233024305,0.168219054900224,-0.0891187124583754,0.166094814373095,-0.260052738368125,0.184832490188836,0.21728640900345,0.289908375105673,-0.451802372152945,-0.812722632484145,0.268564194527081,-0.226970627643919
"1HPM_A",-0.413345305134075,-0.486021766031553,-0.19503800123525,0.0780439161576337,0.0469849281973022,0.0288360797739201,0.0659118536631961,0.254084969878109,0.10419858390026,0.481763041643249,0.494744192663923,-0.504665516741239,-0.900708844976864,0.197486585917221,-0.297971477400722
"1HQC_A",-0.0802014601205654,-0.198880392784012,-0.135707656968657,0.108772180812282,0.0155083525219337,-0.0761169050907916,0.0401608770271352,0.0391686700504646,0.223465252071838,0.262066284933884,0.0836115829326189,-0.190296872845253,-0.842001826713984,0.272233985002676,-0.378318885729889
"1I1E_A",-0.0768826688862252,-0.0694717936591663,0.190292758746265,0.11619815921873,0.0689805804024801,0.182976272748105,0.0850028762307376,0.0951242271107983,-0.0952914104136269,0.12259979477656,-0.0106677230807762,-0.297285592849486,-0.77185676039031,0.142990494301907,-0.326851630900974
"1I1I_P",-0.286232976680894,-0.347824905394862,0.0717731627174568,0.17545374442994,0.0840587745130567,0.0906299989053208,0.102356437945928,0.0901781777740019,0.0593111270913189,0.428529182759392,0.330083570893652,-0.411652282467054,-0.889273315161548,0.253984049633773,-0.322208182768453
"1I9A_A",-0.0845306156175108,-0.262734831053678,0.0867036257384022,0.0551347580875217,-0.0399884190909257,-0.0141370038893761,-0.0377678902234258,0.186848295173913,-0.0831732888849046,0.256512010036501,0.00485080803074285,-0.108503526916246,-0.852074400107945,0.282591371793601,-0.335434296408874
"1IDJ_A",-0.306259756313815,-0.282720677739871,0.215965756269757,0.0513003152098904,0.174650973500058,0.217275271348374,0.183572831718711,0.0508455260547302,-0.104881298564512,0.248177288706963,0.418914423094284,-0.510610541723424,-0.917445927374954,0.184338659076634,-0.306116489957869
"1IG8_A",-0.373764130234236,-0.481123815406832,-0.0333119177465597,0.138436072381022,0.101983793492077,-0.0397947709136677,0.1233771555885,0.0117933118467374,0.102263201029205,0.509394443516633,0.134298166269714,-0.211131378459273,-0.836028317519661,0.159645068444196,-0.333361716291323
"1IM5_A",-0.0051546644460419,-0.21617599984528,-0.0304681266694803,-0.0234415412693098,-0.000164247402180475,0.155565589268039,-0.00631945820830246,0.0156708056173821,0.203844647770021,0.140915567881144,0.0824369731983759,-0.178178906131777,-0.890192301318253,0.379287955453838,-0.439673315184042
"1INP_A",-0.375774017152444,-0.411251299842962,0.151530408399181,0.161349339288875,0.140153149953033,0.17039097004465,0.189833089385991,0.361929385689441,-0.0792250637308402,0.385335726425648,0.513275943686982,-0.545282821630438,-0.899826802213784,0.226686741827113,-0.358926358920333
"1IU4_A",0.0241528539389609,-0.0255001413471934,0.0970684753321411,0.00578848144312958,-0.0336268916054569,-0.0133006950352456,-0.0418737446868889,-0.0775999833755588,0.0352694728006321,0.000847513907705376,0.331037424104966,-0.421660319614559,-0.89091858612255,0.383821985068371,-0.474204187253749
"1J00_A",0.0514977395716115,-0.244706242007565,-0.167562075239022,0.0714204685123971,0.0427367373742715,0.196173014159292,0.0397590519599942,0.0528419203743417,0.366106605896779,0.281787949635463,0.419515291399961,-0.455216419613497,-0.901988054565012,0.31677961128296,-0.31216926962483
"1J09_A",-0.355494414663015,-0.478078640678562,-0.0112967714299881,0.0456841287798363,0.100855943200721,0.124187457143146,0.115185454387977,0.36874539005919,0.059436587868991,0.406533086574434,0.162791069961713,-0.444413040149571,-0.756061470480141,0.0544133247404068,-0.218885713267554
"1JH6_A",-0.249720465754542,-0.350595663247431,0.0721969174431935,0.0947565958649551,0.108290510283799,0.152014669103286,0.135860930654869,-0.0539622408611534,0.150740691970138,0.409683230718107,0.173839469455541,-0.264163614026255,-0.772730722064376,0.192906544492771,-0.286524981862737
"1JMS_A",-0.387167766782344,-0.429191696131098,0.191419177352504,0.194213098186633,0.142273208176734,0.175680337698128,0.166491929488472,0.264294571619794,0.00833631644346666,0.378140932236684,0.305412473319646,-0.34491724247724,-0.842214185884644,0.204179832682156,-0.315693654384333
"1JOA_A",-0.220020798091941,-0.29727150500326,-0.0668949523135054,0.0619075234115477,0.0571015642033048,0.0833996341055917,0.0591002713985477,0.281623312765096,0.107981244403406,0.231298673265549,0.197499207440248,-0.187421426731328,-0.870501393298787,0.186239056614016,-0.368610200963
"1JS4_A",-0.33150378870796,-0.405659148636958,0.110889868707361,0.0882161609087326,0.127287228394777,0.21289665975419,0.136830749019564,0.148622652447206,0.0169129288869764,0.320950724441105,0.332825712328425,-0.392349604615016,-0.768380293849714,0.0826281537348177,-0.29850135637281
"1K30_A",-0.233889376582625,-0.293547769630512,-0.104957143327312,0.107400303592402,0.120790037593878,0.100934743188447,0.101975631117112,-0.0135561171155353,0.197009418517262,0.420606108024196,0.306838053500968,-0.435647430494469,-0.862254717340197,0.321047456463064,-0.439849830967717
"1KL7_A",-0.43842783203673,-0.566892820518607,-0.138532141092836,0.108526435487561,0.157292314750264,0.0074882593806565,0.174156422373119,-0.0567859302224212,0.174642689641668,0.617245449494433,0.365283662537509,-0.427242342955151,-0.931331722924014,0.261324078655419,-0.348460651918564
"1KNP_A",-0.205416569855944,-0.266930890772819,0.108799340010612,0.016942631174939,0.0924070105693214,0.133051754719209,0.0959913508979424,0.159317558416382,0.00763731559231271,0.206363793886247,0.451632388135599,-0.407515563358541,-0.905639915701882,0.200406265921038,-0.30349349935534
"1L1D_A",-0.0623000846344743,-0.121499727915296,0.0532799456523101,0.0310890993054299,0.0701454114354695,0.362601067156891,0.0830505812944092,0.203416828025574,-0.0937645981081485,0.0394939511613661,0.315344492318172,-0.340526610506487,-0.842384529628107,0.372600452382431,-0.318059532795393
"1L1L_A",-0.478815146078237,-0.555975203127342,-0.0733477162492142,0.0886664509180751,0.123544311292465,0.0409933940291276,0.130033515716042,0.214730794608065,0.0928911644103687,0.603163612173988,0.399607283627579,-0.430227459456713,-0.889129416986886,0.204530116655215,-0.360412109356169
"1L6P_A",0.058718513095608,-0.261186227831027,0.184328155638131,-0.116364045984625,-0.037147249373991,0.326572868422188,-0.0190903982626856,-0.0961941230974928,0.195816430587869,0.088753116459162,0.171161433636349,-0.291056660512664,-0.709678188221646,0.173003422987696,-0.189012933726297
"1L7N_A",-0.0866312401941074,-0.159174560555177,-0.111131131193914,-0.0580587929621215,0.0687594713058197,0.0521145880581833,0.0753134850622216,0.132394315182226,0.152742531065525,0.0498784238320897,-0.166030472144655,0.0375434837361533,-0.828900930541353,0.120572100206972,-0.274546642280625
"1L7Q_A",-0.103122249534619,-0.133336137498585,0.175062712624019,0.0827418319630402,0.117419990267517,0.301724739896704,0.118188944284849,0.191875896980162,0.0230203009827132,-0.0334268071859271,0.442789260109075,-0.50058012161964,-0.850361719141649,0.244316971349139,-0.389710597889491
"1L8T_A",-0.390130930891682,-0.501700857251461,-0.0157174199138377,0.200330561624694,0.111185074705527,0.0229798897620691,0.13810315095827,0.245507416910496,0.0881743827166202,0.47265584951197,0.278339379838717,-0.383849817643522,-0.883178445805895,0.357726094424369,-0.44613880017792
"1L9X_A",-0.330014477336829,-0.372052892216241,0.132594942007509,0.13826975576585,0.150582230754854,0.248820859295485,0.149052319240048,0.259397459208892,-0.056056247609339,0.391585955448169,0.323338993701859,-0.425495978339523,-0.900601596359599,0.370510463892988,-0.451067014514825
"1LBA_A",-0.209244900315277,-0.35770273295298,-0.0348625089139029,0.0348704935298939,0.137997909269228,0.14365097838704,0.142797610313964,-0.00842752246576967,0.127594128558844,0.355966527683583,0.400538235288363,-0.413054085284129,-0.878954518553139,0.392483228893173,-0.437359010728779
"1LDM_A",-0.191752852659611,-0.327801331474199,-0.0795067769043482,0.0167140621916609,-0.0552052215398973,0.0531253478265076,-0.0406043539769796,0.331668233697797,0.0705504435314818,0.326779870555454,0.461201353126261,-0.353558027197159,-0.867422600667009,0.375444559200674,-0.452512027140157
"1LJL_A",-0.0678850416228505,-0.358221050544227,-0.0406436290564655,-0.0569050624976933,-0.0260467388550261,-0.0903776537407195,-0.0250756682718284,0.109150012065963,0.219842054481717,0.160777451140191,0.453036802212439,-0.4126661933136,-0.834275085072317,0.0830483091985034,-0.170386013054638
"1LVH_A",-0.369222258402036,-0.459649479800923,-0.140335660394901,0.123145791480649,0.223843223486452,-0.0254621793166617,0.218941639307619,0.070731668913528,0.141153416532557,0.544492961711186,0.481726300092583,-0.674917188954683,-0.768840849168787,0.173581578463544,-0.225133808989761
"1M53_A",-0.366016026183235,-0.396447418615865,0.208472010306367,0.0850048914694709,0.190011241618521,0.213717889920811,0.207261104179496,0.00539077076336429,0.0612030391013712,0.33152509540736,0.246957423391807,-0.327401267672544,-0.892844279013633,0.240782813520264,-0.365956359580291
"1MBB_A",-0.414435464048245,-0.561449262848037,-0.0549077084455454,0.198270282701984,0.101522857229852,0.0967765492973445,0.155475003466686,0.347827580567134,0.245648518723347,0.573502877228729,0.41752836964239,-0.455712545218699,-0.885402827663288,0.270144415482797,-0.362684757668249
"1MJ9_A",-0.315831712988075,-0.386199343597832,-0.0735427516650647,0.0139425438397594,0.0571819322344967,-0.0241800704403047,0.0600036734296134,0.423547048551715,0.132538470349363,0.465906547522748,0.523959867707997,-0.590505020048897,-0.832563417309649,0.214102166362585,-0.418114866309697
"1MLA_A",-0.339798987533228,-0.470847789733446,0.0674477739062748,0.198311950474204,0.11955241145239,0.119521853270811,0.156452425385899,0.170688145052107,0.0498153903757769,0.458864997241547,0.387959016898026,-0.449834136526781,-0.86756491084155,0.302988975496213,-0.44785697190672
"1MRQ_A",-0.196909027185838,-0.257298552015301,0.196228481416221,0.0573787539309595,0.16545904484325,0.233972545277569,0.160884126235651,0.313508301138455,-0.0260275194616058,0.134617862755701,0.239406833409342,-0.331816969765903,-0.857558900668872,0.365883221092688,-0.443447815406605
"1MUD_A",-0.0949678192782465,-0.242648472309668,-0.0254460860414963,0.162059966091787,0.00566200208546852,0.280154979791194,0.0466533164709521,0.0236641517977557,0.15946879462627,0.342495867647415,-0.135907353320519,-0.105205603374199,-0.779790923453638,0.283724891093095,-0.440159117642583
"1MUG_A",-0.143139256432265,-0.416437122441573,-0.0235879623141639,-0.0139455223077298,0.111021433637197,0.131185031883954,0.0931035791771416,-0.247684874280183,0.196602394187139,0.324305221489054,0.21761540674241,-0.192378830862279,-0.856982186493514,0.429099560423413,-0.474927158247696
"1NDH_A",-0.144553620692731,-0.269140803521304,-0.0259696199073221,0.0773102643078027,-0.0149548386432919,0.209524638275536,0.00896547371447569,0.168961500942772,0.0887683776935565,0.302851393932573,0.224313347474224,-0.348725830981736,-0.846140145855191,0.374305783484997,-0.449424480249582
"1NDI_A",-0.287507807935362,-0.358920865801823,0.118957066407362,0.107253812789936,0.194408698761629,0.155078675989881,0.201230220103318,0.258862994577567,0.0587718111012494,0.342762267243641,0.337181800674874,-0.369216893536682,-0.872362512443435,0.187839696746609,-0.341473174667546
"1NLU_A",-0.329836946113967,-0.368710859255675,0.145532878804614,0.152398760217626,0.105248297718559,0.174093053288614,0.120630616126485,0.293027889924761,0.0103961573552262,0.336389638767297,0.369854770039804,-0.45345030210985,-0.928234742067719,0.374892435686005,-0.40779114552608
"1O8A_A",-0.22020345846372,-0.320125272588319,0.161939464815883,0.0975373214112864,0.0920843654972205,0.305534081072465,0.106589395721219,0.318894364225517,0.107125882774516,0.283116499416744,0.378169490370726,-0.442887897703022,-0.923268382254331,0.175682134785216,-0.25065579675213
"1O98_A",-0.387563476312139,-0.500445990417883,-0.0147056737141388,-0.023856425287702,0.106114712131536,0.0258224305996479,0.0922206249249696,0.227591609032654,0.179743013269337,0.589711931341625,0.282393603968402,-0.390307219187986,-0.834162308640828,0.137147288375012,-0.342311480038129
"1OG1_A",-0.296618948711243,-0.461599950477908,0.25124904810595,0.118743167152941,0.149787168660188,0.241915898992513,0.160995207831112,0.124777012303483,0.0217581865544256,0.307946514060396,-0.0201020303029388,-0.215161120660174,-0.835098826652727,0.299269342255224,-0.304381626820383
"1OGO_X",-0.218700579442941,-0.223683142722285,0.101367455304528,0.0198419852016419,0.000565654797526584,0.0880107156177292,0.0124720912394594,-0.0294598270240865,-0.035082596811673,0.223628003947744,0.43828304743916,-0.529795157744271,-0.91210853352705,0.265993211538537,-0.373324449200392
"1OJ4_A",-0.329234737290791,-0.492138430481463,0.0336050822331496,0.239414861702494,0.168019830985812,0.0900651399321691,0.202754967607304,0.0400944562337626,0.0252956110962464,0.438946675023238,0.254352763110332,-0.35218491440602,-0.857985059412044,0.270978619123704,-0.406807221650762
"1ONR_A",-0.426812082185107,-0.566262143811274,0.0635441441220522,0.151202896085904,0.107728069028325,0.130554872136245,0.0805300651969534,0.420355835878008,0.0235007001202353,0.605576092972248,0.481960774068628,-0.458433120369576,-0.921503966015918,0.346853182094354,-0.435408520963092
"1OPM_A",-0.117816226712519,-0.120079139768674,0.0410055707616251,0.0721589227085137,0.140086881357663,0.106748681955694,0.13718528219522,0.0313415310128682,0.0231304637093611,0.194012148933307,0.316497035254755,-0.389830622115337,-0.867583454367495,0.266167975794476,-0.356486355078899
"1OXA_A",-0.167836669661711,-0.157821160905021,0.104963574251666,0.0638404427774446,0.154005735506229,0.235249549377983,0.165406118746651,0.222384328821675,-0.104509369986813,0.0985871056381603,0.533739934030695,-0.594002993915868,-0.895968508628353,0.246809257593439,-0.332686121109106
"1OYG_A",-0.461005222576453,-0.488547395272879,0.28017122938253,0.214353296755519,0.212894061833731,0.153309080009592,0.21871370188575,-0.028227106971562,-0.108273583350819,0.464939857138062,-0.0690176722060745,-0.0194811850551682,-0.895020712180267,0.36921911947638,-0.481774097887474
"1P1X_A",-0.272594379278338,-0.446405675407064,0.0284372593515381,-0.00876334769703289,0.109443953414166,0.228415199524864,0.0911671679081348,0.231168757790871,0.172284579964796,0.438136437261579,0.477530173520231,-0.526468420238053,-0.869772163414871,0.125455760494944,-0.194463467523756
"1P3D_A",-0.332827322156791,-0.466714917689343,-0.0562173573342456,0.00964704242186675,0.0936785673675451,0.0881595238065787,0.109731984622658,0.363934299823577,0.184653184882127,0.45570745924175,0.26568263485218,-0.284027458175872,-0.910462999361393,0.135563271882971,-0.251577395180048
"1P5D_X",-0.376205648298201,-0.471889015448061,0.0643315649813606,-0.0295785166056078,0.112220198849603,0.105332552533529,0.116976820771598,-0.0730407969077266,0.207513070827039,0.521072484264074,-0.017343913341097,-0.121355350856121,-0.901158107484042,0.136409829333012,-0.279546243351525
"1PA9_A",-0.33374141998346,-0.397731224310491,0.0891273932109897,0.121251622442422,0.0671261199069787,0.0650830301467999,0.0933646236700637,0.191493898024235,0.154521633140649,0.391227626543077,0.33055965749728,-0.379656650146302,-0.898370408298897,0.382106709418119,-0.492126669336827
"1PII_A",-0.186629193062629,-0.302944435752209,0.158946384809045,0.0698984665730203,0.146191932554935,0.199735934959871,0.149697331513262,0.0965405157369359,-0.00166646842094531,0.0651178743798332,0.144908999341278,-0.240296672359007,-0.766492045361915,0.127297203625421,-0.277287052477962
"1PKN_A",-0.236973272151922,-0.330295272261126,-0.0847736468438959,0.0269501746560143,0.0069371336887824,-0.00271187759096567,0.0132771879088422,0.101505283829428,0.0607376146737024,0.361828226877649,0.130963684032504,-0.189603806942789,-0.84328197142164,0.163932432829222,-0.305349484586233
"1PMI_A",-0.4255436825217,-0.543618140978152,0.0909680825364352,0.192170565345463,0.126533311061448,0.182701987252341,0.150428263042059,0.0879770267632622,0.123327219467571,0.591418617631687,0.175196000500446,-0.375719512085624,-0.821681406231746,0.205390756593004,-0.374764046170871
"1PP4_A",-0.227083206584128,-0.351351433461571,0.224869794697929,0.181528103100078,0.162730657104384,0.261025109684576,0.167206570867523,0.234008170348206,0.116956508136556,0.285695216879459,0.329392129991248,-0.480941668055994,-0.903865031788279,0.339604715155012,-0.401125298617087
"1PS9_A",-0.338929642284859,-0.375904286286449,-0.00637486322648823,0.136129594154079,0.12792726430372,0.132615511336691,0.141137675636387,0.228910443929956,0.0949020394422294,0.274158544929763,0.528653507004833,-0.618489303115521,-0.857896740594849,0.112977166852439,-0.284571480313544
"1PTD_A",-0.37414858770144,-0.456589768598657,0.11932710364946,0.218980294242587,0.110753535971689,0.144664933986036,0.139250278163994,0.169743265555644,-0.0684568582192278,0.475279172422275,0.425853530350497,-0.426025405106498,-0.890310745891192,0.418639641717103,-0.487483900535041
"1PUD_A",-0.191443957062501,-0.310605563907544,0.0322124197409847,0.0603800010671485,0.0614430158071612,0.142298122171889,0.0585649978585728,-0.0273483222943307,0.165813294204432,0.312666745886481,0.038486455733312,-0.112184698330317,-0.883958473853123,0.37632470857101,-0.432605715892797
"1PYL_A",0.0385612139647988,-0.33285511539417,0.252900191198477,0.118411688123191,-0.0911105131034355,0.234344961363035,-0.0674734422902781,0.0976689316370448,0.168548443427132,0.202468164822578,0.295991469395282,-0.38789285014512,-0.77955663233001,0.542387935206244,-0.509774699769466
"1Q91_A",-0.311985460954753,-0.393986327816752,0.0526190652098552,0.113724109188699,0.15756123833624,0.156279669212207,0.162216975462626,0.40582867983318,0.113994965837574,0.384739620218092,0.574242951884849,-0.521538644589825,-0.816673552815969,0.177693949713033,-0.28182225478789
"1QAM_A",-0.233132327905714,-0.315097369944366,0.000543438451630861,0.111865248377991,0.060439177620071,-0.00484718712369597,0.0950364139298062,-0.0210837616019748,0.0634863648013316,0.248006699682961,0.347829461549565,-0.454785914518502,-0.78037161853851,0.307679618255246,-0.409262768092795
"1QAZ_A",-0.0905620331099689,-0.0476980775359985,0.246318773301704,0.0781581892782855,0.14110340160919,0.131294222595493,0.161969569197164,0.0836039702204988,-0.159118553211942,0.0247748351375266,0.3121623430931,-0.426322059154929,-0.908963334427235,0.308692942838195,-0.399443112997809
"1QBA_A",-0.391254701997374,-0.41696984009621,0.270733283543371,0.181908018040494,0.161377153264984,0.24320887470327,0.193618660799986,0.347335356978621,-0.00490797398449307,0.380532309190889,0.489440651630365,-0.52629735800153,-0.919242820243682,0.253145483377991,-0.377942005891662
"1QFM_A",-0.244535858442423,-0.295459852255329,0.0305080136173337,0.0666947990707445,0.081065687968087,0.0979205611673434,0.0952114743027191,0.269926258784433,0.105376027820388,0.313416854597255,0.230618639020021,-0.382685336038391,-0.873456053375916,0.155967612104777,-0.29168238236253
"1QGX_A",-0.36963737576885,-0.51853439944205,0.0976764577978825,0.186750019768307,0.0829991419000826,0.163870759307507,0.0961566324873614,0.35439453943582,0.0603919333324341,0.519665441158143,0.466398852709091,-0.539745617365474,-0.880530161912479,0.268467041451114,-0.400332989607437
"1QJE_A",-0.289233736353555,-0.346475495109291,0.186901618591766,0.209699836490034,0.176576510698485,0.13604226244153,0.167754866320819,0.0469173166043405,-0.00652399290972544,0.268738472139945,0.301885058921177,-0.386037691739049,-0.899198814412049,0.335338107303472,-0.431263582173152
"1QK2_A",-0.244158683266088,-0.32732213754571,0.00555888349982678,0.103145284091608,0.190250061239879,0.101985951330058,0.197770092553414,0.0901064907950846,0.137942474511772,0.314547463669571,0.380047012962222,-0.46301354220872,-0.926486730724886,0.295981537948013,-0.329060683898609
"1QWN_A",-0.428309570213173,-0.453858444177501,0.271035724653481,0.155238943686982,0.165629208677641,0.152672612015727,0.206951807210159,0.463215403229328,-0.0644305125029314,0.382467037983828,0.574207009426422,-0.677215392429111,-0.881761670579191,0.232871031897534,-0.367022843333654
"1R1J_A",-0.241766504226144,-0.285379635003842,0.0735363528720286,0.0418175137215764,0.154557630304853,0.0519437720912693,0.156954067880712,0.272362778926414,0.0828348147926488,0.316446356057602,0.459275727162677,-0.459652014310178,-0.829911401957964,0.139822816851273,-0.311243650039898
"1R44_A",-0.250706468630485,-0.447216107952399,0.148871255338168,0.061730399365199,0.134345702901683,0.045582762169063,0.151218343948258,0.136637361734266,0.152006596455944,0.381940094588448,0.442054885070394,-0.446016043671627,-0.832472708117805,0.143157326445282,-0.167782969589541
"1R4Z_A",-0.106205436088944,-0.275627203056395,0.0346163330321139,0.0944649467794641,-0.0292923006278462,0.183425543555549,0.0172531207883129,0.28720509283338,0.0405470159950557,0.20554423890584,0.203461027641878,-0.320296517341995,-0.895837798475799,0.41165948336172,-0.402737435788895
"1RBN_A",0.0458395335886503,-0.0775240247910097,0.0724303166677398,0.15370133396886,-0.0500618082293858,0.148438544205465,-0.0280554803631128,-0.116516297107725,0.0362119931524859,0.0102486162955077,0.293736782724448,-0.453609680300827,-0.744047941938914,0.199336806635626,-0.251663217074942
"1RDD_A",-0.0059394950312526,-0.146298536754294,0.0900500590726661,-0.0713517568938,-0.000404612024982885,0.191194670589588,0.00757149247046428,-0.119067951712541,0.132992033867929,0.129590601394368,0.341955427027488,-0.247806130131752,-0.828296700131596,0.329793026378898,-0.313590426148947
"1RU4_A",-0.267801624841752,-0.182929686737569,0.179065119678613,0.0255146398219683,0.218511471152462,0.20405203175125,0.218706442779098,0.0511373807220668,-0.0837195871767968,0.164895616740489,0.417665148230159,-0.511389244277293,-0.871632764846106,0.258777239537457,-0.388646602693216
"1S3I_A",-0.310977918824495,-0.37968253652341,-0.0810999738129336,0.0302946398531799,0.133161595980517,-0.00990801467391241,0.14772662455625,0.30925517477218,0.100719383714101,0.494330334535628,0.483717285251083,-0.539842893971533,-0.732411208111346,0.0326753218941092,-0.267094894146927
"1S95_A",-0.227687527353083,-0.418294739495349,-0.00439307034637263,0.0128880654607002,0.0466373624367511,0.0770492437881836,0.0627975220803057,0.0191150728692883,0.131155099522435,0.385995731445195,-0.0184146400515846,-0.0741355750542644,-0.885031578791245,0.353417689386099,-0.425844821689901
"1SCA_A",-0.0927870046882931,-0.220579279499376,-0.0199535113932919,-0.0132719349821964,0.0123192923903327,0.282127967913405,0.0207559244853445,0.176633711975701,0.0924720566053402,0.183926646675231,0.324110174942429,-0.378820440124862,-0.92458206881275,0.352375428053278,-0.375869884996972
"1SLL_A",-0.196716177289018,-0.261648354802456,0.0888897101286014,0.0542491415200022,0.0642337196661626,0.182906292467121,0.0801971891892899,0.0757992689278448,0.0154946389422044,0.20030086780025,0.270178763068664,-0.388918029074539,-0.846030544867315,0.182393631441636,-0.40048723968945
"1SML_A",-0.0849345008782448,-0.0877762483323604,-0.0447381647882427,0.0967149304747869,0.0211565576900118,0.119721276017942,0.0301429663618209,0.186989023410711,0.0642751497902477,0.0868359287413987,0.534817026872254,-0.490438424296907,-0.919832806785071,0.373191024640323,-0.405933109794533
"1SNZ_A",-0.0194826202126627,-0.198073568813331,0.110191110366791,0.0214237191295442,0.00330784206001701,0.257343348017446,0.0136410608270385,0.177655234858327,0.0123467040716522,0.0449701466383686,0.295131197397545,-0.399352123757043,-0.901043443586472,0.315917949684501,-0.355594246672574
"1TAH_B",-0.277065117237465,-0.303751192537144,0.244444111384413,0.166146894897899,0.137663888725489,0.144410786577113,0.166643460269901,0.0496139897293329,0.0693411001831488,0.297167921916062,0.133644928010173,-0.255623267922627,-0.889292924797651,0.285210212303674,-0.426107015579667
"1TLP_E",-0.219748559592392,-0.358791908902079,0.155045902068261,0.162268596884178,0.053602739537679,0.216203128567657,0.0768341325923546,0.160291694899602,0.0587446738895203,0.307872999594482,0.0534794841526708,-0.18689703299514,-0.828010550206085,0.310723095575416,-0.470897143592855
"1U3F_A",-0.168781903771817,-0.307668867603784,-0.0775594704191165,0.0658709367297738,0.254476754190833,0.0143004296111893,0.252824765183195,0.0528014386469374,0.264748055983115,0.339127341176032,0.420237227874168,-0.408103238385378,-0.867538219752409,0.330511150650803,-0.428474260231733
"1U5U_A",-0.179410854881026,-0.185915790542816,-0.0324303246621798,0.0084720362461516,0.0335739171420829,-0.0329335532228175,0.0624113420308824,0.228667471323464,0.0140515218666618,0.195855579577453,0.419926974823914,-0.369454733832473,-0.918436772563709,0.318617607537447,-0.370013289674554
"1UAS_A",-0.321541175384704,-0.415500364062424,0.14190750797934,-0.0262204452013001,0.123040941278653,0.318094862526326,0.121584391278474,0.386701858611165,0.120501885934843,0.382964480993903,0.559095992701154,-0.644163250554839,-0.839475179355798,0.0235268316739774,-0.200167857842477
"1UN1_A",-0.164790669719947,-0.210694033777648,0.00717876222472143,0.0844490517323926,0.0362939926166781,0.188808979383092,0.0266930703616582,0.259463047220354,-0.0954134822964641,0.188601450598694,0.493313351395556,-0.562913911367637,-0.865865513670336,0.337934958894281,-0.455001592439664
"1VID_A",-0.127110530448171,-0.251391640157506,-0.109881863021931,0.114016486607513,0.0610895487888868,0.00576381661844922,0.0548791638549816,0.223421153533776,0.0858316923507758,0.243548411801287,0.39886800059753,-0.459997735464341,-0.856831961983118,0.397482545696785,-0.507800610752514
"1VLB_A",-0.219712098013731,-0.247668040871338,0.0209831433836825,0.0212845828608691,0.14368242579474,0.219608606151015,0.144502430324443,0.257164628650777,0.106586849599329,0.203457353106612,0.677191043433358,-0.705141770051001,-0.943091132011492,0.155815559031396,-0.223303924687336
"1VNC_A",-0.222494360054511,-0.226104052169196,0.227176933861616,0.143944549531214,0.132930410830964,0.235002708801646,0.156724972983735,0.187844168342605,-0.0419894817434288,0.165447756075415,0.396343066922015,-0.428756826299678,-0.884994888170746,0.352493264470939,-0.468950339627043
"1VQ1_A",-0.238541091317926,-0.362582990016682,-0.058988767586266,0.0728329996071282,0.117885199079656,0.0468691174087285,0.143957933505008,-0.0354285626683197,0.157109084228083,0.430145350675693,-0.0673113284836588,-0.0421639991903359,-0.84959957201558,0.090950545757909,-0.29952217783246
"1W0H_A",-0.343252803149948,-0.45725111671174,0.180665152121661,0.100848043339034,0.165854945871261,0.121875465421126,0.164951597532055,0.0940066167315419,0.0626123787713437,0.290963244011046,-0.0496668022507457,-0.120494512836099,-0.836512734482647,0.289668006450985,-0.359213545059645
"1XQW_A",-0.164978499974765,-0.182320244488684,0.141668654573044,0.0496695370772693,0.172930623167811,0.263704237074131,0.149987829621521,0.0124033075703401,0.136813245713484,0.0952889509990275,0.40908511210736,-0.405062852588031,-0.888481708980593,0.342615676432841,-0.43523961200067
"1Y9M_A",-0.435302084807825,-0.508430056777839,0.198584982218948,0.120423754104785,0.218533405137468,0.208458777349893,0.23260977201309,0.384939802822652,-0.0180581446413945,0.427115786730109,0.396185800995711,-0.5304287453514,-0.852822862171899,0.223564721271487,-0.396223498259291
"1YON_A",-0.284364723173087,-0.392624246308494,-0.0983355486262268,0.169099919878706,0.0578351248613572,0.0623280141152775,0.0896978884788428,-0.108390846932179,0.076356414337871,0.393508575628717,0.00705790504698847,-0.234037348106673,-0.801280732657874,0.262376998099656,-0.437893736755669
"1YSC_A",-0.284617724485475,-0.302263889751309,0.110970804334164,0.109052314943134,0.226964957331514,0.229061901824949,0.219113760147477,-0.157673729078851,0.122067477472803,0.241255451686958,0.196786776747763,-0.258324523829174,-0.916880804346844,0.352627179125463,-0.377468439986706
"1ZE1_A",-0.264471276220073,-0.390535758598918,-0.0549158244591535,0.0113222232542,0.0282053306127621,-0.0157977535994048,0.0320353782733027,0.00362546760141438,0.0279713924943243,0.30918852045395,0.283078084914317,-0.10717839798149,-0.797666650600927,0.0594915061949775,-0.198876004425856
"1ZIO_A",-0.238361554724747,-0.408977601057266,-0.14957987022288,0.175732318484152,0.12410081106762,-0.015165533602637,0.148290943726682,0.200374337612709,0.211084346859821,0.347603305467793,0.160226947937038,-0.289943994415889,-0.871012829447567,0.392282579272185,-0.426105816177577
"206L_A",-0.103877403755061,-0.258679824574172,0.222281367744034,0.0480640851140587,0.0512701023113075,0.290845249039613,0.0484440346689386,0.252242349844074,-0.0168725971819931,0.171491807570375,0.253314581545996,-0.410025096173305,-0.788861393190951,0.283125706361225,-0.399595608739062
"2A0N_A",-0.2930857685532,-0.43382875673498,-0.0989238031327737,0.00948943900125725,0.0730058983586137,-0.00819160811519694,0.0645889079535612,-0.160321299516885,0.156819230817285,0.557807136270066,-0.0305438164914114,-0.115013160928373,-0.900738942533827,0.325527463552418,-0.413854259021533
"2ABK_A",-0.198468531918339,-0.328927239706302,-0.163793078751651,0.138062463207323,0.0594055233132936,0.0336020749844889,0.0530539092995363,0.0159039266012554,-0.00453766842167526,0.423212304681031,0.277311661180737,-0.240588412083986,-0.740032270416294,0.238127704535301,-0.36064106142335
"2ACY_A",0.0325342125379662,-0.112696505089789,0.0720049106083035,0.0604042772835666,0.0314532403143061,0.207570463031096,0.0350383891841716,0.566090223941354,0.273511512052746,0.00768183323877037,0.126299956234326,-0.24566721536933,-0.738638434143225,0.282763074121673,-0.434835569634161
"2AYH_A",-0.281212274930476,-0.385126373797028,0.201477447063303,0.152414454322967,0.101733025436458,0.215698263262867,0.110822562532648,0.255999075270039,-0.220905956069669,0.289757857005524,0.180609615964472,-0.237365381963065,-0.7956264432995,0.329535828126399,-0.282508461369956
"2CPO_A",-0.236878742632669,-0.288271377913659,0.149508746238904,0.136055390647436,0.044674512118689,0.219937474432745,0.05404340789952,0.275368133355827,0.0115061191193358,0.19131029036271,0.53033637259013,-0.596079470642133,-0.900367797881477,0.429218280813171,-0.502499938142014
"2CPU_A",-0.279144679413227,-0.330955120038677,0.260830205164387,0.197816765402235,0.21106234552594,0.291751601901166,0.222873994669095,0.22883264187333,0.0348374440905596,0.1978517371731,0.273890387463859,-0.423564812292283,-0.82643947045506,0.255823382336229,-0.405160066435321
"2DLN_A",-0.417524440663759,-0.503823641375226,-0.0483276319241113,0.0429691630843953,0.099388015815733,0.125772685663962,0.0920499979970326,0.348772940078217,-0.00390007886886768,0.503438234586463,0.672614333924925,-0.6329002454665,-0.879953407463309,0.130527587025997,-0.291164133730294
"2EBN_A",-0.326931303352665,-0.39538173007469,0.187619955334418,0.169804826294857,0.121190858896526,0.2424280432889,0.132641083561507,0.195033749677888,-0.095206608195461,0.428815611168571,0.434302567759321,-0.541821594106732,-0.86471543887627,0.339260407643549,-0.478565241380497
"2ENG_A",-0.0932986069240896,-0.173952453393625,0.0158749452205456,-0.0188086780672458,0.0870905611081414,0.245511403758785,0.0571759085071277,0.0726856525322829,0.0410656599388257,0.195630473081394,0.314093816066466,-0.483789206349621,-0.867336844440669,0.390308604409649,-0.45858897755232
"2F61_A",-0.340411828470445,-0.395332474329919,0.241377379462296,0.131865110384068,0.189244103942867,0.160407662526711,0.201407686776323,-0.067229196103693,0.047345259261329,0.297534023156277,0.131901459211316,-0.195382779359208,-0.846675276949936,0.277484688640393,-0.393142447219176
"2F9R_A",-0.0667319440622622,-0.247955724632111,0.00472728366042234,0.0822559609391674,0.0145782201852824,0.0285207142775923,0.00468184404473981,0.0308886059572057,0.196137618142701,0.342313080411347,0.233193485804196,-0.383488458835169,-0.872770177802438,0.380212893061274,-0.463681779217012
"2NLR_A",-0.226373333719735,-0.342643422600015,0.253686375277709,0.152267426793549,0.103754490296572,0.307190799676861,0.109272675992491,0.251730731424078,-0.0695133714701181,0.235971549205346,0.494490723091985,-0.460339925403049,-0.853827183014253,0.413190279100378,-0.496755973639727
"2NMT_A",-0.102431499973522,-0.140011399007635,0.0453374763582028,0.0920301780048516,0.114092040438871,0.148912841480494,0.127096491367669,0.421395384954268,-0.0996920677928251,0.0825896529550933,0.365901220506969,-0.33631632188724,-0.901987958986739,0.328488000059334,-0.422928672694937
"2PEC_A",-0.384112744520611,-0.389064149227071,0.181553469017481,0.181892853993544,0.224882968318124,0.0289718250878493,0.247764963306161,0.13167367592245,-0.215034859570974,0.357467355926394,0.360288037974712,-0.468852591705466,-0.917403274237294,0.288028931858766,-0.424905182226856
"2PIA_A",-0.285702683579258,-0.383025443405908,0.108488057909487,0.191714911252137,0.0697296206081948,0.194807863210176,0.0803511788639516,0.0434531215481312,-0.00520148126609012,0.277004450458523,0.23048854077667,-0.287987445888136,-0.856586725794086,0.180133936848627,-0.279252971112767
"2PTH_A",-0.125802461836793,-0.275877136592404,-0.122290342631957,-0.0296560201618145,0.0776314555882194,0.0859492328061861,0.0876103003665415,0.302404256206369,0.212900121629494,0.223962853967518,0.327607895040923,-0.392759409228541,-0.878750868956327,0.507066088773463,-0.469111935531882
"2SQC_A",-0.351832985510194,-0.378173476040375,0.113600639345525,0.0376915510059134,0.149050383493208,0.153712829891462,0.147559007380421,0.255831741680214,0.123118182800101,0.319976420456823,0.538225697568596,-0.523106166459572,-0.885145016137967,0.120321009708589,-0.278904596407285
"2THI_A",-0.190915208536066,-0.22112207427893,0.0605384077907492,0.13511564213898,0.082902717748987,0.0303311895168919,0.0992027762787079,0.191159635025611,-0.0269616005033467,0.166919425014822,0.183432501470595,-0.343028377847563,-0.853637049504602,0.196009247831275,-0.39391293953751
"2TPS_A",-0.144911479843698,-0.38589950726314,-0.0709790674933339,0.0742250874348804,0.0554327152845594,0.0682075467240174,0.0414390167083045,0.245861274485539,0.166319842090313,0.462902975358452,0.375677048703198,-0.533406215596632,-0.831841833125723,0.293652972800063,-0.390923270653992
"5EAT_A",0.0506106823355547,0.0200318052819974,0.117323817062332,0.0280657849496446,0.0997068196181532,0.202493781337232,0.0950020119844057,-0.0504839234040485,-0.0610200889813924,-0.112566005552162,0.360147132607777,-0.406510793245991,-0.872324014337294,0.203180748153984,-0.316726294884037
"7ATJ_A",-0.067311508254601,-0.127352777444281,0.0415201437927521,0.0655601218849398,0.0709758974633399,0.14372012871571,0.0910813178047887,0.211393275905438,0.150095877951788,0.0187303354202137,0.384354839508677,-0.413087170695585,-0.857544496928525,0.275393993353598,-0.41318698592332
