"pdb","edge","area","volume","eccentricity","sphericity","r.edg_given_area","r.vol_given_area","r.ecc_given_area","r.sph_given_area"
"132L_A",0.628310841544115,0.64563296249992,0.642211969498656,0.632745228976297,-0.538291832514521,-0.0355057074724255,-0.0108931083253463,0.0945786963794136,-0.192353670965522
"13PK_A",0.527896504649718,0.577218087865293,0.574958992376301,0.531991414417824,-0.483129393658688,-0.108184448909627,0.00433153258039455,0.0331462034190467,-0.038910272264347
"1A26_A",0.629934265486447,0.67600890437006,0.667645055361238,0.65623226363406,-0.609423208904071,-0.0869046337043136,-0.0650432128903482,0.0783663553761304,-0.140987858686045
"1A2T_A",0.607343774812716,0.628811278770158,0.621043464765571,0.610746246971436,-0.514688770513944,-0.0225078563503171,-0.0820204252898824,0.0511055348059783,-0.146447559365978
"1A4L_A",0.624860947332352,0.701507653246642,0.700558460540829,0.662614243653218,-0.554007634186163,-0.17975528716588,0.0403321462497186,0.103468605873298,-0.00546448705256087
"1A65_A",0.565870675476313,0.61887864719591,0.607017790582038,0.558981757174112,-0.53955944394384,-0.0773252084459055,-0.0535933913607791,0.0528020552552682,-0.12834220038253
"1A8H_A",0.337405519216813,0.35236048969189,0.351061971513785,0.35539001718931,-0.333920558179052,-0.00344991802041741,0.00487794902334903,0.0828973421066504,-0.0838152996041772
"1A8S_A",0.465195773539693,0.501258517651227,0.495721610292995,0.454389160169056,-0.368599832705182,-0.0433197192848117,-0.0276531587491829,-0.0183216312806171,0.0489730444797688
"1AF7_A",0.615069094549946,0.658191933694856,0.648116003236726,0.65695865824174,-0.584826045469516,-0.10519709557552,-0.102173320426315,0.163683010054098,-0.160900500304244
"1AGM_A",0.563350523022416,0.588734272599307,0.593904061469376,0.592370883795512,-0.525606421717929,0.0278869026834727,0.0975060809965571,0.192637327884241,-0.1195872390399
"1AGY_A",0.651374789924279,0.691435133035195,0.691396673096473,0.62200866446822,-0.581380841036977,-0.0958414918027033,0.0427045835028314,-0.0801278332770868,-0.114212957724657
"1AH7_A",0.579378894765125,0.660780560514875,0.646836690548188,0.63202459272309,-0.579591463709783,-0.247441623368952,-0.135755100875229,0.114428948763715,-0.139405606737912
"1AJ0_A",0.508661596201812,0.549442553406635,0.545530309220044,0.517502283177845,-0.47296350543506,-0.0587413313145782,-0.000102084023249878,0.0251713221020162,-0.0521525061501689
"1AK0_A",0.658905439361869,0.700397471124583,0.689614128053587,0.695901639527874,-0.633123381159886,-0.136343774949643,-0.108886272152612,0.175073860679901,-0.169911719494368
"1AKO_A",0.493370404647708,0.518533873145704,0.520088039694204,0.512127963402068,-0.426880447315933,-0.0491435329853462,0.0482068283163905,0.104516811423882,-0.0122675257991497
"1AMY_A",0.47793519447073,0.492088620195995,0.499451217792152,0.491036113341544,-0.402955196538924,0.0149587805292068,0.108632171986228,0.123121066799738,-0.0142486790144772
"1AQ2_A",0.602117584358175,0.663181268282108,0.659265566826375,0.666364364799452,-0.58953328417994,-0.0688150300983624,0.0135775102019806,0.218777017270439,-0.140125423193157
"1AQL_A",0.482257982230908,0.539544982622401,0.539851121266463,0.475603825149057,-0.434281860350976,-0.107526004004026,0.0401922657541051,-0.0259622001602659,-0.000761524425177816
"1AST_A",0.596391759172913,0.644299139878898,0.626531329730732,0.636548600269771,-0.577637598537376,-0.115352265986449,-0.137377071685098,0.120122330813638,-0.175654148422496
"1B04_A",0.471598166556781,0.493325684707122,0.496019531786005,0.503613572754545,-0.378740751908217,-0.028908726958024,0.0594212166692539,0.133428495882984,0.0222352440508461
"1B2R_A",0.566252383099281,0.599977189003104,0.581866655298533,0.596071898260893,-0.553964976921307,-0.0779761342077801,-0.161200032292854,0.105868793580405,-0.173506877551324
"1BF2_A",0.398654167309683,0.447368292235959,0.435920964472227,0.443411780470036,-0.434377185049487,-0.0823145450776964,-0.0600868796781528,0.134357499176371,-0.158908295962947
"1BG0_A",0.598275265035381,0.634575928429684,0.632982877159918,0.627821784687396,-0.554384900579487,-0.0323207896041626,0.0293867672972246,0.167549969932627,-0.0889249952187391
"1BH2_A",0.500597439708992,0.536061138105321,0.537933316978799,0.512057816045246,-0.427769067198003,-0.0510774655795987,0.0556528009381746,0.0481511545647206,-0.00554502055197038
"1BOL_A",0.624687647142375,0.624762230687876,0.626327388326543,0.617750280593974,-0.562405450973574,0.0976013469104092,0.061295434024467,0.125613995949325,-0.163938725140483
"1BP2_A",0.661933411473903,0.694822229106198,0.685356777081214,0.667222454513417,-0.594211085384419,-0.115810904966524,-0.104546699020497,0.0427817053219083,-0.169600991479413
"1BQC_A",0.547167493293693,0.606717353357483,0.603525066082919,0.583283211212904,-0.599348559215992,-0.112435426497423,0.00430888083988645,0.108867654661854,-0.270243310990144
"1BS4_A",0.59381992099635,0.615000779910246,0.614256303549354,0.602201610637691,-0.483291769845266,-0.0530480589732319,0.0153112763519822,0.0320843386932479,0.00746889442803732
"1BS9_A",0.561487242743464,0.59296733053717,0.588036918145093,0.564344825337335,-0.515617765325788,-0.0795254258093821,-0.0366811496863893,0.0737139845909118,-0.0885331761586231
"1BT1_A",0.526610376864557,0.593718015857166,0.581420432405972,0.544596555170852,-0.525201405253027,-0.143109322591733,-0.0749639533820477,0.0434930052206572,-0.12759643085829
"1BU7_A",0.460614069508319,0.473127320508225,0.475688388663364,0.46832884941486,-0.388251413701598,0.0269930987657251,0.0559551376615657,0.0992463712421886,0.0112820642912093
"1BVV_A",0.549832783635334,0.55676973227012,0.562193250991004,0.558990124435598,-0.426832723907731,0.067107975211692,0.0947089752165077,0.141359418384762,-0.0425887412859597
"1BVZ_A",0.459588972399958,0.521935167965805,0.514297085110644,0.503038987510079,-0.477808226566202,-0.10640533999078,-0.0305609206452609,0.0887541654709782,-0.102378927104651
"1BWL_A",0.556899540554979,0.588468845218966,0.591021393346618,0.593923059554416,-0.487821862155246,-0.00374418880217896,0.0729121197401719,0.186214701863677,-0.06316385486016
"1BWZ_A",0.577591390982571,0.620593738019301,0.619064213238353,0.599632362449191,-0.498134300130109,-0.101338899800882,0.0129632201274373,0.0818788544894168,0.0331171156508598
"1BYA_A",0.52550728108864,0.586810890346522,0.584263017602307,0.535486885300118,-0.486526753712637,-0.113549795232949,0.0155174676244526,0.0494434151916054,-0.0637457706786912
"1BZC_A",0.610712531326114,0.647850359582384,0.643656547806936,0.625804619521357,-0.569820175385124,-0.0558320942296143,-0.0169712953262671,0.111763388469369,-0.0996458026123848
"1C82_A",0.580967336038622,0.65361091425165,0.639825888820296,0.598966892727623,-0.585575985505998,-0.140606361127701,-0.0994652686712542,0.0859792626412699,-0.144525461192791
"1CA2_A",0.673352183626339,0.727749496464309,0.718322774756333,0.677804823631813,-0.646256528036396,-0.111728627146615,-0.0514375266118742,0.0215279085961836,-0.151982407014353
"1CB8_A",0.591081779020406,0.672269049612164,0.658635529595696,0.628419854040573,-0.597721673369545,-0.175364759804243,-0.0890307065132232,0.101115297261185,-0.114410490277135
"1CBX_A",0.540701647260778,0.594134657975765,0.599551452092513,0.569922598181151,-0.449091446541606,-0.0913201765859044,0.100263702614081,0.0944538259138224,0.0457668681036868
"1CDG_A",0.41504619354572,0.457624673051653,0.448518559160786,0.496196815345885,-0.441684925729714,-0.0674742461964984,-0.0460676322766007,0.219645154500367,-0.134847939808652
"1CEL_A",0.627389272943081,0.682791588291939,0.673831636941095,0.597239429468976,-0.569850496510021,-0.107043563939304,-0.0478330985791086,0.0132572067165768,-0.116542770603976
"1CHD_A",0.487129657963384,0.494100723181832,0.498130265609444,0.470191314531732,-0.405011313627504,0.0396516992948662,0.0758858592585746,0.0264717635292682,-0.0559646668803148
"1CHK_B",0.526493513315951,0.569078342718199,0.555740012722108,0.559412737842324,-0.569210083706515,-0.159230078725604,-0.177295104452942,0.0903029012258624,-0.238996449999759
"1CM0_A",0.423670327626942,0.482794633612303,0.4656824141467,0.461987586059199,-0.436012295398216,-0.199670854529536,-0.155576496752796,0.0298479223077106,-0.111608519046319
"1CNS_A",0.605583750110175,0.653595361616169,0.641473700921355,0.624945456108908,-0.563621260434289,-0.0864034157536739,-0.0852814291183651,0.0479384550286867,-0.116104172469413
"1COY_A",0.507081072869134,0.55359940064701,0.548755663962024,0.48555457891704,-0.488266808081823,-0.0644237294481836,-0.0150080250204087,-0.00915822913723949,-0.0719251788632197
"1CQQ_A",0.366718880626168,0.377253237661861,0.382946872961746,0.371230371553164,-0.293554535291736,-0.00102346185058524,0.0878262438810728,0.0516695593158718,-0.0147621515910659
"1CVR_A",0.387356147258607,0.446533376687862,0.439804199589809,0.426922134344823,-0.378780482753892,-0.0974478276284196,-0.0327751573412014,0.0793494713811517,-0.0279665107100284
"1CWY_A",0.559225327351383,0.611227595557692,0.597325412347957,0.587946258227788,-0.572155523279712,-0.0647439551753882,-0.0929863289906006,0.134127295161862,-0.185486825087549
"1CZ1_A",0.622596653788813,0.686074594981419,0.66814261039186,0.629022384808781,-0.635121247400937,-0.133955003889927,-0.156308178075049,0.0627508476647311,-0.220315164567801
"1CZF_A",0.554519639790153,0.567027873984351,0.579863281477068,0.523413917727764,-0.506097512819188,0.0255499192218956,0.174134533545321,0.0293265390132969,-0.123907347962633
"1D1Q_A",0.56254922981563,0.628658073005445,0.628334097870572,0.539091638483236,-0.518537879580929,-0.192406409009248,0.0349965497894471,-0.180622605979205,-0.0479608998005013
"1D4C_A",0.595050537412286,0.652238422063074,0.649235047344436,0.577607999481452,-0.556232844981418,-0.133515771322179,-0.00590718947159208,0.0160006798365274,-0.0648244397469875
"1D6O_A",0.529428221127602,0.557009191750061,0.53606254946706,0.568979401597399,-0.409108747934301,-0.0639973392976475,-0.191103876872387,0.159940035290789,-0.0393489998404738
"1DDJ_A",0.61312481187047,0.655863419784269,0.654131656010701,0.60694875849543,-0.586700780541374,-0.090738569934382,0.0166834930134941,0.0158747441700327,-0.125702685347104
"1DGK_N",0.511705440859634,0.554904426721165,0.551369468198517,0.53490643109614,-0.484588524828739,-0.0668493207129463,-0.00741750464424425,0.0871170659018614,-0.0550774201883692
"1DGS_A",0.44996885108742,0.482424031302799,0.478666788155981,0.450648080955122,-0.398859239036065,-0.0643091948570243,-0.0152376475581541,0.000609667606310105,-0.00557657316480437
"1DNP_A",0.553755875692679,0.621484845194967,0.608015044006034,0.616285184679266,-0.575581384975736,-0.155086555350941,-0.103701826188526,0.154692617914761,-0.158193099603217
"1DVE_A",0.670133652013437,0.702937956984264,0.697670133076167,0.704845737004909,-0.660356992646708,-0.00624592715308388,-0.0298491278256108,0.205402262035977,-0.212715089418531
"1E0C_A",0.534182252050636,0.588032952056468,0.586817465017969,0.561513299390932,-0.438760294684215,-0.112791664298222,0.0280197705401624,0.0244871616379173,0.0161824455366093
"1E1A_A",0.4864326376941,0.555236767709973,0.542132435369623,0.493457344386216,-0.487427954293219,-0.154144581826371,-0.0996568298865817,-0.0235144485092482,-0.094675465404269
"1E6E_A",0.577708629147996,0.632800612446582,0.622713180550117,0.609565659191038,-0.592780871087802,-0.133712103289181,-0.080913198167011,0.110654767794809,-0.174979292604191
"1EB6_A",0.644886237664746,0.656052016862811,0.652752815314705,0.626269391933309,-0.566750670662881,0.0402350643783921,-0.00732636150411782,0.0386050141988172,-0.134558111988736
"1EH5_A",0.683705509965503,0.711102300944124,0.710027835724424,0.687191098345994,-0.606924485071939,-0.0246210644045003,0.0341795428415758,0.087125388976503,-0.143944350537241
"1EUG_A",0.619716407567816,0.666315487817632,0.657456589936631,0.635021931190381,-0.615094029641108,-0.0971047659117098,-0.0449283082083634,0.0544851179864375,-0.157277840126219
"1EUU_A",0.31119066560021,0.347492921442887,0.345006941014311,0.301094430373274,-0.26170379380792,-0.0783712317613365,0.000324058599305068,-0.0337544153329674,0.032789304991982
"1EX1_A",0.567232593114633,0.599902523498245,0.598688734826888,0.597621726192216,-0.539725018654928,0.0237362215388183,0.0431322870017232,0.186561588253045,-0.103354867532616
"1EXN_A",0.333307594251775,0.373874242837555,0.370140989930557,0.354204666583809,-0.337456739100017,-0.117196266090056,-0.022896655153961,0.0233209483051857,-0.0597528601136572
"1EXP_A",0.552907497471998,0.597033487004616,0.590235709572846,0.574249503870809,-0.561668607523633,-0.0671571373193951,-0.0327923932806696,0.10628707863715,-0.183872989989726
"1EYP_A",0.421352913767665,0.479849872168062,0.455454728652227,0.490753661888413,-0.505772113002515,-0.153497998077321,-0.240591373439807,0.129666138930539,-0.243295921017044
"1FF3_A",0.500451474271314,0.521564830726113,0.528457903582919,0.493309582089727,-0.408749241716912,-0.0290318518498752,0.112219636289108,0.0131397196407855,-0.00589076956427523
"1FGH_A",0.616075910603389,0.671438475051874,0.669345865928116,0.635048623984674,-0.571688080210565,-0.0656055009073599,0.0259740103146422,0.12801636610882,-0.115586839094468
"1FHL_A",0.502520145999125,0.567950783429433,0.552957688175876,0.563009285970106,-0.547984466966322,-0.135591886199781,-0.10233118700654,0.146370762429426,-0.201319444363608
"1FOA_A",0.593654300458881,0.677241757616264,0.669417686274672,0.660262103846479,-0.620771107970447,-0.195260489674557,-0.0533089627942216,0.164069712412525,-0.159281697961452
"1G24_A",0.468373650948526,0.542073060330441,0.526852811835606,0.477567611450068,-0.430049932153198,-0.313254638035591,-0.175640572942904,-0.124207593777741,-0.0173797773996412
"1G6T_A",0.617567893194099,0.663691155366571,0.660240957928902,0.642939619195058,-0.555603444651908,-0.0372739705697959,0.00693527956094979,0.154596357117949,-0.0885185071424733
"1G8O_A",0.594731103964184,0.646058873836452,0.642076573119955,0.606295512348237,-0.554638549102527,-0.0675092572637697,-0.00541305930501899,0.103822633960363,-0.0699368041105585
"1GA8_A",0.538915331471297,0.605965526340183,0.595592656840947,0.614793029804297,-0.640671609842349,-0.170418130951103,-0.0745243862610846,0.188640015146433,-0.325659033570395
"1GAL_A",0.461916465208395,0.5251541389275,0.515564610608714,0.500570645923859,-0.475763327054453,-0.108267278781169,-0.0564402547788157,0.111609922782036,-0.121204351126424
"1GCU_A",0.486416180401385,0.541364797344375,0.537673921843917,0.50522289613297,-0.455425840058265,-0.130506693980511,-0.0057229265772922,0.00818263490258882,-0.033001503917451
"1GOG_A",0.584009367488321,0.648853581120117,0.636834512294485,0.576905182052542,-0.578310123904206,-0.0923985962508122,-0.0691906585998052,0.0124102263079336,-0.134302052082141
"1GP5_A",0.611754116223265,0.647851140676381,0.648504007900089,0.608165591765108,-0.549395228848178,-0.0451104316045749,0.0522509920689221,0.0218340816692201,-0.0511984701825745
"1GQ8_A",0.553725417160792,0.590861663764714,0.585461805570302,0.55760775473685,-0.491986416511173,-0.0531351772068793,-0.019963500103409,0.0512476440294382,-0.0295623570884842
"1H19_A",0.607254692983402,0.68688376698128,0.677377521372514,0.616207713272768,-0.617452053300762,-0.150368094892627,-0.0391027599031006,0.0551966414157461,-0.148478286774942
"1H3I_A",0.358024547513459,0.374109396869832,0.378723151475112,0.387007157650844,-0.305945257002053,-0.030767192467623,0.0764325887582956,0.109979856442598,-0.00192330512741368
"1HKA_A",0.575740472598712,0.579683223019626,0.578293901856255,0.613261274269294,-0.462593730974989,0.0603253647848143,0.00385550095281179,0.245670470761822,-0.0542939864015751
"1HPM_A",0.377017869107914,0.423423224419962,0.41853884596263,0.385500706797769,-0.366459048068073,-0.12066578103968,-0.0320352157921062,-0.0029578565967276,-0.0401141581790869
"1HQC_A",0.328310299811831,0.335753675475714,0.329499359797069,0.355813090234855,-0.334424577553632,0.00406649456186885,-0.0637807153321899,0.125372817042986,-0.108319832418577
"1I1E_A",0.422540579988953,0.467053913498672,0.458074220745933,0.404428659018541,-0.400569059825721,-0.0761725575209848,-0.056271746151379,-0.0199978472516529,-0.042822386317761
"1I1I_P",0.505357440563852,0.54037686874744,0.528125129146789,0.521615533155479,-0.512115481348212,-0.0531053863621637,-0.102731209191434,0.0726103920182732,-0.156128776753349
"1I9A_A",0.567047655565081,0.614519579721505,0.61301704853712,0.601879060294004,-0.492901884212839,-0.166953831781341,0.0048432405627851,0.109623453074444,-0.047460004246599
"1IDJ_A",0.563482186700021,0.600838461230881,0.600474409576697,0.583357643005015,-0.485166158449037,-0.080500831831816,0.0392610783646382,0.124444884141965,-0.0310986037967272
"1IG8_A",0.615362571830451,0.659478481712565,0.653150957703931,0.645438973373227,-0.60613368941129,-0.0495215506160908,-0.0298720023766842,0.120463771410984,-0.151028353649289
"1IM5_A",0.601175807812898,0.648177780396604,0.655829580594196,0.65458775849486,-0.465353738842076,-0.136269482388055,0.147951311384388,0.162691753712084,0.0199850716027707
"1INP_A",0.480972439771622,0.551643362364667,0.540824351523352,0.467667869004614,-0.477343477279025,-0.205118523447699,-0.104412111556082,-0.0986243469820489,-0.0620566497982777
"1IU4_A",0.330368688902143,0.336457308884015,0.334980183623829,0.30242382558624,-0.318767042349646,0.0225364056097806,-0.00219428240811454,-0.0248127487390494,-0.0812555563857038
"1J00_A",0.492607059523642,0.532312717795561,0.529923157887918,0.49706038029118,-0.40287583800787,-0.091991093043696,-0.00855819069986875,-0.00718074978954093,0.0265644650596406
"1J09_A",0.455167030466601,0.489815843058328,0.489883338502468,0.46191827251101,-0.424399410799346,-0.0703234125403589,0.0327553323680174,0.0127089586536234,-0.0495394199374224
"1JH6_A",0.559935239087609,0.602287175483014,0.595806729097035,0.610133063527315,-0.640400708355579,-0.115634565955027,-0.0505909523049038,0.161175440225456,-0.351074980641675
"1JMS_A",0.537397221270285,0.590574843057654,0.578664211177895,0.591284365004688,-0.545142932313596,-0.131845218678746,-0.09725617972564,0.137326148392474,-0.160406222145687
"1JOA_A",0.431418691110712,0.466739300907183,0.464247071202578,0.433966378844021,-0.413869200822273,-0.0586343831625325,-0.00136087855867796,0.0023488412743399,-0.0549711970498515
"1JS4_A",0.560576281170755,0.613422131572786,0.609871956407678,0.569285369396622,-0.536462716099122,-0.111147351524263,-0.00322817465404478,0.0633547442459464,-0.0880113765969312
"1K30_A",0.466395788382275,0.509601382230457,0.50175301028875,0.506261825643993,-0.469302535676546,-0.0732747631340304,-0.057315726341186,0.106938109625031,-0.110343545001177
"1KL7_A",0.586028478265316,0.655746734121914,0.650859452551546,0.614737118964622,-0.564683443670121,-0.12929180225572,-0.00532090792956035,0.0731362416662249,-0.101788493942866
"1KNP_A",0.549067647617499,0.59834920205711,0.600875472508466,0.551987681007287,-0.487994168410699,-0.0987124057617091,0.0693834519164564,0.0538240277827566,-0.021471620791254
"1L1D_A",0.6571544044227,0.673764230061947,0.675982787760006,0.655579605905458,-0.551575801833327,-0.0108020780993632,0.076096553294946,0.0976100608482465,-0.0631191903167827
"1L1L_A",0.482941922761419,0.533874233805613,0.529148995521808,0.52243840706228,-0.500544032587937,-0.0843242638366142,-0.0162567092267661,0.127781707026733,-0.140645130497495
"1L6P_A",0.448089393758034,0.442249948029761,0.451730579464468,0.433409487849489,-0.35647038708516,0.0847760076385387,0.144054850311706,0.0598671470068701,-0.119050991461504
"1L7N_A",0.636265358690897,0.668629176922412,0.680971815608614,0.617141407307303,-0.549489997928146,-0.00815510026764124,0.190744215986352,0.00281293492802404,-0.076079480778442
"1L7Q_A",0.470067388247484,0.505127536191853,0.500597806134236,0.469022770631386,-0.443022453458745,-0.024758917969692,-0.00959272472597008,0.0741327945375576,-0.0779421873823254
"1L8T_A",0.539078388601714,0.589911240829561,0.576954571491473,0.582371297742589,-0.522840084293929,-0.102572641089229,-0.0916383904910089,0.105135595005357,-0.117552720222317
"1L9X_A",0.512905330440056,0.563405127073925,0.555144140274088,0.525029177448632,-0.471523783969729,-0.103698220817792,-0.0536416303559464,0.0292152704528208,-0.0594459010818903
"1LBA_A",0.597818029010234,0.647093131464613,0.643988975462283,0.620381965466923,-0.488015740604831,-0.158721784579062,0.00281275517119252,0.0384851045548794,-0.0224805280560456
"1LDM_A",0.513921609730366,0.530559840316489,0.531443251893176,0.484403733727132,-0.467046541249397,-0.00620073749412331,0.039759783051899,-0.0332092105704874,-0.063332588910483
"1LJL_A",0.623966176612473,0.674207084023522,0.679672564926508,0.589630064452839,-0.52676474288207,-0.130042273606907,0.130841315650678,-0.196352054927726,-0.0610572215703506
"1LVH_A",0.604401354507629,0.643224516570332,0.638202830099401,0.624716727139191,-0.561772939388498,-0.122307179505311,-0.0384023801716601,0.0651555991023791,-0.140933035089402
"1M53_A",0.599720719052092,0.649802523993154,0.645908224087803,0.62716949158316,-0.584407221990151,-0.0511449501024457,0.0134402911530508,0.150991439002947,-0.146550410925865
"1MBB_A",0.587830626653817,0.637220100057934,0.625883304384671,0.613440096323936,-0.608616278772595,-0.105340916098735,-0.107741572033122,0.0761778209637961,-0.19595528435229
"1MJ9_A",0.474682021375508,0.492442825874053,0.493650157153185,0.426911632535044,-0.440271015601968,0.0106933943218529,0.0427893934257878,-0.07714719815425,-0.0722342255586878
"1MLA_A",0.544919700744962,0.59723106648476,0.583402658165613,0.574565902973324,-0.56389352397323,-0.102936761812523,-0.117728138641281,0.106223640167932,-0.176751377499238
"1MRQ_A",0.533193108588696,0.571974541333599,0.570469614130091,0.522824744179392,-0.490572615806545,-0.0594572309896028,0.0204546281498039,0.00429604623656847,-0.0652999484743986
"1MUD_A",0.535207563724701,0.56980406567178,0.562411416557066,0.559711684958193,-0.510590690234738,-0.0634723560589181,-0.0834695080575511,0.0633152275440011,-0.112607417635379
"1MUG_A",0.562758009178807,0.602510013321092,0.603323486792955,0.566379235093784,-0.496177409498961,-0.0782542446968962,0.045259452635969,-0.00737721434270076,-0.0846249594924851
"1NDH_A",0.52912065179171,0.55574840059078,0.550325606962999,0.51470661087339,-0.454309023674637,-0.0296555569955956,-0.0212558687665683,-0.0252507535984478,-0.024732489485007
"1NDI_A",0.629640905851795,0.686408800608307,0.681389414275631,0.65733651665133,-0.652017571080055,-0.0751407955970039,-0.00224707972812649,0.167770156131304,-0.220958139169976
"1NLU_A",0.550740585390948,0.610161311324235,0.604270523826094,0.574726945159148,-0.532453526689514,-0.123445452984149,-0.0237819052124886,0.0678397723032837,-0.112419319809722
"1O8A_A",0.603452803163901,0.649174956460716,0.646439989684378,0.593032073711368,-0.543858351415871,-0.0379590425287284,0.0229183195423367,0.0561148434619409,-0.0801700079671915
"1O98_A",0.597622607376588,0.645751980785104,0.652202147974932,0.583561873685966,-0.499218320872481,-0.0353871641284121,0.12146011628349,0.0341808399041824,0.0331457965987277
"1OG1_A",0.5852873336885,0.636879760335741,0.633237132459716,0.612280376172341,-0.563551790729914,-0.17939406168363,-0.00893596426454546,0.0634617637425712,-0.158884858508761
"1OGO_X",0.321574348234524,0.347699719894347,0.345708246824186,0.313704192217235,-0.305262729976851,-0.0231376011348377,0.00803572329295223,0.0164777034676058,-0.0539829472205852
"1OJ4_A",0.645553722962559,0.704021730714002,0.690600418240468,0.673788624844179,-0.648572346508959,-0.182046375250754,-0.159810359267202,0.0900498449617066,-0.216248291645661
"1ONR_A",0.677207093454237,0.731761728415093,0.725698622486241,0.664130899235383,-0.663350250802017,-0.112277372715579,-0.0446582567145988,0.020117964248677,-0.145491278851972
"1OPM_A",0.490219894274939,0.508769129652694,0.504405184215494,0.476087575103295,-0.400133534778681,-0.00462301681893067,-0.0174227955122727,0.0349490308047482,0.0206002845276477
"1OXA_A",0.40501991283176,0.42876848380135,0.423986979384497,0.434587249755586,-0.400983286163884,-0.0280712115407265,-0.0292581308666853,0.120707065266918,-0.0944267535981497
"1OYG_A",0.505478348522835,0.581008966347599,0.560481946754134,0.534536364182629,-0.526226024147129,-0.15957592028733,-0.143113921154404,0.0732606371811123,-0.143374972889309
"1P1X_A",0.5301409841833,0.580812315572615,0.586361389702084,0.57101807765333,-0.502016763479682,-0.0878961647960434,0.103625491887578,0.133945718115596,-0.100504168284877
"1P3D_A",0.526150985344637,0.596492475186352,0.600414278944632,0.552988584271516,-0.472087699234548,-0.162758096464692,0.0856064726487726,0.0573666182708071,0.0432797032996837
"1P5D_X",0.58426663987215,0.623467548915723,0.63028157430709,0.617150352824328,-0.5186832485691,-0.0320557302062269,0.122334602159073,0.163986207433919,-0.0450629937388303
"1PA9_A",0.445320958962128,0.504376693813204,0.494748050400972,0.456652593909553,-0.454662823462367,-0.161150129369558,-0.0807896841235471,-0.0266648901415684,-0.071736343184949
"1PII_A",0.608398151757629,0.670282391360792,0.669435472936373,0.630024851155713,-0.570283508799665,-0.133261126962607,0.0423958519244998,0.0797082075394691,-0.0450381337872914
"1PKN_A",0.477396273968317,0.500308768179624,0.502021657282026,0.445405817946076,-0.43863079812946,-0.00837455271088174,0.0493647018279447,-0.00156453032550209,-0.0542905704369686
"1PMI_A",0.535086030037045,0.606671194142281,0.590131216632009,0.573892223406751,-0.561937589683418,-0.184076219462828,-0.125338489518478,0.0550667051605498,-0.138591832466604
"1PP4_A",0.483517245785403,0.542895250059242,0.530247112818624,0.50210895427619,-0.365738924296295,-0.118762716446984,-0.0830999272808806,-0.0286644074624197,0.07021930337087
"1PS9_A",0.547451035685327,0.601680180195277,0.592945474766661,0.560245826050376,-0.521959407378112,-0.0878275703222556,-0.0519458100802912,0.0836022034603847,-0.0954635652249536
"1PTD_A",0.517288315930332,0.605898046025648,0.585981384922186,0.566524221610962,-0.561899859892195,-0.220813898840487,-0.163703196629811,0.0704742111091744,-0.163672760427797
"1PUD_A",0.487884802734003,0.515619870706103,0.512324089207786,0.48541297414319,-0.479951157153151,-0.0321534554143157,-0.00911229237736299,0.0582552306644923,-0.132708904707389
"1PYL_A",0.517079077127596,0.554516218215245,0.545711596138546,0.519640676237351,-0.425708376641663,-0.0986969098545838,-0.0737968929176989,-0.00605510660944282,-0.149802071050633
"1Q91_A",0.526356014263279,0.558782427601089,0.550631858198575,0.51926720485956,-0.563191361342215,-0.0716714639280297,-0.0862193680687202,-0.059834247694663,-0.251696902874808
"1QAM_A",0.408360683969782,0.421100164917368,0.413916838122669,0.404938951219169,-0.376455338051903,-0.00463598647392326,-0.0658636330487086,0.030795804481946,-0.103629723549111
"1QAZ_A",0.260604139541282,0.296794984812773,0.28764336853641,0.287297024702935,-0.345774005788519,-0.101690376445468,-0.075483441132391,0.039066950981396,-0.187524904286755
"1QBA_A",0.530987240336187,0.591157246282809,0.577316117794226,0.552299006611996,-0.547003318348305,-0.1296152005567,-0.101284552805946,0.0706982053010911,-0.166041273633136
"1QFM_A",0.560475786236746,0.612093207925794,0.607588922205137,0.535066301362831,-0.467710428524993,-0.0754501568078337,-0.00855508093911811,-0.00364510623919988,0.0263970907925025
"1QGX_A",0.573821569903338,0.63233053588158,0.622356414576552,0.565828774577337,-0.547524941910144,-0.119438612807754,-0.0871132472674618,-0.022296720748708,-0.103920567892903
"1QJE_A",0.447175694446027,0.512099073289776,0.495043587357626,0.534733671392426,-0.511032912367184,-0.14756072836549,-0.144751357983104,0.195404327013974,-0.188246748485411
"1QK2_A",0.6262960766674,0.654050577820752,0.652310474282869,0.616698562842703,-0.563761893444405,-0.0152849322638744,0.0220101311964609,0.0928492327958702,-0.082446729609356
"1QWN_A",0.472933073016989,0.56293355561513,0.550915017191227,0.501194668833692,-0.499208202907481,-0.165608253980101,-0.0619010892768247,0.0832995762505743,-0.126629939910702
"1R1J_A",0.574421154837935,0.613759373404505,0.614383931013253,0.572329478590863,-0.514127881841695,-0.0355686954833387,0.0542902605767014,0.0805052870385704,-0.0617436446725672
"1R44_A",0.673737681895645,0.709170165229994,0.707886754137222,0.683226770718262,-0.595245773639332,-0.13034035454813,0.0120021492863064,0.110910153234383,-0.103327918161993
"1R4Z_A",0.53790757076802,0.591938324079008,0.588095286930674,0.564012590335895,-0.502759116239231,-0.100931249603737,0.0108653934559215,0.0655860008340787,-0.119691418157813
"1RBN_A",0.689032786174307,0.726950282270537,0.719217605651311,0.721552829929482,-0.606727145577644,-0.0902756838347583,-0.0867886308698204,0.172197183031216,-0.255270897865168
"1RDD_A",0.519452430999786,0.526122736098258,0.534326630219852,0.494659946560697,-0.432233187494149,0.0233895561908813,0.13899994239183,-0.0137032066164205,-0.0609249467350627
"1RU4_A",0.528351290397529,0.563717874749339,0.561941375077031,0.494172539221514,-0.495259308138153,-0.0594291048773938,0.019888059632923,-0.0345333544669443,-0.0749115682697014
"1S3I_A",0.484037257864263,0.500617880365285,0.501403217151579,0.482686403936108,-0.455798106504334,-0.00166246749346332,0.0371589042785895,0.0463729570185014,-0.0981957475771692
"1S95_A",0.559394091428402,0.611755625103872,0.613903464981019,0.585112880359923,-0.46997136727451,-0.0814362291686892,0.0661352951903348,0.0864989852867316,-0.000506098887389594
"1SCA_A",0.710788502926921,0.739971166960759,0.747829283336779,0.674628624946743,-0.610436798192689,0.00676623770055327,0.169459843703721,-0.0215814126728636,-0.0660335556269924
"1SLL_A",0.381499422128709,0.416277616993407,0.413737842672709,0.3493218557351,-0.331023386462644,-0.0658040869266717,0.00196117615096245,-0.0438598522340865,0.00287949360751479
"1SML_A",0.536752549335333,0.573646737300608,0.570022207667653,0.529401975717645,-0.460244353934295,-0.0588576994929776,-0.0162412119088853,-0.0176972843574861,-0.00918925373153938
"1SNZ_A",0.515196737963342,0.560543042249804,0.559590401804211,0.528330735627664,-0.495082360663877,-0.0975688820170848,0.0283400624082723,0.0563587868774569,-0.114049357743225
"1TAH_B",0.426309122150399,0.475554544659523,0.464220304255096,0.478392705292518,-0.47005745860712,-0.140224587018247,-0.10468398748351,0.116728022209838,-0.170236050836604
"1TLP_E",0.602914643275822,0.626864388936646,0.618563078126254,0.604045862306678,-0.555024469441569,-0.0276572647435259,-0.0664652587598047,0.0744136598350125,-0.108902962551452
"1U3F_A",0.47629205540468,0.513711621012896,0.513107596904336,0.545909915160182,-0.423317508586389,-0.0792287114207615,0.020187363865028,0.216145118204058,-0.0544522665541207
"1U5U_A",0.262843310198284,0.305912360142458,0.304135656636986,0.343784100555466,-0.291953619211163,-0.0930590978220668,0.00540114006202894,0.165618317603186,-0.0806829376252262
"1UAS_A",0.533818121728795,0.563367032996388,0.571359962910556,0.564893842279137,-0.47685875203388,-0.0138609250308091,0.118950457468414,0.156736664195248,-0.0559783909825362
"1UN1_A",0.525526013844449,0.566820250933166,0.560788426957474,0.47874477489232,-0.44189550431917,-0.0743629577658122,-0.0298598483099989,-0.0859697915959383,0.0142930801302044
"1VID_A",0.576571942176809,0.605121362448119,0.601150664275624,0.552336223474182,-0.449391759845541,-0.0211202351422482,-0.00767653440832722,-0.0145679817687284,0.0291993174890797
"1VLB_A",0.49738512884926,0.553867275605745,0.556325363126857,0.506139334467222,-0.438964888681622,-0.0922992084943429,0.0632289434086906,0.0583759717147461,-0.00720090125722682
"1VNC_A",0.448810796465442,0.526871318561358,0.516314374542989,0.467276659332317,-0.45685922098274,-0.187198921202973,-0.103070913282703,-1.79460243941607e-05,-0.0701209922207181
"1VQ1_A",0.591508005413088,0.652350344223941,0.648253353633294,0.606613864690108,-0.551817893685161,-0.16169573619347,-0.0158113777112151,-0.00932292748648393,-0.0519950555970118
"1W0H_A",0.581283334792956,0.62539441631835,0.621389750095768,0.581537034356401,-0.489671322537927,-0.155090927663345,-0.0231940281840524,-0.0451052849472694,-0.0659356966128592
"1XQW_A",0.632855689624947,0.672571588164171,0.670942703695324,0.631599768281727,-0.552592106050628,-0.0195784801926918,0.0310740715231965,0.0853454658985729,-0.0490336861418174
"1Y9M_A",0.51386573393058,0.579875591494025,0.573829243851178,0.574517870462941,-0.526114829876593,-0.143000082896141,-0.026301939070287,0.158807826755987,-0.13079800262866
"1YON_A",0.594047580386284,0.629911713001063,0.618319548480686,0.611988443242634,-0.582764379585556,-0.0259054760032428,-0.0852004443906584,0.0977354242311833,-0.196852162646831
"1YSC_A",0.657971092150367,0.699334017633664,0.695727721266298,0.639127114081996,-0.619922723492865,-0.0542441256122388,-0.000798461574477229,0.0533277226025694,-0.164150223196434
"1ZE1_A",0.408662202670866,0.434120025855742,0.434439188264614,0.41475956019634,-0.390869001066869,-0.0486808010743914,0.0260215939010879,0.00834333389202423,-0.0692823577059539
"1ZIO_A",0.661292855370497,0.715409081346679,0.706271621921115,0.688043115935326,-0.603555838393237,-0.142778653647416,-0.0697035969002739,0.0665747923617927,-0.10359657603158
"206L_A",0.549508633054521,0.581732961374907,0.578399312833704,0.56236900795183,-0.479561291097691,-0.0935092313183134,-0.00855078220231113,0.0478668376305633,-0.123344393648444
"2A0N_A",0.428195383542958,0.463134086348682,0.465956026343845,0.481333053263356,-0.374175715071042,-0.0381495018382249,0.0578891728637939,0.160387077506994,-0.00741013442627857
"2ABK_A",0.556532493391092,0.578082015374444,0.572276853674116,0.575964831236048,-0.457265762043805,-0.01206387017309,-0.0296200387176682,0.0952882897542769,-0.0616221952395822
"2ACY_A",0.476190477257622,0.50100581283353,0.499475576312919,0.488496129277535,-0.44655489664179,-0.0698675860055054,0.00312886801015542,0.0597888427659866,-0.176669974590151
"2AYH_A",0.47700715758078,0.541238156534454,0.532928106503015,0.534485666900863,-0.472556722623252,-0.264331224706967,-0.0819099153040391,0.0912921899867256,-0.126566983382988
"2CPO_A",0.309484409570743,0.350423658792533,0.33964961399402,0.346845385364848,-0.341727379656882,-0.0985337512169833,-0.0933784062630597,0.061660485417302,-0.11224795091053
"2CPU_A",0.62031178362165,0.66423467147955,0.649489937971596,0.625165105045358,-0.581620462323949,-0.0416484646812238,-0.079418054513644,0.119729879744667,-0.127978070655361
"2DLN_A",0.632184249566559,0.670784185214352,0.67060217031342,0.660793682631298,-0.566339050071258,-0.0776718829042533,0.0386722153082776,0.158577743934458,-0.0611117187766508
"2EBN_A",0.330435681899402,0.370450201908086,0.353517103973966,0.36474950458736,-0.323002277404489,-0.0588079762198607,-0.100773904716562,0.0692516190953896,-0.0531708328572241
"2ENG_A",0.588988998904529,0.59637229035112,0.601427278495574,0.538294947916605,-0.511429266918512,0.0503015746886558,0.0995463900792929,-0.0437783372584397,-0.124365387267663
"2F61_A",0.548997404236469,0.609820220957339,0.601909218198647,0.584186660029779,-0.522382091493079,-0.129976065767536,-0.0424510524124446,0.115461225462385,-0.09673446911617
"2F9R_A",0.53146517464971,0.554272968665062,0.552938125619922,0.503983858508897,-0.475193497164223,-0.00018783479936399,0.0225020745323934,-0.0455369927175438,-0.0704397553589847
"2NLR_A",0.406214036306469,0.445795544464052,0.430327085591966,0.458349202977876,-0.473052081172608,-0.10930439979434,-0.116257169554315,0.142364594361741,-0.236501927601613
"2NMT_A",0.528707008389774,0.550961060616109,0.546091235497081,0.548226220419817,-0.501952032979057,0.0242389723549899,-0.0127314578091464,0.138659821395902,-0.112126305240145
"2PEC_A",0.407443716225331,0.464923726338315,0.452012736148028,0.470476680637676,-0.421029743961375,-0.148837332459387,-0.0753154015854633,0.132753524636962,-0.0938654459965523
"2PIA_A",0.609307278230805,0.659042516732405,0.646539182506379,0.598411653159813,-0.56372782417015,-0.160105481176059,-0.12021810020383,-0.0832941363877497,-0.0652403701625124
"2PTH_A",0.408731864091017,0.437293216142097,0.443523220536707,0.410719488432913,-0.332121926625894,-0.0520844853465232,0.0900091195776902,0.00393666856042503,0.0298032588232854
"2SQC_A",0.551469822504486,0.602926697121786,0.60584305927715,0.567311148490265,-0.513917006534174,-0.0815841734313992,0.0759557162262497,0.121986409095891,-0.0986329464197908
"2THI_A",0.400975205384983,0.438648678579995,0.428790279467076,0.434120450806793,-0.454772513635343,-0.0572914508968266,-0.0519565730371947,0.105905804275013,-0.189641829458857
"2TPS_A",0.633369737248118,0.666051561838118,0.66498335848322,0.667628656231674,-0.558683869592828,-0.0136725627080636,0.0339026828464637,0.168711561941807,-0.0585234539767148
"5EAT_A",0.348531052118223,0.381965243097436,0.382325830835503,0.378572355637156,-0.337635438941879,-0.0365616234703207,0.0270285787928534,0.0900378031281501,-0.0516184646129901
"7ATJ_A",0.689364616422542,0.719065327494646,0.719479030020225,0.66323875202086,-0.595095643228017,0.000195335755966569,0.0612557068668293,0.0206985121207484,-0.0466240943491625
