"pdb","r.wcnCA.r4sJC","r.wcnSC.r4sJC","r.rsa.r4sJC","r.vareaSC.r4sJC","r.vvolumeSC.r4sJC","r.vvolumeCA.r4sJC","r.ddgent.r4sJC","r.vareaCA.r4sJC","r.bfSC.r4sJC","r.hbe.r4sJC","r.distance.r4sJC","r.bfSC.distance","r.bfSC.wcnSC","r.distance.wcnSC","r.distance.vareaSC","r.wcnSC.vareaSC"
"132L_A",-0.617749572388814,-0.688598057905664,0.639723307040896,0.652308350794133,0.650039260617443,0.615955700820557,0.63144279202651,0.630152463354606,0.560012966252758,-0.294133409386967,0.551694185816623,0.589354192532897,-0.730219874461761,-0.81930448465775,0.696088119590873,-0.950760031471283
"13PK_A",-0.680036838687607,-0.714122906870677,0.543409909761883,0.60353929064492,0.601034078132805,0.545823448912065,0.525311129508699,0.553211129088636,0.406756385788827,-0.0492858229308588,0.693257739382454,0.45493800240175,-0.649565145926153,-0.818615065381112,0.592527063526197,-0.899064485366214
"1A26_A",-0.627239741847407,-0.684268423832943,0.6442779951156,0.652409681515863,0.645858107133835,0.612502619304357,0.613417428163469,0.620518860565103,0.555709303616538,-0.120607692320137,0.592445271506264,0.598522671567692,-0.721452070252809,-0.900581425559264,0.680254237446877,-0.88782412032412
"1A2T_A",-0.459233360165021,-0.628507158283683,0.532079106142724,0.613808299097647,0.606044887383,0.500459495421954,0.544069768680559,0.511946252363061,0.458542455251883,0.100936224204085,0.576926482249617,0.707299859850476,-0.714833638410778,-0.94762528211075,0.85616279504732,-0.94123118742129
"1A4L_A",-0.696671307267882,-0.77352589837582,0.677624466616017,0.71067418472411,0.708456759922313,0.618588625865221,0.623562348847615,0.629719457701761,0.503702375430006,-0.110984100677412,0.722778132781149,0.49893478407889,-0.571896400737026,-0.952796583414891,0.802794714814178,-0.917552371349894
"1A65_A",-0.622211574128161,-0.647390501676905,0.634225285591651,0.635841665300954,0.624450769581312,0.574240383920053,0.586011153902215,0.582998297227977,0.530043232651423,-0.322369619939461,0.552670534411225,0.604512442596593,-0.696539338480902,-0.930858191633037,0.690146411278329,-0.86076975206751
"1A8H_A",-0.292629424037271,-0.360204415113643,0.300888480040451,0.34696819186996,0.343005565325994,0.299850695009622,0.256184798919506,0.311939615793565,0.244402502296017,-0.13368498242565,0.202843951752763,0.396209299400361,-0.702416557956224,-0.74894707973778,0.409752132510684,-0.844103700673292
"1A8S_A",-0.528030207097839,-0.566873985478815,0.495170907468304,0.522725861925627,0.515816677345666,0.472677107775298,0.57656613027394,0.477642024399491,0.33303671392509,-0.101509775169004,0.558542750932253,0.56364629093015,-0.56733549197626,-0.972582753432135,0.862166205031163,-0.937620612534739
"1AF7_A",-0.649082598586952,-0.704173790370292,0.568125530453151,0.650688884189339,0.640408597997923,0.610820216339716,0.509275956636245,0.626363880721631,0.597123210783167,-0.179280034604256,0.673758300513952,0.681290978200338,-0.810653233089057,-0.852331150941207,0.673130179766252,-0.915765985838979
"1AGM_A",-0.575417120293441,-0.631602918926058,0.598198052256747,0.585412112627306,0.587554128332099,0.557210997991102,0.597499518244006,0.557224595187251,0.531748401500835,-0.185284523486882,0.569214291057022,0.670547628544242,-0.7398854967764,-0.930736663129797,0.710280525600529,-0.872870021564684
"1AGY_A",-0.636753129952307,-0.712031550909422,0.669180465804261,0.70352548803844,0.703939097111424,0.679617000011243,0.691442923183412,0.68213475694888,0.600616568766509,-0.179257182846137,0.595005531519955,0.776318686040535,-0.795368840719287,-0.942517062727103,0.839846004792893,-0.945085371481311
"1AH7_A",-0.660142829740099,-0.68753250003553,0.61560821203,0.638521510260786,0.626081489297182,0.621898231345728,0.56323633124389,0.643385725738913,0.600549703102777,-0.179468649643007,0.64242595605715,0.768886338433066,-0.839385812771212,-0.918410153657044,0.746434383974792,-0.920363283258126
"1AJ0_A",-0.524948732506619,-0.622563324340188,0.472486068622452,0.567387858515361,0.563447785826573,0.490819183945634,0.435012546623262,0.495814509023705,0.356805073654865,-0.0288347498517754,0.60948146146503,0.574810973945729,-0.583242744438181,-0.948364449724187,0.819114774800836,-0.924575280107642
"1AK0_A",-0.682763576858542,-0.74514086856281,0.692995967343257,0.673782887828734,0.659813072052599,0.62111122330429,0.621987801688114,0.643803450550714,0.592933170704211,-0.265432379732179,0.646058046037095,0.723392120368727,-0.748721417045177,-0.926651816242187,0.772680892942959,-0.924023505012098
"1AKO_A",-0.505661200775633,-0.538817636198339,0.507149429832495,0.5144063477727,0.514122064255989,0.539646796455413,0.497049779248597,0.541022080310379,0.429941681335077,-0.00444471058040062,0.513779490149777,0.705385007662012,-0.762194475719672,-0.969419848670269,0.85251304980465,-0.933105451398868
"1AMY_A",-0.548657414418694,-0.595093301492232,0.514616267069323,0.50147127800688,0.508159259491955,0.444888965345656,0.464133905941137,0.469269868694908,0.4974839916212,-0.0365874316137357,0.501024877910979,0.552931212194518,-0.696338104452593,-0.840795760846023,0.581477783686579,-0.87833013885441
"1AQ2_A",-0.694957306828396,-0.759492125695575,0.627218646741958,0.674279879695491,0.669044650590731,0.609486060128608,0.558705527229021,0.625025154037682,0.555839534572504,-0.177318325164134,0.703369339678455,0.616300731788324,-0.760138825370748,-0.88359518616165,0.636146524155815,-0.870745636268389
"1AQL_A",-0.56519859026093,-0.583006066359849,0.579055997010861,0.543828550982214,0.543444933039365,0.517172587824863,0.565415091259306,0.515749013065799,0.346022261595616,-0.209067258885634,0.463572654454689,0.563276706693783,-0.65662631326033,-0.91246353338773,0.670578727545346,-0.871941994458911
"1AST_A",-0.605073707055022,-0.691306550663385,0.650661363427332,0.665825886543053,0.647758488374076,0.616960364847237,0.630078854116151,0.631200894369412,0.499253160736665,-0.128261007688446,0.577950484007791,0.54427210680267,-0.622056551413785,-0.901561539038476,0.734731868296708,-0.919594989874747
"1B04_A",-0.45756467410395,-0.521526429831118,0.466740274537768,0.475446936067582,0.478429461468076,0.511067852444162,0.420035771293087,0.505468567859225,0.052368618265861,-0.0483599944220861,0.417795495292864,0.435318057619821,-0.562434706950393,-0.854044352854304,0.612967334388767,-0.883895941987245
"1B2R_A",-0.647636925975227,-0.669769823626747,0.549065754240593,0.609976551042626,0.593539766669282,0.555075627783756,0.475978716210383,0.568898603274765,0.48362643782922,-0.209512087690204,0.667738577114225,0.640082202980191,-0.765016849834845,-0.923538100535679,0.7503319657385,-0.910027497969882
"1BF2_A",-0.550943898520999,-0.566854426303866,0.447223598408277,0.450989980229938,0.439958544243334,0.420991513821436,0.417629416385516,0.437282907090258,0.413006398373838,-0.146107142989145,0.525022220056352,0.623691707561451,-0.79025644729627,-0.795842589320753,0.458847849540218,-0.808564765448472
"1BG0_A",-0.70507508918239,-0.731495006646073,0.615769911302097,0.627484310320762,0.626095405178032,0.640731039664626,0.593274741503632,0.641579798585211,0.679709401652697,-0.141563124190757,0.707568982647766,0.726193995562293,-0.732878641987529,-0.887917635605648,0.652246456713817,-0.886230003949673
"1BH2_A",-0.558593257712371,-0.645572097586931,0.503560364513379,0.525522313121524,0.524594733355087,0.454401785437647,0.40738796551653,0.459695248198307,0.273427006357036,-0.101494561490868,0.6414033564116,0.524818697787679,-0.655550947308349,-0.849038495593986,0.588429812035653,-0.883231399469406
"1BOL_A",-0.488415200276256,-0.625174461617755,0.562776941851589,0.592424760087569,0.592507569373397,0.53108282190044,0.569796985633686,0.535931278165358,0.411575973565394,-0.0874542669299001,0.431874125464576,0.529238484866765,-0.64948514385072,-0.838333825526685,0.6173782356227,-0.903690269820578
"1BP2_A",-0.605375303439658,-0.737199033546939,0.66753268266692,0.694984095538808,0.683088067251282,0.639515517991036,0.706992989369858,0.649766934072913,0.617645400385724,-0.223087078021301,0.551241764035296,0.560466136126195,-0.667062207375114,-0.803239994324851,0.668906630896029,-0.928918755078614
"1BQC_A",-0.635007224683701,-0.69527925045287,0.62397760173724,0.621150845418394,0.614205010729765,0.577391760119734,0.595508004441844,0.585261019404415,0.552879106015152,-0.183644516644796,0.685712770181009,0.793161983178371,-0.780654839673076,-0.97235406919748,0.858737157581887,-0.918728710344357
"1BS4_A",-0.571716191405226,-0.648156010483315,0.620707827569518,0.642798073326182,0.64250954954918,0.563193350887207,0.560318236758486,0.576316120920148,0.55021610819793,-0.142854617569886,0.615082463534342,0.747208929905932,-0.790429285132187,-0.935916587735487,0.812522975513406,-0.934554390795754
"1BS9_A",-0.588362550808264,-0.640144603074745,0.624598774329578,0.616762957098565,0.607001437846271,0.584867886327505,0.644722978840478,0.598571421807234,0.56678824055872,-0.242659118869188,0.564037795991611,0.51869421407683,-0.689342081498971,-0.926170020115416,0.789273430252099,-0.929929592709247
"1BT1_A",-0.581444493229469,-0.632310727313108,0.614425330181686,0.582849172670528,0.570218024491055,0.514933721451987,0.549826955894015,0.536908758143761,0.503083076227965,-0.241260526373992,0.59878787089148,0.649856737059498,-0.675792932384947,-0.957647737672771,0.799149335645872,-0.902250898610825
"1BU7_A",-0.461423115719956,-0.499486584687787,0.497935189059683,0.496876671655002,0.500366752524802,0.479866893247758,0.508551205077857,0.48731177319276,0.468466857963558,-0.167429746277011,0.406332533658761,0.497647540822799,-0.608217777619959,-0.919329014186193,0.695614675745789,-0.883032159451243
"1BVV_A",-0.432309109414956,-0.546982765974156,0.502276464255915,0.553575591478936,0.554624643920188,0.462844400979568,0.511178520865406,0.462948642866232,0.443991465420361,-0.251638659233218,0.542273658774047,0.709037676808773,-0.767120418749712,-0.93675890639055,0.84094558628643,-0.930442363822448
"1BVZ_A",-0.52777222333365,-0.587080885992412,0.539579047581848,0.531680236900284,0.523010751853778,0.483098085955974,0.503348620503515,0.495555836957004,0.476736341905772,-0.112705966441755,0.449738032728987,0.597308314874383,-0.630902121822469,-0.856524779770102,0.524204963527559,-0.830048210440312
"1BWL_A",-0.593507448018866,-0.62127057177227,0.605994850081653,0.601507710988437,0.604693571992223,0.577021505224339,0.557177127657824,0.582453119702104,0.468161023118168,-0.0386926091803674,0.506947040386103,0.584281583328614,-0.691305487144093,-0.923952687297577,0.743380044815273,-0.899879094721729
"1BWZ_A",-0.61894447380312,-0.706660568648843,0.588723709741567,0.630251350920855,0.626974853380263,0.589461537952679,0.576246749287449,0.596240297219426,0.248936042105744,-0.28919386984718,0.662283418523318,0.130049296717476,-0.407370618011495,-0.877278470037777,0.672505402991964,-0.914289506114324
"1BYA_A",-0.537405754654519,-0.623233206670782,0.580950005297187,0.594608644884635,0.590510773031259,0.52803442394365,0.550543743838269,0.537996542135681,0.432602344939426,-0.166508738906251,0.496687230635354,0.48984672937027,-0.618626961961481,-0.919610541698669,0.701953470473198,-0.881448980642328
"1BZC_A",-0.662179167500451,-0.714081274043619,0.628370330794517,0.6630506192119,0.658179650749591,0.576348846362282,0.61766779597133,0.590170001797442,0.569184292387338,-0.126164556987392,0.677177264701028,0.596494325964856,-0.668237487389211,-0.929362063113575,0.792205014137931,-0.937839303611116
"1C82_A",-0.652524951807116,-0.674554730216973,0.614293298608346,0.629024357821638,0.613787002702243,0.586440362426403,0.58810168394628,0.596087318747472,0.552492399216625,-0.249972456019403,0.479455026093014,0.650266516696066,-0.802381396505691,-0.790102448482716,0.490149358656299,-0.851426185965532
"1CA2_A",-0.627457733658533,-0.744729395351989,0.685858611462675,0.730503854214765,0.721485928335464,0.617096149340662,0.671618210906142,0.630741596257135,0.641860881126428,-0.203745086603174,0.692957953177256,0.826122634365526,-0.813786061765444,-0.960836289768826,0.817041227969787,-0.918726396200503
"1CB8_A",-0.675398127350201,-0.70992870481757,0.642497094480678,0.671769596067306,0.659054589471457,0.594209244804898,0.583184808418269,0.611366816467249,0.564026716877239,-0.198102736981387,0.528364677259977,0.676597071554397,-0.789935147640083,-0.798485074138426,0.486002435988003,-0.850020556935245
"1CBX_A",-0.566762107836743,-0.63193271734887,0.598493671873793,0.618465403486311,0.625838998373058,0.573625429305937,0.52067060769944,0.578728284026059,0.518675087329878,-0.121483000846728,0.557109296088418,0.582283072079553,-0.632667837462868,-0.936181485620814,0.795649303675245,-0.920312809755232
"1CDG_A",-0.48083770896629,-0.52193887493532,0.509724583756621,0.445507414198844,0.435757556772533,0.419062164094733,0.451028364580206,0.433402818094004,0.26253435963632,-0.0676960450868922,0.425953318600663,0.540987649261538,-0.661085070782004,-0.882903179683843,0.529026076686852,-0.806301992907905
"1CEL_A",-0.603015329412667,-0.686401417553427,0.6398848036222,0.675020643387162,0.667273844289937,0.606126110812652,0.678060399343446,0.606109851085686,0.494021239870884,-0.2520219667015,0.548442881704712,0.562200299370891,-0.635221620210667,-0.908431128044851,0.656792741432911,-0.865933295019565
"1CHD_A",-0.42339724996962,-0.514457669755143,0.471122807740069,0.504125213885452,0.506012646006784,0.421392133599008,0.481212469298829,0.426040076828188,0.458716266490449,-0.107732335945517,0.406863313475457,0.692847737355254,-0.733073303158199,-0.965970046343946,0.884553858569122,-0.93829631158407
"1CHK_B",-0.472267798628177,-0.597227881411228,0.548618111011926,0.562810617145335,0.550830667549512,0.49391733937156,0.518370821209927,0.51430243620211,0.227606692445546,-0.223038731927343,0.425608533240326,0.28724297711561,-0.421015620428854,-0.771256145023348,0.571408225379809,-0.919270584140652
"1CM0_A",-0.455387624744426,-0.555863379057452,0.441612545075951,0.495580466836776,0.476499486988867,0.459040108165016,0.445605799942218,0.47348491798331,0.389009242703992,-0.205101896368051,0.590797661171007,0.773205129833564,-0.783868996459021,-0.938207155064984,0.840846447941673,-0.947826651480959
"1CNS_A",-0.560854797888832,-0.64578805469933,0.644726699733522,0.650609412519977,0.637342524438827,0.629452725708561,0.650831454237476,0.63428370115539,0.51585226561147,-0.316299962073157,0.530429757443463,0.597795095552319,-0.687066213606926,-0.928177061260301,0.737488048536392,-0.895267461834774
"1COY_A",-0.622424250464389,-0.655246686431042,0.504108639860694,0.574008310028952,0.566735085303332,0.543307849579076,0.494204910504258,0.559308170994613,0.544511005651286,-0.156010034871843,0.585787697043703,0.590392381283937,-0.707280368219248,-0.896096349650241,0.675674547964399,-0.881862442445786
"1CQQ_A",-0.364293136619443,-0.441301686266037,0.369646581126716,0.405279998353859,0.411955101494902,0.360268321038715,0.453697130569874,0.360574914863627,0.312456467233174,-0.147672537283322,0.466923876251325,0.628556054771627,-0.672345517192777,-0.960260090332006,0.898258176692696,-0.966793213782318
"1CVR_A",-0.424956385544778,-0.454960472465251,0.40860819630932,0.407638175525097,0.401268623392827,0.354526286999171,0.444385906904463,0.366767175704109,0.462012076056218,-0.043466214071329,0.362586199115263,0.724982184253892,-0.861160018903326,-0.880120203718795,0.643963933524623,-0.880031343642864
"1CWY_A",-0.632199659864661,-0.701763205579856,0.577326790857467,0.617765737618515,0.603183492554218,0.584525826056455,0.56284928619976,0.584495455507092,0.412556531928984,0.00458747574684263,0.647530085306428,0.515940999972425,-0.701344699204716,-0.887256226201507,0.625919299765455,-0.866771051084204
"1CZ1_A",-0.696606082670771,-0.748488306016417,0.684726708586755,0.695228674413043,0.675929045368089,0.605647631826996,0.670727412566293,0.618279340098554,0.650026710747135,-0.140592279487003,0.704240931085187,0.764425001177206,-0.840300413149798,-0.951793417612652,0.779441998013887,-0.902620714849751
"1CZF_A",-0.435176713306299,-0.553220189451043,0.512128989697569,0.550994146504114,0.562851001153972,0.49137089166468,0.515760808590304,0.497631996543587,0.424369779416359,0.0239397348011561,0.356942376237907,0.555493286648554,-0.685494271713406,-0.824977722458422,0.539747786389998,-0.872062484838425
"1D1Q_A",-0.651041289619345,-0.704260021265252,0.613390552557303,0.655771744028239,0.654874614618411,0.624061727301155,0.565391553717325,0.629525111061506,0.620938940736496,-0.237714210070674,0.640244389417538,0.727952591354192,-0.774438738953905,-0.958983162168617,0.871736923811798,-0.947784810126582
"1D4C_A",-0.681661674764415,-0.701381817394644,0.618581723573807,0.672243329356726,0.66987967132708,0.624696797395546,0.591022006792418,0.633569611127311,0.508451370458347,-0.149688523138621,0.551754729154527,0.665606088500885,-0.701789035561216,-0.87814363924604,0.642999152303272,-0.882397136859212
"1D6O_A",-0.387408857731253,-0.57435578512078,0.502472453818138,0.584108728534273,0.565513965501817,0.447361783114347,0.582428537880919,0.46472701887569,0.433283450934348,-0.215454077796232,0.527507679352458,0.423745625272204,-0.63203628597739,-0.873760442410491,0.755938488066512,-0.943660730029977
"1DDJ_A",-0.648012356176078,-0.692334676290283,0.581760207439485,0.641982810085834,0.639785288797314,0.624806786200551,0.621893348391509,0.626366034862599,0.516041530369184,-0.290017578901193,0.656604548943784,0.66777264781085,-0.72985955977227,-0.952464188674798,0.845412455365249,-0.940272252076054
"1DGK_N",-0.507865299546243,-0.573814490700871,0.540364307019749,0.570721295132479,0.56742144255942,0.557000910253047,0.512711942822932,0.55813382755413,0.455763469419847,-0.142122329629001,0.0423376331262,0.124692297425201,-0.757523785658192,-0.403956522523739,0.189559754270308,-0.883898959736643
"1DGS_A",-0.431019548914511,-0.514994832490369,0.418612601425097,0.475616646977193,0.472006352254625,0.426656659345335,0.388427255568148,0.427753500454067,0.260138615284871,-0.00493294724245695,0.433770314834936,0.263194873810882,-0.56420004800066,-0.694512215921571,0.371981176829503,-0.843153878677891
"1DNP_A",-0.623651512765541,-0.685298757249151,0.604231982696073,0.619648302926487,0.606528809888769,0.591354722797452,0.58377878893852,0.608659077777085,0.511323401590568,-0.140918944329537,0.496266070481057,0.597007250644194,-0.721867864208558,-0.821960446886474,0.488320409195571,-0.840162991449114
"1DVE_A",-0.618593088364476,-0.70353174334026,0.65046472222074,0.700412987242644,0.695741587748178,0.64087763563669,0.613379243266852,0.663019750607782,0.419609353341914,-0.308051718904683,0.63333114968715,0.540827646670593,-0.577721492792927,-0.903946448857287,0.749814568729604,-0.924718141494041
"1E0C_A",-0.567150575102344,-0.610524149883805,0.589880862640019,0.591936305525291,0.591867321423799,0.565735507004711,0.579473434382551,0.578494287736796,0.472508513855135,-0.299677956499864,0.431521281249691,0.541398480849828,-0.682654900815589,-0.870315034186675,0.691858106182319,-0.913863002824772
"1E1A_A",-0.603139425039515,-0.614743305513288,0.551935886711564,0.569913455969627,0.559203675476671,0.523664420806496,0.528633645907912,0.533462952488407,0.587959227225761,-0.319156908738541,0.589414361182433,0.782347654203915,-0.832867543523222,-0.966770746181987,0.860359816189174,-0.935101308606339
"1E6E_A",-0.745363356446521,-0.762314952731248,0.56680681852545,0.633035763171066,0.621053326757158,0.613596789460712,0.514190960662796,0.633331091174621,0.424432265003339,-0.155339578744588,0.738843583361787,0.415541265286544,-0.669149328638041,-0.814004781340954,0.570628379393988,-0.886528763980412
"1EB6_A",-0.516938405409896,-0.651580008922192,0.612152966819845,0.644083568865509,0.64454452202142,0.615932964865124,0.568244872171976,0.621120310943609,0.477519545928081,-0.154240030403752,0.545218855369693,0.759097723536291,-0.787541516828456,-0.910601443880819,0.80805820536348,-0.942212305881131
"1EH5_A",-0.676996138210237,-0.746842531958242,0.72085818164505,0.714275176227744,0.710240104115527,0.659895776116045,0.683586525760037,0.673532689802243,0.543283585430409,-0.110306727925392,0.681365050909427,0.790886512816419,-0.748730439260723,-0.941105126190088,0.783677406049003,-0.919332184022367
"1EUG_A",-0.646649724113401,-0.71826844103778,0.644568589086629,0.672722776180135,0.663931496764794,0.641742326484225,0.629743539107951,0.644336842832217,0.5536549360377,-0.106847836172324,0.660128732518799,0.645939535845387,-0.728764606386851,-0.94128709014496,0.817803006060363,-0.935018963337548
"1EUU_A",-0.454456620017669,-0.492160760860198,0.356126810617535,0.343524343986215,0.340732646469859,0.319663659648856,0.322701565189392,0.331918058631422,0.283834453672329,-0.119800965183479,0.321477719851211,0.215819461089335,-0.490602475893274,-0.770913672521673,0.428341196060445,-0.824659012387991
"1EX1_A",-0.575531223176527,-0.62198273494356,0.598465306877877,0.616870033530184,0.613335203470092,0.584430818373874,0.615013347058645,0.581428093151037,0.432751520933327,-0.0940370105309776,0.439145319157203,0.417241759405913,-0.673810933021199,-0.837668827400711,0.535502611307139,-0.86125508135741
"1EXN_A",-0.364687998928877,-0.414140275890076,0.305854339107186,0.377172772403365,0.372714172466432,0.33649297447797,0.265521118781495,0.348068749747367,0.0714438537238836,-0.0713559126201084,0.355508472830026,0.277683559897564,-0.445622693325633,-0.862291146279248,0.638679753215001,-0.900207293346564
"1EXP_A",-0.569115541622797,-0.662209509189424,0.598859066703645,0.607435150317149,0.599234741808001,0.535589662299774,0.559045450246547,0.548790553597446,0.431695799475881,-0.10795878252518,0.619115395343011,0.662556759324491,-0.706196015120266,-0.917144581249237,0.734960272810133,-0.904152564405484
"1EYP_A",-0.433332724595432,-0.454678670994141,0.465817957686981,0.472364628589436,0.452866309023008,0.451911638853363,0.448622560821666,0.469652382929371,0.114797549721251,-0.308280325013803,0.458659821925864,0.371150744134647,-0.45944248231488,-0.941645581258273,0.804746389451796,-0.922490500545974
"1FF3_A",-0.48224405636421,-0.531739506507948,0.519249245069262,0.53277031077502,0.539714471764634,0.522999374790287,0.554239028684318,0.519376982171055,0.366190904889458,-0.170574044491255,0.477774862250909,0.557213334028768,-0.664565333378289,-0.922821703116041,0.765246377468877,-0.919827142176855
"1FGH_A",-0.746198491203083,-0.785753238593443,0.618540684013889,0.688652687990783,0.685816335704677,0.615052853536601,0.574617063821457,0.634340593174158,0.683885497676229,-0.166262485645585,0.762371699904456,0.761417717108145,-0.81967200651411,-0.933616099057028,0.713639123537633,-0.877770259846884
"1FHL_A",-0.576349795637946,-0.647488367710969,0.581311141874608,0.556999297575458,0.543584676390249,0.501917271650304,0.573344416777886,0.514962480677501,0.454653881743746,-0.162960192326824,0.621662023789226,0.487638711181798,-0.582265380235604,-0.904924111401721,0.711110434770929,-0.889665767295582
"1FOA_A",-0.684009082523036,-0.754210670314417,0.639304583400604,0.669316435056518,0.658502518125116,0.617531580029843,0.596129189223393,0.626515853314262,0.4801488194515,-0.192778531123323,0.667660186292104,0.502620413002288,-0.635829497399065,-0.871345475277511,0.665457707076158,-0.90521218960982
"1G24_A",-0.615222092802322,-0.595904380709343,0.527331258192305,0.498691247046914,0.484362345764102,0.508332609860693,0.46059681727998,0.529373729324457,0.393869460238024,-0.277465195898487,0.542654980337134,0.527583409784855,-0.542139628783163,-0.880903033110566,0.692621471818279,-0.906020544683553
"1G6T_A",-0.700807253081898,-0.777273436467187,0.642654987901925,0.685241879610121,0.681243331510367,0.552985240839242,0.556108295135935,0.580865936754534,0.696133623681996,-0.0691763082905928,0.70447995432684,0.674300057176284,-0.785103997909416,-0.830614534189705,0.611619374193546,-0.898335967171806
"1G8O_A",-0.553823166349633,-0.634652682677893,0.625827487836169,0.645442709770983,0.640184754340506,0.635512341639228,0.628256383450075,0.642846727528131,0.398278849613318,-0.285764380215662,0.540414509481648,0.583157441617898,-0.649313203847154,-0.947197485847175,0.789078653698779,-0.919350974229023
"1GA8_A",-0.633146570908615,-0.708403233254855,0.579080942535029,0.585590398610427,0.574447562114805,0.529117740822722,0.504148156507565,0.549985069317922,0.592359737462484,-0.206794623730422,0.737593063754113,0.739023791708178,-0.736625155240209,-0.926568706824274,0.766036214828948,-0.909888772804796
"1GAL_A",-0.601606753627411,-0.624925386522631,0.490927409891573,0.526428323324478,0.515108784521784,0.507556189632911,0.463214194355445,0.530654305235794,0.426957298619612,-0.0934312254818526,0.595514262356698,0.663059389536469,-0.697826169888753,-0.88816945019201,0.617508502448189,-0.860563245219412
"1GCU_A",-0.527822690175436,-0.565958225189912,0.514258445815833,0.54774274198054,0.544207563593603,0.516291487267386,0.526398641563505,0.527641219773543,0.360827789516797,-0.173492854863969,0.420928188581404,0.673743642404069,-0.777262276310051,-0.848859106207883,0.661330879684278,-0.915356337417875
"1GOG_A",-0.601861499971623,-0.663192037542572,0.646453723965705,0.657385696413401,0.645509250483827,0.565520986729167,0.580998317808127,0.587058067162715,0.625631412392366,-0.237067272844619,0.493580402129954,0.58343136792916,-0.763146739893786,-0.870754193770904,0.587229568437799,-0.844754754734268
"1GP5_A",-0.559282161303804,-0.644989723775474,0.601358816751542,0.642148869210147,0.639870912913271,0.575143406156379,0.56263796783628,0.569221096401975,0.561902101439558,-0.213306229684151,0.52785970820267,0.695053711418457,-0.766379242601243,-0.914416723249831,0.733155381732306,-0.907691171155772
"1GQ8_A",-0.501207950312098,-0.589712980267553,0.608105959443267,0.599608507679605,0.589339623986766,0.553849879809069,0.594736590714278,0.563973040735644,0.506819544529017,-0.286370427605326,0.458972646944224,0.545508061182032,-0.733084025833113,-0.901013775771092,0.662167506278785,-0.882040160693525
"1H19_A",-0.747089055075064,-0.81137591810957,0.669134858893606,0.700323170906484,0.690861249110227,0.630813325219876,0.613598382702282,0.649219967950721,0.608710967266364,-0.0611996447099695,0.773488014355741,0.545342221345672,-0.678025535196768,-0.903677304357545,0.62743065627095,-0.844876487059651
"1H3I_A",-0.21991388978488,-0.3063031797144,0.367356653027618,0.386883675781429,0.389620994454609,0.300711655353024,0.414203140196936,0.301853814851414,0.254326785749684,-0.122882439782303,0.087832526236282,0.319587218190602,-0.555258936122775,-0.806802087427008,0.591042454133151,-0.9018204691593
"1HKA_A",-0.471443035354239,-0.533533944590192,0.478923557320283,0.588200841549194,0.585555276518535,0.580493864869885,0.420442505113976,0.582009093605098,0.167200014200456,-0.121156903433022,0.581937591847513,0.610803229285672,-0.675331135650383,-0.936406134243237,0.83202177196935,-0.929621409306026
"1HPM_A",-0.562320091991603,-0.57501190647588,0.317118961188984,0.427418363131169,0.422519274970268,0.386552709055666,0.31968508263186,0.398383775335434,0.462220730925428,-0.0491957246713251,0.607590504333397,0.746040991279293,-0.794189936314466,-0.914055606716053,0.710782165693686,-0.902981560337579
"1HQC_A",-0.290434472036889,-0.372769679189422,0.255138248361584,0.329296251014289,0.321764381657598,0.292347654490406,0.220641656013754,0.304544831646142,0.199058474655231,0.0944918654615567,0.365937784468759,0.296776206655102,-0.532902150631907,-0.760049486380667,0.466666802330767,-0.883371561522189
"1I1E_A",-0.331824372600841,-0.357395410115405,0.447942666558899,0.422909207527681,0.413396476037294,0.37996321212114,0.434878925668951,0.391203971592193,0.318636602235588,-0.214217386589885,0.234434643289141,0.1793160342499,-0.614885503709025,-0.709318693792348,0.324116674088144,-0.785459262520895
"1I1I_P",-0.536268604962595,-0.594260476733713,0.502570476019374,0.531036858989299,0.518017695579161,0.474916417650261,0.46817216599648,0.486681584111834,0.357207155842585,-0.0939259142902215,0.59371190383608,0.542657093915758,-0.658230992697463,-0.884711182682836,0.578969981577908,-0.827218033426493
"1I9A_A",-0.535743114886363,-0.646782946146848,0.598871799133464,0.614074449773838,0.612535028842369,0.501570209365454,0.420587711739273,0.51081009369085,0.352394163422313,-0.283927239904288,0.620163839189303,0.291065830721003,-0.363504254366323,-0.936592028660994,0.8355105239588,-0.952115987460815
"1IDJ_A",-0.588604001266424,-0.623416322792125,0.607258171357755,0.592726481498581,0.591888960630791,0.572753952378064,0.58514449074717,0.580346705882387,0.409037498073608,-0.317815810529305,0.517270354216924,0.642664369609993,-0.749263047557964,-0.898262411398109,0.617625636912807,-0.864009330698853
"1IG8_A",-0.688566224438571,-0.753042977982374,0.601150749552334,0.668225614239094,0.660854778495067,0.620061305961763,0.530477530476522,0.63100001472624,0.431833421523385,-0.183213528729401,0.697625538411474,0.461091025879004,-0.640501988654358,-0.842585186439972,0.598049296138163,-0.885876672285056
"1IM5_A",-0.558580877077106,-0.68757597886029,0.617778222413876,0.668635927095237,0.673139734146085,0.588179415772249,0.574718211283687,0.587475336296008,0.473480618188964,-0.0632776102552772,0.62358458243068,0.614608430741354,-0.693844649762952,-0.955262776590205,0.858413815001171,-0.950940514301257
"1INP_A",-0.625962128798097,-0.638793762035951,0.554567373228144,0.55391877266862,0.543479687581028,0.533541893831972,0.529641534086857,0.555250799475788,0.586640739949765,-0.323518051591241,0.620248946967297,0.747929998490148,-0.770910448076728,-0.928745891731755,0.75384496970403,-0.915014718841993
"1IU4_A",-0.169312017394726,-0.22870130509695,0.263169011337361,0.245373634740929,0.245828510703853,0.188258892383151,0.1788849383146,0.186086908160353,0.0957389992187663,-0.0426653389057255,0.157172926583102,0.59838648113345,-0.708298405781501,-0.884600637138136,0.660280339775024,-0.899267379873793
"1J00_A",-0.427381037605637,-0.592217569157897,0.472861187803381,0.559930001121887,0.556940737596328,0.501386497412196,0.516017763955924,0.505583957541233,0.32178057093155,0.130492991390704,0.590084582150337,0.624739159145939,-0.621666299801893,-0.95471714725952,0.82969403477878,-0.929134932863746
"1J09_A",-0.561612948099099,-0.636916638039784,0.43825653414085,0.486962983582645,0.485572763415604,0.456267214972314,0.424213128089302,0.465111735096968,0.531940490511712,-0.0969505862271473,0.478738176419445,0.283793153737937,-0.653140238403195,-0.644944773095765,0.288299149960434,-0.832704023473942
"1JH6_A",-0.586805552078397,-0.64381952325721,0.565851694546793,0.58398064862489,0.579281132624939,0.549782494122086,0.556800968211541,0.56235017696393,0.335882458610153,-0.110139241914553,0.650449760395571,0.555946928838705,-0.668303890126683,-0.871371335160563,0.736302932733221,-0.935481014855024
"1JMS_A",-0.637050136462802,-0.677690468548055,0.596803713403834,0.594335053013585,0.580668160498177,0.566131526243819,0.5414108245183,0.576511327402201,0.50832566057655,-0.212285752230124,0.57780248385927,0.524972522602263,-0.635646271871016,-0.834675968694984,0.56861753729149,-0.871274726914045
"1JOA_A",-0.500481300237099,-0.554331806956753,0.425114941860139,0.494057583839085,0.491123725305844,0.442943789557136,0.408615548138805,0.450047947419025,0.452459345460591,-0.0713863680209675,0.437388661482022,0.409613356190974,-0.499485493486315,-0.844451114411229,0.560126481687358,-0.871730009742314
"1JS4_A",-0.638999293655015,-0.687040965033887,0.590491367197847,0.614145017392695,0.610189263495461,0.564924723468115,0.571371795908297,0.574417051203085,0.476966066612063,-0.193211380899116,0.518242900671328,0.532050765252146,-0.696103995475066,-0.771399228507378,0.489732212904524,-0.853110946254168
"1K30_A",-0.517447625950509,-0.559714529372056,0.427588094747999,0.505696184946392,0.498736916405291,0.487061868172159,0.43883846108843,0.481066382938891,0.279342108762286,0.0384499723279885,0.604402833030599,0.572998914570724,-0.678513437376769,-0.892897214092866,0.688892391441583,-0.896159591287668
"1KL7_A",-0.71574081190275,-0.777108371350533,0.542439237617233,0.6529797695944,0.647762271039735,0.616472413965302,0.49441923227691,0.625171621816091,0.239480354765005,-0.0632367826270013,0.791835502904477,0.537973070269895,-0.565711659387218,-0.945389078739828,0.730936294244071,-0.878591286656838
"1KNP_A",-0.595525307146109,-0.647108860713619,0.593353957756484,0.616686965484374,0.618732582459341,0.55820218035929,0.549507274666386,0.563927527968085,0.436340228404241,-0.139988682277186,0.569833292152856,0.652845652140797,-0.631942799706384,-0.937449769592184,0.756570732135378,-0.903362683077881
"1L1D_A",-0.606533517927986,-0.682294411757328,0.663034959005465,0.694132575323436,0.695492633414143,0.637381060447567,0.706934724593281,0.641578589501013,0.563120631322303,-0.341356801813893,0.600548424080437,0.676397920329596,-0.699403383550821,-0.947337648865968,0.857612570228693,-0.943687118994281
"1L1L_A",-0.67088241839702,-0.708718606373197,0.462702326048602,0.545006101110626,0.540080485093138,0.508023917737099,0.437756244607221,0.515405706049216,0.466706243345992,-0.0848056134963148,0.732097356852407,0.618491302852223,-0.687148608935974,-0.899019753967984,0.626739643131228,-0.850145455211659
"1L6P_A",-0.273510005579981,-0.484480212484683,0.459099868292587,0.417232315880535,0.427874649472267,0.363830969156399,0.516136243594906,0.373545231645605,0.216884487145006,-0.0292831908434258,0.295953068081194,0.460456680085812,-0.693975568988207,-0.715214740550061,0.543679718195367,-0.933708169624712
"1L7N_A",-0.608159232692675,-0.684383011049984,0.60849513775185,0.680868019060983,0.691220874603643,0.615110068467689,0.567491938926174,0.622569617478988,0.5524780177766,-0.0648654127493099,0.541542518371702,0.446085870928117,-0.640220611539141,-0.899525453998332,0.753048695928818,-0.933705663971599
"1L7Q_A",-0.444043548419756,-0.493287529541214,0.525652592454092,0.51575639999216,0.510929412475302,0.477140159307735,0.556623333224998,0.483630774143741,0.426415729801856,-0.16643080837643,0.257652698610273,0.617493431162835,-0.700974389856183,-0.844747094471915,0.571458373871137,-0.864445757947463
"1L8T_A",-0.649037426118364,-0.698333244904532,0.524402192322129,0.591813363593816,0.576456246297194,0.542098324530929,0.460639965695127,0.555062159114831,0.485077110527375,-0.154279744313199,0.679344208727866,0.551641350549181,-0.635924302673207,-0.906807794415562,0.725418661727169,-0.913930176287591
"1L9X_A",-0.618851293724044,-0.645440219195916,0.560757633095352,0.578963007549672,0.569939697247552,0.546256145071099,0.585410489793996,0.547541170555612,0.546438511797641,-0.250085989630713,0.649374165470045,0.691567223767957,-0.753373992122624,-0.953285187819748,0.822031395054435,-0.924625947940152
"1LBA_A",-0.658030333864709,-0.730200718597049,0.625201956645762,0.680837116323537,0.681754863254842,0.631726087260111,0.56761298073349,0.638557132171061,0.418922957391504,-0.108949650221845,0.718630551927387,0.6944354201997,-0.69522783996238,-0.961223525782538,0.873698822939663,-0.948382867554202
"1LDM_A",-0.558840301565878,-0.619943962176856,0.486983528769946,0.557552032272025,0.558562462687305,0.481560318908831,0.417165556530023,0.491632441602689,0.535037316629893,-0.165969513364924,0.599480699033656,0.664991900805337,-0.616609934123088,-0.914329001127026,0.774170498212443,-0.937034890382062
"1LJL_A",-0.602782041819672,-0.726878684088638,0.624784447099639,0.672406824034666,0.677697236836739,0.61354039805476,0.506085204006253,0.613597754104756,0.524163284717106,-0.0743458015519443,0.636780523265312,0.75713446858485,-0.748361987737099,-0.947206707725082,0.847716068770569,-0.942197763181253
"1LVH_A",-0.657776267625358,-0.713573284552265,0.517414297480564,0.623294520155326,0.617192725652425,0.625418753779624,0.511809630421573,0.625742204947251,0.382889653834981,-0.0766498544996611,0.71372675867117,0.650587813002042,-0.739285580454992,-0.812047810543022,0.612102585948951,-0.901534658361119
"1M53_A",-0.679212965040459,-0.713014896742508,0.654898224719025,0.656137111504691,0.653234333416087,0.609163600098627,0.603145161499492,0.622720429567968,0.363845524049158,-0.137554550711996,0.611977848562817,0.512278209181034,-0.612612316049566,-0.907420069090114,0.660467050684428,-0.865587326344466
"1MBB_A",-0.680975284161674,-0.756306082377797,0.553752585409563,0.63029733017251,0.617908775221913,0.583380015764533,0.527168422758607,0.605887979496416,0.602490306923948,-0.00184158409670842,0.733120015770229,0.640381155633746,-0.723886253891251,-0.878905829893536,0.624208270117212,-0.876657593720279
"1MJ9_A",-0.562333613634615,-0.593114068634106,0.438176157163259,0.496723769031811,0.498154903746476,0.452974632526695,0.399726866481223,0.456963703057349,0.599720349260093,-0.0864214635145308,0.625439875673184,0.710161696018924,-0.7673440235162,-0.837041088037293,0.632003582399244,-0.919287507254446
"1MLA_A",-0.638268855140991,-0.709331655673878,0.571131765032142,0.618514643457052,0.604919255753922,0.575749696706263,0.513929678884815,0.591058465307395,0.43938498852328,-0.121967632888157,0.670187888292764,0.597058631026071,-0.650788363947477,-0.877830457061372,0.668961227241332,-0.9069384526891
"1MRQ_A",-0.550460801600382,-0.605924897179829,0.588313963422174,0.571036803594766,0.569262503788827,0.553821199015081,0.567688157689068,0.553080141735371,0.54727212982624,-0.227732194446865,0.507318876723603,0.581975541451332,-0.655035740043133,-0.92491439683937,0.787077238969352,-0.926133178926287
"1MUD_A",-0.487833387418522,-0.588572328586468,0.509085637205687,0.564046835432043,0.554978634554589,0.485179035735601,0.561346655490258,0.507995714272165,0.305809842602669,-0.11261475334392,0.564844123264011,0.226708052449508,-0.510699413216088,-0.813314798417095,0.627740532943899,-0.920568900126422
"1MUG_A",-0.547928682693439,-0.668686736484514,0.529286419158964,0.586181333451893,0.589560731678686,0.532734747978116,0.52698709953152,0.528596654813451,0.0788028106481731,-0.0888193795409004,0.644376440939997,0.479706729160693,-0.471255624219126,-0.970910693772874,0.906798813880801,-0.95140651296984
"1NDH_A",-0.523290248157042,-0.611132441254405,0.511942149081653,0.575917342789309,0.572418421379501,0.477043316463546,0.5436155734681,0.495553111105432,0.413226552913854,-0.106633129538751,0.585610124993584,0.504957317639168,-0.593458619834545,-0.906772660125744,0.74789099313696,-0.914435040261183
"1NDI_A",-0.658582944937344,-0.722800153490621,0.66331246994066,0.694249479510678,0.689909546282864,0.651187741901016,0.627626805052454,0.658143340004655,0.463316210444907,-0.171879167915565,0.607585689619967,0.497631259817557,-0.538114374347639,-0.873722420331449,0.604194156459513,-0.863639057954584
"1NLU_A",-0.65691083179754,-0.679038575333504,0.605794322371002,0.62327430553536,0.613693457505317,0.583373749540494,0.586726124178089,0.591597500303595,0.601202416083096,-0.223908621090894,0.656807925170541,0.737705406523981,-0.783404815313301,-0.967663029672039,0.845180043707281,-0.92643924197173
"1O8A_A",-0.583018120325648,-0.672407670496366,0.639154895644185,0.650638833993418,0.64638885578137,0.568438979939988,0.648975365909286,0.581587706264575,0.580849083002721,-0.0713907655979356,0.57957105885643,0.614892940984808,-0.693263232992138,-0.927284541214696,0.651485506580253,-0.839751267259998
"1O98_A",-0.696911807071901,-0.763082629722408,0.598400492208689,0.658517450742512,0.665381294230535,0.593438846027189,0.515017259789267,0.593015721802629,0.587257161445914,-0.073375885367939,0.744016978499779,0.569580124379205,-0.746834137395644,-0.838232951600193,0.587743546096274,-0.88473973535963
"1OG1_A",-0.652800344550302,-0.720934045156378,0.658207339423857,0.636264425376161,0.63030768015609,0.608589133649268,0.626112489918259,0.617109768920336,0.480676110902312,-0.204383574405555,0.638588088636061,0.488379774826791,-0.657211996932404,-0.919693673328515,0.786848773118943,-0.924457208650034
"1OGO_X",-0.396303487026226,-0.403221099819199,0.350186856381881,0.34371626072824,0.3442297732403,0.2841932435474,0.3230840645931,0.295449264278259,0.192577457955371,-0.172873106431996,0.385824237515721,0.670279901811525,-0.747483680578465,-0.924756402352576,0.685873525350839,-0.867585491227306
"1OJ4_A",-0.69352549965107,-0.774180762626576,0.628855090297525,0.700137188423432,0.687050166373031,0.660236973536932,0.599924934000214,0.67484451461927,0.496179998416924,-0.206064547856996,0.693515249981538,0.595043466428627,-0.733401274604627,-0.875146904178846,0.677006443599126,-0.913110666701296
"1ONR_A",-0.769145962056781,-0.825114530152752,0.700183057473864,0.736878344001872,0.730418165117418,0.688095950050873,0.62399045445671,0.684501341773022,0.693798547287912,-0.232533688378207,0.819184042269702,0.7285902370515,-0.73732427361107,-0.931657713174441,0.760265965497862,-0.922271597614009
"1OPM_A",-0.46638054797329,-0.508443382108995,0.499190765240188,0.52671824297776,0.523155152653861,0.5162551520091,0.470542219747793,0.516384455269964,0.294722845391775,-0.273113987274358,0.442938837855722,0.525582494178381,-0.615708660897954,-0.854160563668778,0.611135956683379,-0.891393049305001
"1OXA_A",-0.42743538418586,-0.444076790835022,0.434021337662796,0.432246733078051,0.428629713687784,0.441382398879921,0.447697182352522,0.447891643538735,0.433007890452144,-0.238422888047811,0.357728962209471,0.742469748084049,-0.791494885845577,-0.914348549203249,0.697348154202607,-0.886684105515533
"1OYG_A",-0.687946431291863,-0.701242392581822,0.620389494532469,0.597798882501722,0.57978458987518,0.573172883877458,0.535021393413808,0.577419714518178,0.320289108549923,-0.257639619844911,0.679334056572775,0.37867063344641,-0.513636642660084,-0.932324645634935,0.742611848006145,-0.889413058907602
"1P1X_A",-0.613983060921648,-0.695802923673244,0.562470756486103,0.599784338983541,0.603574420500923,0.561809294798729,0.585821553994741,0.557612813613794,0.557120746328513,-0.0872442567603852,0.683745336491163,0.753682909755253,-0.797152822658765,-0.918190563049009,0.754569529989844,-0.918551705189227
"1P3D_A",-0.64856994918755,-0.724916688380468,0.546280178263195,0.625204343771087,0.627936725474346,0.5785539357643,0.482570386379523,0.588474189541412,0.551417830602779,-0.0948209428239561,0.665636822883968,0.48043350338189,-0.541435281214081,-0.902644958548427,0.622288923950641,-0.855732712906989
"1P5D_X",-0.684718296581763,-0.738696729563292,0.607611951434838,0.638172780806216,0.64485460295642,0.597033623389723,0.525862910554131,0.604665330227893,0.324678317483801,-0.0810880366968689,0.707181458221928,0.336080817513419,-0.54554253988448,-0.885005493705082,0.613227454265301,-0.872695976894127
"1PA9_A",-0.589385455573681,-0.61419383607945,0.515181152235051,0.528412564796466,0.520617381813335,0.483059601728529,0.452013969724367,0.497422740942671,0.487973960242256,-0.0417296263821768,0.615485329365363,0.706215607847099,-0.763947039397274,-0.943821332930374,0.803674149254125,-0.927353600990176
"1PII_A",-0.594479325533743,-0.691980800848985,0.656685680887875,0.668282330676889,0.666724580120665,0.636067334460681,0.616707305170345,0.637185796111352,0.469722314982365,-0.289784369924312,0.328393676982033,0.367334994195086,-0.632880441827713,-0.711198308810502,0.437149174079312,-0.882098075827769
"1PKN_A",-0.528640199938977,-0.589498726277698,0.442246987922428,0.51687056858616,0.517337781067504,0.456974643805593,0.421901681927048,0.461680003113467,0.302167889584913,-0.0892187478155092,0.554759144791839,0.350055270751819,-0.461161431582995,-0.845994053560724,0.59908679051341,-0.884169744623986
"1PMI_A",-0.672961588686068,-0.733362945349185,0.571765264845229,0.607454645975348,0.593078086532434,0.546101327562971,0.566280592212381,0.563593263713841,0.458737251072925,-0.118525852932883,0.72101750547708,0.477937121988927,-0.729963785252899,-0.817100908397286,0.556874875306032,-0.877058671884575
"1PP4_A",-0.538853111343349,-0.608360495613537,0.563049165401695,0.546689786328013,0.531857578464264,0.526921404874961,0.518801545157785,0.530092298343671,0.513308627791873,-0.0775618028121539,0.556779633100182,0.676218265889011,-0.778660950525495,-0.931808102048172,0.764122469444152,-0.91469245568698
"1PS9_A",-0.627179435688459,-0.667241651103762,0.542063543789881,0.61453900632722,0.606118636894466,0.570470972098458,0.52691616452991,0.579356996046143,0.462081534476645,-0.0926179346500453,0.483525660768178,0.642874422694755,-0.719500617201945,-0.828730619536816,0.490823412708266,-0.828563810464164
"1PTD_A",-0.642037782343845,-0.680305310322765,0.5681585558147,0.592905951375015,0.575626207829561,0.527290031232346,0.54104196499054,0.545486662906532,0.471864742135897,-0.252012899824907,0.692133085294552,0.699948338156725,-0.713393059476244,-0.943629023125099,0.80512301266479,-0.921126056719277
"1PUD_A",-0.507879973006698,-0.580842132783081,0.476293115617979,0.519183766029917,0.516603488759817,0.462218626162908,0.463349914598735,0.464483301034958,0.206860417500118,0.0177785197382889,0.54571802473157,0.322457714928977,-0.435185554811267,-0.904506666310791,0.697326161947346,-0.893112919659859
"1PYL_A",-0.406545490266484,-0.605219874570867,0.577701485084511,0.544839267461943,0.537595274375385,0.443752318525559,0.550333503764308,0.45504174929717,0.403535908597672,-0.141918226111498,0.534620687842257,0.645380739081747,-0.699524076147816,-0.924286114221725,0.83463045912654,-0.930095184770437
"1Q91_A",-0.593759938660364,-0.628738863705712,0.525184710470297,0.5505268945671,0.544367533529254,0.539488530663118,0.529920359807395,0.545686516113076,0.605082070808555,-0.162740206801373,0.617302182385108,0.760780169353354,-0.72976654344019,-0.884454267504797,0.734490980713198,-0.932105862195067
"1QAM_A",-0.451105811730753,-0.496674890057698,0.386462065153126,0.421916783483913,0.414371483946604,0.39367461635548,0.342469680102077,0.410204925157988,0.250133210167713,-0.103650409690221,0.405740716725556,0.556542278816,-0.727125284826525,-0.746241399724793,0.532871585173802,-0.918598759096415
"1QAZ_A",-0.252475944033881,-0.2463385665683,0.322855204664002,0.258115898801158,0.251591423217011,0.286219934377617,0.281219067183113,0.296032412264396,0.238317986537545,-0.237891414632324,0.20734635897038,0.692513240064984,-0.781100089105394,-0.943197554500566,0.779165441329266,-0.91200937950938
"1QBA_A",-0.6261633562478,-0.664441703665394,0.619916986797494,0.597344785559638,0.583962895957534,0.548692711639325,0.574517998238056,0.56863162206327,0.590584970373323,-0.147589968605546,0.565418865052052,0.651940280240515,-0.750061958958656,-0.901986580406882,0.536797817387985,-0.786977065013764
"1QFM_A",-0.578259898756267,-0.633737608108136,0.567703802965831,0.612702797350044,0.610607393412906,0.543963803391974,0.505836364871532,0.556971000518524,0.570936525457923,-0.135099455416374,0.553595452378885,0.527629004744407,-0.715805631856335,-0.881326244935317,0.584295579166715,-0.830411203226284
"1QGX_A",-0.679655957004234,-0.740105788124568,0.609048624556926,0.638085277685602,0.626637600807563,0.588286483397801,0.580133298578922,0.594114168675779,0.648677516039576,-0.241577376526153,0.729622797605278,0.744532198510899,-0.822662737943807,-0.908132633393072,0.723289236084885,-0.913022437694298
"1QJE_A",-0.533669923557568,-0.567378929205841,0.507847188588063,0.499528311167019,0.482049008204593,0.489966861316602,0.434806155452052,0.48936145211916,0.350010549253167,-0.200458431092381,0.511844092769905,0.636236443218856,-0.721295516796569,-0.927760254287642,0.747006837922045,-0.906837765822359
"1QK2_A",-0.621224650066749,-0.695974741326393,0.601798240152435,0.662674566085317,0.658181330347285,0.633643756655041,0.57643287494533,0.642430107730456,0.428402236236593,-0.0443158734597302,0.650410544690298,0.631761244190753,-0.679503908793371,-0.951714969593127,0.76646449773635,-0.890141751769075
"1QWN_A",-0.642832486498856,-0.665945850229079,0.59057973610185,0.559906277731473,0.5473968342414,0.515155521474915,0.502721406052591,0.540986131556985,0.665545346750596,-0.207015760956681,0.568116793187876,0.729117032797546,-0.8649741342651,-0.879918140680662,0.570409826566687,-0.825676520405615
"1R1J_A",-0.544663240159264,-0.614986905915698,0.570287035413524,0.594494889085302,0.59486157852213,0.569417241690083,0.494173050418283,0.574537244121772,0.539753487674549,-0.0760172445156436,0.495187176331635,0.600869447430506,-0.71190580047588,-0.802298019088457,0.462633587422867,-0.821660260862643
"1R44_A",-0.663648014544749,-0.778972418357395,0.703577455891396,0.714814169149788,0.713562787370115,0.653077878744374,0.608355721529481,0.661317780061484,0.566682415440222,-0.0743532228808877,0.724080772825091,0.742629972957097,-0.766898951698264,-0.918414894658686,0.78460333966543,-0.929322319777011
"1R4Z_A",-0.509147689165909,-0.604203098415056,0.530907550741745,0.564769072802178,0.559339012535648,0.480551973862832,0.548126914306289,0.501050120789008,0.553040903798059,-0.19968531864834,0.564966508698355,0.652112234009165,-0.713897432678426,-0.964837946979683,0.870192742762,-0.938210061206822
"1RBN_A",-0.554683787382401,-0.680394656176389,0.689917932284827,0.725780106779185,0.719293773397841,0.629262458967899,0.661801129918756,0.637690601032547,0.416444659194007,-0.238928680120113,0.490132024168065,0.60944234373379,-0.743699045947492,-0.838036191974823,0.684198269079465,-0.921139260424862
"1RDD_A",-0.436470249154573,-0.541966713115171,0.527751321586631,0.527184220708234,0.534332153596524,0.466604039268167,0.500895103243752,0.474757452346333,0.164344488700278,-0.0651513964723363,0.490536152063029,0.558977842288691,-0.520698379765182,-0.923950987682769,0.807506048392232,-0.934736231510425
"1RU4_A",-0.528679898513841,-0.512888288032776,0.524410021104709,0.503407284142158,0.504162921905395,0.533023784385034,0.521314586608702,0.533733577623925,0.363042059164155,-0.291159505492003,0.399654056630183,0.627250262056646,-0.759681125908016,-0.852703418057789,0.57913738854988,-0.871957137232108
"1S3I_A",-0.558883998797157,-0.602069603582658,0.4478657182461,0.50908498589267,0.508918468687115,0.498857553043418,0.407378848113998,0.50716620170463,0.495120453874104,-0.115342408254543,0.601624092630457,0.596558859013669,-0.679980424502151,-0.681625471372404,0.426364711847229,-0.896760836404446
"1S95_A",-0.600903522698922,-0.692630734256829,0.556610650086675,0.608695230355778,0.61082874132304,0.529919033693733,0.541376026398283,0.542870401410989,0.24661789614735,-0.0974909345388177,0.662976536170945,0.278555457256558,-0.375951472719353,-0.928101116165552,0.77987989553421,-0.927071172148572
"1SCA_A",-0.689344732481775,-0.769149457351178,0.703468186220465,0.76787918309585,0.772986531479499,0.678665386601104,0.736410800016558,0.688578484383326,0.60986387054574,-0.246324332572822,0.711129153286246,0.701432335969357,-0.73699416232919,-0.965745917912509,0.853015970751653,-0.936874220669841
"1SLL_A",-0.423979411268202,-0.47283378045712,0.404596817849105,0.413520262805793,0.410556216089005,0.366484429470522,0.430439283578421,0.376427672750323,0.318448656468521,-0.122310567548405,0.351772200383389,0.481901357239027,-0.69929782057152,-0.811655698762983,0.477853642204855,-0.836014394810018
"1SML_A",-0.497762597345576,-0.554196821629641,0.513870496028439,0.580630990223433,0.575810993722575,0.511553790205947,0.536628193628203,0.518918019403233,0.492322548301342,-0.123771911137883,0.503893320012572,0.766210618330389,-0.748937254118809,-0.95691394121447,0.818412887261371,-0.922578375541108
"1SNZ_A",-0.436043211964522,-0.580725016403271,0.557752951126218,0.575171448639529,0.576906293710373,0.495677552885049,0.573900309821267,0.502833420632464,0.485317631602185,-0.176973553573877,0.432535822493492,0.617189098880433,-0.714829966645569,-0.929586046857309,0.725438998333984,-0.88126888484702
"1TAH_B",-0.530531193516028,-0.550813112928154,0.528220511999147,0.494941974059441,0.482995310783797,0.479571049428575,0.457237222751661,0.494083484023523,0.287334776104061,-0.100359442838242,0.529749203578161,0.454947564238877,-0.561268611775442,-0.921891124931174,0.74244885454253,-0.911174848185991
"1TLP_E",-0.607600768781799,-0.686606360617103,0.624818890001747,0.638208635380482,0.628752858791371,0.56019106267237,0.564771394607668,0.572909812360521,0.522576630540251,-0.212372616418356,0.564005143941804,0.436391595243761,-0.672484097568245,-0.831170465957649,0.611553329373797,-0.904963082545641
"1U3F_A",-0.528102276124786,-0.589523057678496,0.477043667871339,0.535295762268084,0.532420000220631,0.56843096186688,0.425536603895931,0.569188672113063,0.364089975852675,0.0114195095770178,0.601396118771291,0.696355746602642,-0.690522764681077,-0.942970631044849,0.838085780746262,-0.948550596493137
"1U5U_A",-0.342810801591373,-0.349998039998925,0.263751919840154,0.300482257819884,0.301858263535784,0.276471574930698,0.233349126281495,0.290799907328732,0.353929808551354,-0.0571755749516975,0.348571452846212,0.663096426349358,-0.65948873942727,-0.946596684743482,0.757245553405357,-0.88672192949553
"1UAS_A",-0.608002143177163,-0.66999676649416,0.570373691074428,0.570214419968321,0.577890595478124,0.539783806832701,0.583535174689711,0.54326387410698,0.613684904624675,-0.104561284385359,0.586796183297123,0.719143812028935,-0.803939741133023,-0.838442196436754,0.569326186337066,-0.873233796588655
"1UN1_A",-0.511495980291508,-0.577573495864612,0.516983911902255,0.566298727001713,0.562036525816395,0.486630460603685,0.535430630953353,0.488183036685422,0.484235666608953,-0.298078334586314,0.500558348218794,0.673193763290771,-0.7001224657703,-0.904274953779856,0.712133252845355,-0.899066171213713
"1VID_A",-0.569431996139373,-0.64829481481536,0.547157473133851,0.625319341006054,0.619349306666231,0.567360024782952,0.521523324311353,0.571805108073518,0.51226217256637,-0.174659736743006,0.599424976772255,0.666270117965089,-0.694434182332647,-0.918970000571228,0.793606463325891,-0.942728137472339
"1VLB_A",-0.555678177833054,-0.594573379931566,0.53033642989424,0.586686337562765,0.588188428923544,0.556297190972448,0.565367174851356,0.562233192936383,0.561723490132406,-0.0646825547284142,0.501053206242158,0.818854713058484,-0.863871198300979,-0.941121166788367,0.645157793235308,-0.821441462602554
"1VNC_A",-0.505621978161361,-0.519416725939463,0.52205568913268,0.492590370393922,0.482886124455858,0.473358682015346,0.514311971937124,0.487199897158342,0.438449330752523,-0.236561251125327,0.435643199719037,0.663410808485084,-0.726020865867647,-0.906050270334178,0.704187886903574,-0.900557338378126
"1VQ1_A",-0.613513889256192,-0.701580631285142,0.577304784566689,0.647674981655951,0.645308511234207,0.607698982566129,0.538177728909204,0.620179524579888,0.0977409797410239,-0.067300535522811,0.637747165758971,0.0554831668320307,-0.191493168792179,-0.816346253112405,0.574359725357015,-0.909223500790273
"1W0H_A",-0.63273399952086,-0.69646489180359,0.613670649905724,0.604553063644348,0.599784197118878,0.579956790146622,0.546010152470576,0.581542851217474,0.390116945367746,-0.129921814309809,0.59879746940552,0.372721191521813,-0.539635267525723,-0.901627913379092,0.749658651394693,-0.923994855633123
"1XQW_A",-0.653320069742253,-0.689484843697006,0.672392004030936,0.687678585437703,0.687948220285455,0.657975207141127,0.683598636245074,0.653869260556614,0.492751901078881,-0.102880265988636,0.606235576487933,0.746582844254477,-0.762729581694893,-0.950086904965453,0.840796499691866,-0.94467112036676
"1Y9M_A",-0.666538434762335,-0.708213575446126,0.587143348223425,0.583424770950984,0.576024718144215,0.569562673024187,0.557984894231182,0.578805140238787,0.601544072034456,-0.228097591469417,0.619229747882433,0.611222711626163,-0.741257134446282,-0.858264534971825,0.598900722681335,-0.871193980890801
"1YON_A",-0.639254702283896,-0.702326731363151,0.555016362043882,0.643966559255186,0.63319852849066,0.572151891769173,0.550995651558046,0.586535455155218,0.270709580715656,-0.176262533219003,0.640852786319012,0.351834484586862,-0.570917111222142,-0.847860488986044,0.662805766864659,-0.914479116107952
"1YSC_A",-0.674787432821528,-0.71837998851512,0.664085041927436,0.70477139172835,0.700495642488873,0.685150500011056,0.670791351386898,0.683550518872902,0.21703495555415,-0.12187444836051,0.628995267969127,0.450596737443667,-0.50800785977764,-0.940730945074036,0.750473571882665,-0.892002148542095
"1ZE1_A",-0.474809106335875,-0.54307322438008,0.374152833701955,0.423420752936116,0.42427052737542,0.379080721988218,0.341379322818811,0.382978020032954,0.173422030584798,-0.131653481244234,0.43748787110221,0.408942442564719,-0.398301555435845,-0.732854330823874,0.440926406473919,-0.877261412253981
"1ZIO_A",-0.663438685658477,-0.770876403886654,0.617077169129203,0.726694684344182,0.717789400088067,0.663638929768687,0.517256961848369,0.676194998872825,0.589185241231794,-0.095432475357494,0.691427260450611,0.577853591372641,-0.704503443326888,-0.915473758166069,0.758438781091573,-0.920216838831814
"206L_A",-0.46160707356765,-0.594796451955191,0.583451859291277,0.555824177395008,0.55454128474725,0.481217407275688,0.566822617883438,0.487830867063803,0.529124768032745,-0.20901698699667,0.435712118340946,0.541083971598776,-0.739054223983538,-0.775231772564395,0.594725083655465,-0.937095041922996
"2A0N_A",-0.536580906093661,-0.592772120731868,0.393220911703659,0.473345773103939,0.475636953355324,0.444716160025387,0.363644988550369,0.440261403485242,0.0695708154103648,-0.0547554463830105,0.678390088817343,0.30587072884492,-0.420903214154162,-0.944560804401442,0.796056156327073,-0.919443748814267
"2ABK_A",-0.539252416827688,-0.627222363025544,0.482188417770353,0.574626906283703,0.565755498894035,0.504214541360755,0.445919641308524,0.505226938272889,0.353699657246727,-0.226373743569921,0.590314267900108,0.501187549082034,-0.631808047868623,-0.729501411581354,0.533208569129163,-0.922541868397185
"2ACY_A",-0.377650825346397,-0.499407032687521,0.489505198857875,0.499158368460128,0.496512326040429,0.447455337179798,0.502709803707772,0.449527539074743,0.698353392813939,0.0268815330055035,0.38066030009844,0.607936958278112,-0.740587254583819,-0.878481851972279,0.770683906177279,-0.946432556152733
"2AYH_A",-0.557860963531906,-0.611946672303356,0.551188055371311,0.535524435196963,0.526053007591187,0.499422193979779,0.492646480384877,0.507855254344483,0.478887183143425,-0.406322105516359,0.566232972747408,0.540787404563704,-0.601357084869651,-0.916325880266697,0.802899799155702,-0.927680143018511
"2CPO_A",-0.399393405004873,-0.417983952471182,0.36093480390984,0.343785915548425,0.332411522364261,0.304709579668044,0.391821283706579,0.312080137477576,0.41726089966277,-0.11549758161536,0.371027267882964,0.775681185812986,-0.808695659074625,-0.943766051720391,0.793525973816222,-0.91648023862789
"2CPU_A",-0.624729240717106,-0.685173180572079,0.671848781073176,0.670671672987142,0.656279295257334,0.619300599324433,0.64416380361644,0.631552626958144,0.53968598135316,-0.166954171303869,0.480495249746944,0.514214425868603,-0.697127030288093,-0.834502450038599,0.565519044457127,-0.857184948611095
"2DLN_A",-0.72008877495078,-0.770293801361407,0.611244423504878,0.675395933377876,0.675322219789894,0.619853163660179,0.583727851381436,0.621984994130813,0.577310887486493,-0.153150250579928,0.725776524378585,0.779242524964768,-0.716573490816687,-0.888638391316976,0.669372068364342,-0.901257804344571
"2EBN_A",-0.444935269193405,-0.460902581872218,0.365964144217076,0.340510381708771,0.321015455148414,0.333803509056395,0.393421738811234,0.340488350321561,0.352623421191522,-0.197799536150686,0.517351795468657,0.680403391585133,-0.782517628970349,-0.883549815079269,0.677357658705424,-0.901991114889558
"2ENG_A",-0.508085120906583,-0.593144736811793,0.542426796859948,0.580790790468335,0.585460607259004,0.55316051877267,0.596572054996265,0.543815313448703,0.489243050642654,-0.143225330170371,0.544544008425666,0.711605014281048,-0.830341836143103,-0.917239249083941,0.773845876866881,-0.931031744926244
"2F61_A",-0.625725497873388,-0.67596249143216,0.62373494896838,0.607456962588102,0.599294749994088,0.568826907964061,0.553479938537781,0.579608979610877,0.189965981868355,-0.183069882473489,0.544675558638951,0.332343686180356,-0.433594293158043,-0.860971880737586,0.609067259079867,-0.866630505927129
"2F9R_A",-0.462729974354819,-0.570391982320954,0.489160366269354,0.534850842534949,0.530390898891348,0.462960656626151,0.426124844991492,0.464351489286787,0.342886994561783,-0.0648534466782746,0.601788073417453,0.60637833669744,-0.677926326656476,-0.952695192254057,0.845633716881923,-0.93570839834739
"2NLR_A",-0.435236309002907,-0.484858455911337,0.453977297437455,0.404677371597637,0.390825134641268,0.38277176357732,0.479369988930881,0.384816776903671,0.433109153240362,-0.215127210041044,0.441034199012006,0.750703877771502,-0.747836063155423,-0.930372057019877,0.807244756633055,-0.932279701733672
"2NMT_A",-0.468698043164349,-0.523098961255849,0.510935919383903,0.53824949687551,0.532830205736274,0.503355277373066,0.491807682956803,0.512601736059626,0.52987568660454,-0.284989315890262,0.412488752105778,0.502821339289767,-0.478292609133956,-0.914874608488351,0.700960733505443,-0.891350660655678
"2PEC_A",-0.542142743809805,-0.543248837222245,0.449138246989647,0.436351925174136,0.41816631870603,0.460708267204626,0.354545724141045,0.473001174775341,0.365521738222762,-0.325257846020863,0.516629650241768,0.628512351642548,-0.744665753378703,-0.91947371668454,0.660447357464262,-0.861472097307791
"2PIA_A",-0.638912715854323,-0.706729658641414,0.621648953366424,0.656372719820111,0.644870564299417,0.593126551688642,0.580027919935302,0.60117399171304,0.412716633757999,-0.207702682815793,0.576366477372652,0.525973590139603,-0.636794283101081,-0.875789254475049,0.652748044334853,-0.890769476219154
"2PTH_A",-0.443355395340099,-0.519996645213144,0.393695532403866,0.459208982133045,0.464869665803138,0.443227876883454,0.405944135614218,0.449699667911079,0.525683048308929,0.00758855274878075,0.49963921750545,0.751508899409594,-0.793361218188394,-0.956429277282197,0.874385716574969,-0.953125834624219
"2SQC_A",-0.653916113281196,-0.681960204280016,0.606151457359794,0.626387750581124,0.627393574608727,0.584437652370693,0.56471452192482,0.58643911232472,0.554289199639238,-0.0591257341689534,0.562557971074122,0.704628855608611,-0.754121717497382,-0.886213531514589,0.578210909817816,-0.828461762775683
"2THI_A",-0.416901670679247,-0.446389108968599,0.38922564544002,0.411250090514377,0.398475914046656,0.378460301271102,0.339471263740225,0.388649963927789,0.378573020893128,-0.153164907228794,0.366176404371263,0.483926748392286,-0.654425186217936,-0.871083876985137,0.631293710240806,-0.882389089001054
"2TPS_A",-0.602440413283672,-0.724866521637838,0.594576950353914,0.667343274191047,0.66521520928243,0.601875389698995,0.574344134719785,0.599354875106449,0.608590652317283,-0.132100171799764,0.743982913112343,0.743879244608362,-0.810352404989581,-0.941954424636998,0.837085191502683,-0.933758008134835
"5EAT_A",-0.249072988259147,-0.309872772691387,0.394022647739825,0.380957760595989,0.380476414621074,0.371097867544847,0.414757239525083,0.371664642596006,0.17253089064799,-0.181691145226899,0.133875148244872,0.56462699904998,-0.650045590295755,-0.870123786681203,0.590769187241812,-0.854845138549245
"7ATJ_A",-0.567402253534681,-0.672406119846027,0.670940565704488,0.711243015649656,0.710395632128634,0.638877266562402,0.649323536536929,0.652787933053371,0.582968440292688,-0.150881669063373,0.460751673905785,0.643341652366912,-0.731735577213246,-0.867646727618338,0.653432921956994,-0.903873775567173
