"c.var","c.mean","c.median","c.sd","c.min","c.q1","c.q3","c.max","v.var","v.mean","v.median","v.sd","v.min","v.q1","v.q3","v.max","c.v.d.mean","c.v.d.median","c.v.d.signif"
"r.bfSC.wcnSC",-0.677891241031963,-0.697127030288093,0.106755802228722,-0.8649741342651,-0.748721417045177,-0.632880441827713,-0.191493168792179,"r.bfSC.wcnSC",-0.50496326641764,-0.529231690536475,0.164380194983384,-0.725886938955695,-0.644401019653836,-0.417678792095937,-0.211621730545776,-0.172927974614322,-0.167895339751618,1.6198461442295
"median.bfSC",22.602034973798,18.87666666665,12.6969257946482,4.27125,14.22785714285,27.71125,91.79,"median.bfSC",41.2141111111111,35.2675,23.3799396104703,15.62275,26.72,40.292,92.525,-18.6120761373131,-16.39083333335,1.46587264022273
"r.bfSC.vsphericity",-0.519776289054776,-0.529996450281395,0.0828476718178425,-0.680049933322141,-0.579800584250375,-0.466734232649406,-0.157537747074557,"r.bfSC.vsphericity",-0.400277363552465,-0.425874417142006,0.0925041859217895,-0.522096982411111,-0.45910577943999,-0.358833979507042,-0.214729432364242,-0.119498925502311,-0.104122033139389,1.44239328493206
"r.bfSC.rsa",0.624226554851242,0.636170306114154,0.0910190194654076,0.230597038925468,0.582032424469982,0.693792909097028,0.78404686056074,"r.bfSC.rsa",0.494271162045978,0.489481420022253,0.0983558600699517,0.344882050756337,0.399261335886942,0.590674643750891,0.600983721617153,0.129955392805264,0.146688886091901,1.4277828257055
"r.bfSC.vsphericitym",-0.585875549330174,-0.59785729517206,0.0880342782957761,-0.727213493057325,-0.649035912148753,-0.542069771451465,-0.184402795976158,"r.bfSC.vsphericitym",-0.462071586789569,-0.478652305445922,0.110588495968378,-0.587028034805998,-0.51521050929068,-0.397898723292357,-0.236576396295357,-0.123803962540604,-0.119204989726138,1.40631541414641
"mean.bfSC",25.4495640707281,22.5499605064252,13.0110274603916,4.720386904762,17.0299919962337,30.1837690920193,102.374589171975,"mean.bfSC",43.2722077448353,36.4269147217235,23.753940402891,16.8105366900857,28.6234536767075,43.6773658935679,95.6998374522798,-17.8226436741071,-13.8769542152983,1.36981062628322
"r.bfSC.varea",0.616973936736268,0.635216423830967,0.092198619723979,0.197074895505931,0.569495651279621,0.684019582576245,0.797965045066828,"r.bfSC.varea",0.492055678148171,0.507203612577123,0.103300043418888,0.311382965675491,0.465047807402975,0.55873467835856,0.613892637924095,0.124918258588097,0.128012811253844,1.35488209001471
"r.bfSC.vvolume",0.608071692824541,0.621896064062804,0.0920770722414952,0.192619211160598,0.565515729192194,0.674990760809196,0.785500705525311,"r.bfSC.vvolume",0.488021371209581,0.49523709989494,0.102386276849112,0.316340308666826,0.462572760272986,0.560233209505819,0.611235466900896,0.12005032161496,0.126658964167864,1.30380255032543
"r.bfSC.vedge",0.566508955102791,0.58177271713811,0.0867254925984855,0.196499010920325,0.518701348882422,0.628148473625845,0.736209530515545,"r.bfSC.vedge",0.456283612229299,0.476112793820003,0.0937456389263956,0.288301441451667,0.43225419495655,0.510815327578251,0.58401894235999,0.110225342873492,0.105659923318107,1.27096819598136
"r.bfSC.veccentricity",0.574490007375219,0.59020099037827,0.0889810215436855,0.203987819348839,0.530269603294194,0.640067097581306,0.740490326379013,"r.bfSC.veccentricity",0.469579122808135,0.49236580763205,0.105359168991845,0.245492819389798,0.459573289646744,0.522305647510745,0.597226459235375,0.104910884567085,0.09783518274622,1.17902540055216
"sum.bfSC",9356.32993202532,7385.24007142909,7142.57822537878,1507.31300000012,4481.07192857161,12470.2644285714,45495.7828809532,"sum.bfSC",17767.8002513227,16987.0182380955,13302.2103185162,2050.88547619046,6745.9841666666,21926.0376785711,45361.7229523806,-8411.47031929736,-9601.77816666641,1.17765183017667
"r.hbe.vnfaces",-0.0431709122051217,-0.0410688187428101,0.0588783665119405,-0.203164760260955,-0.0847237749859005,-0.00236635001902519,0.112586500231123,"r.hbe.vnfaces",0.0221232695720023,0.0315266829397777,0.0742564950990364,-0.129410091138195,0.00580061072898168,0.0646235423884926,0.124773176731355,-0.065294181777124,-0.0725955016825878,1.108967276867
"r.varea.vvolume",0.994172056214322,0.994333062620317,0.0015430906963925,0.989769286689091,0.993187688514961,0.995325239432833,0.997365370695633,"r.varea.vvolume",0.995628808922436,0.99576242411072,0.00127855401177876,0.992815494395741,0.995158350819447,0.99638526405325,0.997310166842354,-0.00145675270811385,-0.00142936149040307,0.944048662544272
"r.rsa.vnfaces",0.0265825331806662,0.0293988015788549,0.069877567580531,-0.137604083691236,-0.0258814351333803,0.0762065744805461,0.196764207106208,"r.rsa.vnfaces",0.0853405828101129,0.0896070772046425,0.0339029693422702,0.0203384093130262,0.0648094317466129,0.108902492424165,0.128484803727899,-0.0587580496294467,-0.0602082756257876,0.840871422173224
"median.rsa",0.166223169390539,0.163461538462,0.0419966603215469,0.0796019900498,0.131782945736,0.19391634981,0.277608067271,"median.rsa",0.200441658799444,0.192353908424,0.0440313490685993,0.138364779874,0.174418604651,0.210897435897,0.278846153846,-0.0342184894089055,-0.028892369962,0.814790727331936
"r.vnfaces.vsphericity",0.250127701163369,0.249992467324819,0.0651069908398443,0.0947497267122051,0.200723347723415,0.295100736473288,0.420991878898719,"r.vnfaces.vsphericity",0.201979996298232,0.194473559483336,0.0364667101360118,0.150816759043808,0.178289553667674,0.214895547863494,0.27188455802301,0.0481477048651366,0.055518907841483,0.739516667013139
"r.varea.vedge",0.95784303493532,0.958104425914695,0.0105507721918753,0.929686175181464,0.949316137615243,0.965654321546399,0.981261998426436,"r.varea.vedge",0.965104864696494,0.963853470957296,0.0117227346496085,0.946545989015239,0.958397096947081,0.971245053268553,0.982364808196511,-0.0072618297611744,-0.00574904504260099,0.68827471858092
"r.rsa.vsphericitym",-0.880474566813831,-0.885102473971124,0.0297580778339309,-0.933206098996803,-0.904022943446002,-0.861351171403039,-0.797767960314792,"r.rsa.vsphericitym",-0.860177850436016,-0.846801556873223,0.0327864779261111,-0.913630441224807,-0.889667747735121,-0.838297189703932,-0.821700665789311,-0.0202967163778149,-0.038300917097901,0.682057372491718
"median.hbe",-0.766507177033493,-0.775,0.0657537743591447,-0.975,-0.825,-0.725,-0.6,"median.hbe",-0.722222222222222,-0.75,0.0878959296238708,-0.85,-0.775,-0.65,-0.6,-0.0442849548112706,-0.025,0.673496772510545
"mean.rsa",0.23222262319662,0.228782770591179,0.0284792498902747,0.17305954583225,0.209858954352626,0.250184883891473,0.333365175337749,"mean.rsa",0.251042865220697,0.242225592986456,0.0268087401195713,0.215466630764728,0.237382527136,0.252469072969126,0.29795917673341,-0.0188202420240767,-0.013442822395277,0.6608405100762
"mean.TSS",0.125873144050223,0.123924268502582,0.0273335911335342,0.0716417910447761,0.106145251396648,0.144654088050314,0.225806451612903,"mean.TSS",0.107867699624932,0.110328638497653,0.0202150652121521,0.0756972111553785,0.0949367088607595,0.122950819672131,0.136054421768707,0.018005444425291,0.013595630004929,0.658729558707748
"r.vedge.vvolume",0.971220419360736,0.971497759360996,0.00704719478482082,0.952625628001711,0.9659817052575,0.976765445654533,0.987631785995279,"r.vedge.vvolume",0.975820838368972,0.973575538290605,0.00696130143378984,0.967045040640535,0.97067533336224,0.980506847990637,0.986353302965803,-0.00460041900823616,-0.00207777892960892,0.652801454863309
"r.rsa.vsphericity",-0.780114904828421,-0.790070803929911,0.0402556353024284,-0.852956145092325,-0.805114066891618,-0.765067924270234,-0.579771616749949,"r.rsa.vsphericity",-0.754894530409874,-0.777810435102581,0.0497877461469636,-0.808794948059007,-0.77990750992734,-0.756038149123568,-0.658722409088266,-0.0252203744185467,-0.0122603688273301,0.626505437787124
"median.vvolume",2.38242680035601,2.3602646635269,0.090640885168016,2.24657981876359,2.32043373411564,2.4218240995725,2.79201186602026,"median.vvolume",2.4374590903563,2.38950492640986,0.109586344240477,2.33398301043158,2.37564602100423,2.45120819134977,2.64157310930529,-0.0550322900002955,-0.02924026288296,0.6071464317486
"nchain",1.38277511961722,1,1.38567185597995,1,1,1,15,"nchain",2.22222222222222,2,1.48136573621926,1,1,3,5,-0.839447102604997,-1,0.605805118276967
"r.bfSC.vnfaces",-0.046375646939462,-0.0455487826435359,0.0604601178805123,-0.212624708880341,-0.0851549678772494,-0.00760083406195107,0.0946758027297032,"r.bfSC.vnfaces",-0.0100120451332785,-0.0167221801065162,0.0952333886973843,-0.140573917553128,-0.043119922470287,0.0319970987025739,0.16645692092076,-0.0363636018061835,-0.0288266025370197,0.601447749044239
"r.vnfaces.wcnSC",0.100787400584518,0.103358633428392,0.0516098468925167,-0.0986064976861322,0.0719541932097508,0.134644245528863,0.239081755563079,"r.vnfaces.wcnSC",0.0707460888418775,0.0650460813314174,0.0331049330388071,0.00785275799219366,0.0603029153255676,0.08530363010802,0.118963536373307,0.0300413117426409,0.0383125520969746,0.582084884018457
"median.vedge",2.0329816948783,2.02106519720257,0.0368625366705401,1.9837358616275,2.00986289761685,2.04772256359324,2.19371715794602,"median.vedge",2.05309809060624,2.02962270351245,0.049542939258656,2.01001146216064,2.02721692280363,2.04929750679257,2.14909412865732,-0.0201163957279475,-0.00855750630987995,0.545713820720977
"r.rsa.vedge",0.87543744123074,0.875798379244489,0.0228893162153374,0.816105724243069,0.858847412263714,0.892653618049232,0.925524830610273,"r.rsa.vedge",0.887747357016355,0.887397000376049,0.0193138299620274,0.861345863048692,0.879747575855924,0.891880032113486,0.930773785177945,-0.0123099157856148,-0.01159862113156,0.537801814165437
"mean.hbe",-0.788090822018428,-0.789630681818182,0.0553069364968698,-0.965746268656716,-0.828790322580645,-0.749188034188034,-0.606208053691275,"mean.hbe",-0.758779585579843,-0.756064356435644,0.0532195251159169,-0.848154008438819,-0.780430327868852,-0.724319727891157,-0.684711155378486,-0.0293112364385849,-0.033566325382538,0.529973965204958
"r.vnfaces.vsphericitym",0.115415642618365,0.120150988748512,0.0537828822705425,-0.131501081140948,0.0851857829040732,0.150108076570874,0.24588430811409,"r.vnfaces.vsphericitym",0.0871715834311918,0.0940031998287262,0.0307949134689038,0.0476459496664836,0.0528363897288479,0.106157257261025,0.130658325183958,0.0282440591871729,0.0261477889197858,0.525149601412167
"r.rsa.wcnSC",-0.862485548564565,-0.872335109363068,0.0474765739558401,-0.946319917111372,-0.900481494235587,-0.831153898523274,-0.699917404575497,"r.rsa.wcnSC",-0.839182110155227,-0.834650555583273,0.0517745010762701,-0.920335309416316,-0.863450580031201,-0.803248187532272,-0.77904672157714,-0.0233034384093379,-0.0376845537797951,0.490840776148114
"r.rsa.vvolume",0.91721366834958,0.918178234199729,0.0159724390396501,0.866771813026473,0.906273741661561,0.929566691993447,0.952264558215466,"r.rsa.vvolume",0.92487268899744,0.923346380362383,0.0118143908371361,0.912064430207282,0.917393903591776,0.926663065157739,0.951743295981736,-0.00765902064786039,-0.00516814616265404,0.479514783487206
"r.bfSC.hpshh",0.362180449049607,0.364774967093445,0.0866564835067469,0.136048263753609,0.306164085584913,0.420521334034626,0.559938651352403,"r.bfSC.hpshh",0.32095260027009,0.319785374041164,0.0631168288270662,0.231038024214928,0.271561255845102,0.364218282982141,0.431502337396064,0.0412278487795169,0.044989593052281,0.475761848521201
"r.varea.veccentricity",0.913430418994786,0.915514331688071,0.0251820523472591,0.820395242586157,0.895295273359278,0.935061641984028,0.969029818638294,"r.varea.veccentricity",0.925255708364545,0.921274301980498,0.0192290197563918,0.900310874251893,0.915137187638851,0.938198421181763,0.954068410037099,-0.0118252893697582,-0.00575997029242703,0.469591962032649
"r.veccentricity.vedge",0.886407916360502,0.886335735730815,0.0307322434441517,0.787494767212956,0.863515440119795,0.911043010369526,0.95761562251659,"r.veccentricity.vedge",0.900780884328974,0.896133852977508,0.027148937968706,0.859064830142025,0.884615654762351,0.915475700689479,0.940388669351487,-0.0143729679684718,-0.00979811724669299,0.467683655916337
"median.vsphericitycc",0.83159552331126,0.833498728871173,0.00872941270347457,0.785247094945474,0.827653279206286,0.83678464994432,0.850245432793279,"median.vsphericitycc",0.827546901866207,0.827906080751462,0.00750138360799377,0.81764071187531,0.821686513447527,0.830360116514004,0.839942408733525,0.00404862144505302,0.00559264811971105,0.463790816470568
"r.veccentricity.vvolume",0.909363413998172,0.909824969145388,0.0254711107715343,0.820395132209442,0.892827469669174,0.929723631412653,0.967045621352393,"r.veccentricity.vvolume",0.921103386545618,0.915623605668507,0.0196350482754175,0.893726928928745,0.912147601132348,0.934244190130349,0.95269604671786,-0.0117399725474454,-0.00579863652311896,0.460913253950654
"median.varea",2.37220363601395,2.35392584335232,0.0775184239756657,2.25686921763463,2.31574367866408,2.40990270475369,2.70994293503234,"median.varea",2.40736038317169,2.36527488451145,0.0834997993595146,2.31939132935851,2.36091183032299,2.42222443491631,2.5486596163431,-0.0351567471577354,-0.0113490411591304,0.453527630654252
"mean.nhbps",0.0704626966507378,0.062381852552,0.0682492057271609,0,0.0173410404624,0.1,0.507462686567,"mean.nhbps",0.0403501392737011,0.0179533213645,0.0492977925922144,0,0.0042194092827,0.0458167330677,0.12676056338,0.0301125573770367,0.0444285311875,0.441214766621861
"r.vsphericity.wcnSC",0.765644583516728,0.772917324186544,0.0362075249071187,0.578275475923852,0.74944387494577,0.789676786628006,0.822086190440308,"r.vsphericity.wcnSC",0.749743230889014,0.771415998401208,0.052323926363653,0.650242382385889,0.750813154330216,0.77963229587604,0.80332494868014,0.0159013526277141,0.00150132578533602,0.43917259377726
"r.veccentricity.vnfaces",0.0187430207760512,0.0213082595415733,0.0623823977485801,-0.14499480568926,-0.0196028523196222,0.0567376670122587,0.200523595058777,"r.veccentricity.vnfaces",0.045183266499938,0.0550554401266519,0.0452287477881801,-0.0575909858491045,0.0322993947388863,0.0771565331463557,0.0835181446170323,-0.0264402457238869,-0.0337471805850786,0.423841446916629
"mean.betas",0.220066062340551,0.198717948717949,0.115281244706386,0,0.155555555555556,0.273170731707317,0.610810810810811,"mean.betas",0.172394184346769,0.149012567324955,0.144006092394634,0.0163934426229508,0.0841584158415842,0.181818181818182,0.476190476190476,0.0476718779937825,0.049705381392994,0.413526745961149
"sum.ISS",0.172248803827751,0,0.929741080226415,0,0,0,6,"sum.ISS",0.555555555555556,0,1.66666666666667,0,0,0,5,-0.383306751727804,0,0.412272577688467
"mean.helix",0.348767012550632,0.361563517915309,0.14131040878898,0.00961538461538462,0.286729857819905,0.433460076045627,0.733644859813084,"mean.helix",0.406848734606972,0.475409836065574,0.191960249592599,0.0476190476190476,0.310421286031042,0.492574257425743,0.651639344262295,-0.0580817220563399,-0.113846318150265,0.411022249203692
"mean.HSS",0.304484559958801,0.316498316498317,0.139840024868923,0,0.236842105263158,0.382758620689655,0.691588785046729,"mean.HSS",0.361481748206132,0.426229508196721,0.176639810435373,0.0272108843537415,0.268292682926829,0.462871287128713,0.577868852459016,-0.0569971882473314,-0.109731191698404,0.407588516240303
"mean.ESS",0.205690589895603,0.183807439824945,0.11417092663203,0,0.144,0.255924170616114,0.610810810810811,"mean.ESS",0.160794862313652,0.147540983606557,0.145047466658167,0,0.0742574257425743,0.178403755868545,0.469387755102041,0.0448957275819513,0.036266456218388,0.393232575983632
"r.hbe.wcnSC",-0.34443846162448,-0.339160114008607,0.0938638007199454,-0.600222781556515,-0.41171361730063,-0.277344346195209,-0.0933800165019356,"r.hbe.wcnSC",-0.307692891097016,-0.271804497738762,0.120351505517753,-0.503406421955485,-0.341204711565307,-0.248109270076667,-0.129385700443997,-0.0367455705274641,-0.067355616269845,0.39147754774068
"sum.HSS",109.751196172249,103,74.5032608411614,0,55,144,385,"sum.HSS",137.888888888889,121,83.1421139442047,4,115,187,264,-28.1376927166401,-18,0.377670620036736
"r.hpshh.vnfaces",0.0139269084714331,0.0208822813152609,0.0664918811116685,-0.207637018950612,-0.0312983362231104,0.0629023004964071,0.191673975404158,"r.hpshh.vnfaces",-0.0109765862864994,-0.0129879085815077,0.0831920566540868,-0.172554023553862,-0.0561921587514748,0.0403546534217121,0.102758177104906,0.0249034947579324,0.0338701898967686,0.374534369333133
"mean.LSS",0.209852135883987,0.210272873194221,0.0405620530015891,0.0987654320987654,0.186363636363636,0.233644859813084,0.355,"mean.LSS",0.224976299707719,0.254950495049505,0.0470839733914293,0.155737704918033,0.179324894514768,0.260956175298805,0.272108843537415,-0.0151241638237321,-0.044677621855284,0.372864850384657
"sum.helix",125.650717703349,115,80.5238110506268,3,66,162,409,"sum.helix",154.666666666667,142,91.7414846184647,7,123,199,296,-29.0159489633174,-27,0.360339986206993
"sum.ESS",73.8086124401914,58,56.7151428233172,0,39,96,305,"sum.ESS",53.4444444444444,69,44.9085490500169,0,18,76,136,20.3641679957469,-11,0.359060508040802
"r.varea.vnfaces",0.0666948217980878,0.0685891092554023,0.0644756285545905,-0.0975942238577947,0.0256504788367795,0.107691232589282,0.231589380303386,"r.varea.vnfaces",0.0898170449194149,0.0943534081031887,0.0464263780243353,-0.0148951444731283,0.0744809994713763,0.109759189176693,0.144586569462232,-0.0231222231213272,-0.0257642988477864,0.358619584479893
"sum.betas",79.1626794258373,63,59.2033031213502,0,42,101,311,"sum.betas",58.4444444444444,70,47.1171707318869,4,18,82,150,20.7182349813929,-7,0.34995065966043
"sd.vsphericity",0.0976046433198635,0.0972121841136179,0.0056750369081411,0.0859414801577286,0.09341185657752,0.101433116686878,0.113068476601957,"sd.vsphericity",0.0956196789677233,0.0941915641299722,0.00570916208188206,0.0892039520778494,0.0907361627886947,0.0997058525238681,0.103458726028289,0.0019849643521402,0.00302061998364569,0.349771179336768
"r.hbe.hpshh",0.202046956203039,0.199810355007939,0.0592889459917933,0.0422917906748543,0.163780319808488,0.241522207489862,0.444831648015286,"r.hbe.hpshh",0.221044317724431,0.185927482539494,0.105186836701849,0.120064971465353,0.175254605823667,0.262289951416646,0.466690078713828,-0.0189973615213914,0.013882872468445,0.320419956934654
"sum.TSS",45.5598086124402,41,24.096111878382,9,29,58,136,"sum.TSS",38,45,14.7563545633737,15,25,47,59,7.55980861244019,-4,0.313735620526502
"r.hbe.vedge",0.315432366130966,0.313818257684161,0.0710234125894437,0.148653622114726,0.263178473574668,0.365777078879136,0.514465314927925,"r.hbe.vedge",0.337489406353966,0.310682988063162,0.102725656474786,0.179089577496074,0.270041073586569,0.412758524058779,0.476297479789628,-0.022057040223,0.00313526962099897,0.3105601296646
"sum.nhbps",24.6985645933014,20,25.9405764690202,0,6,34,170,"sum.nhbps",16.7777777777778,5,21.9816842949862,0,2,23,54,7.92078681552366,15,0.305343515591611
"median.veccentricity",1.48351181093658,1.2463527967,0.726266734698201,0.784360367493,1.002304927249,1.68002671888,5.203236677565,"median.veccentricity",1.70230798482111,1.203062058565,0.925548844013287,0.982155559115,1.109371792555,1.76286225424,3.341266938135,-0.218796173884535,0.0432907381350001,0.301261455924255
"mean.vvolume",2.78525042795012,2.7725070724063,0.109098450848966,2.56465542697384,2.69949474240414,2.84843599227758,3.13671991244792,"mean.vvolume",2.81761399706575,2.76221308979204,0.119869638395954,2.68400519455087,2.73920358960493,2.85230627456581,3.05630436875436,-0.0323635691156312,0.0102939826142601,0.296645542294958
"median.hpshh",0.735023923444976,0.74,0.039820805369829,0.52,0.74,0.74,0.84,"median.hpshh",0.723333333333333,0.74,0.0264575131106459,0.68,0.71,0.74,0.74,0.0116905901116426,0,0.293579951562211
"r.vedge.vsphericity",-0.69563770039411,-0.697830066592577,0.032715361003399,-0.762723203686961,-0.718618134253824,-0.679498559313933,-0.5130039193729,"r.vedge.vsphericity",-0.705013094016689,-0.71515886411576,0.0346390038927461,-0.747662416514876,-0.730298579531134,-0.668271010736764,-0.657242596494415,0.00937539362257855,0.0173287975231831,0.286574665081779
"mean.vedge",2.18134794043729,2.17557618918214,0.0374709095959236,2.10444794385875,2.15240725991911,2.20482916940864,2.30291626252223,"mean.vedge",2.19186369804329,2.17516618685241,0.0389808832509635,2.14401986980152,2.16599454952623,2.20603531360903,2.26453191946514,-0.0105157576060093,0.000410002329730208,0.280637906029196
"mean.varea",2.65823275663924,2.64916539399367,0.0792148636782014,2.49664188851147,2.59874234094415,2.70505485921611,2.91429933751864,"mean.varea",2.68028589518701,2.64141484724331,0.085586274234548,2.58072167657771,2.62444017744621,2.70732020858952,2.84501549839703,-0.0220531385477702,0.00775054675036024,0.278396471618733
"r.vedge.vsphericitym",-0.805027584604634,-0.805853599084994,0.0574008176493842,-0.916798959508827,-0.851776898042771,-0.763508426336937,-0.642377656889317,"r.vedge.vsphericitym",-0.820923354330183,-0.80509536699834,0.0631471030513975,-0.921472733220761,-0.857735978422942,-0.782900341316183,-0.711643646222768,0.0158957697255486,-0.000758232086654043,0.276925841416462
"mean.SSS",0.0954416451746068,0.0965732087227414,0.0274745441529854,0.00552486187845304,0.0756972111553785,0.112903225806452,0.176136363636364,"mean.SSS",0.0879130817136083,0.0843881856540084,0.0235830122139826,0.0569306930693069,0.0682226211849192,0.112676056338028,0.119521912350598,0.00752856346099848,0.012185023068733,0.274019594977718
"mean.BSS",0.0143754724449482,0.0132890365448505,0.010239353639988,0,0.0072289156626506,0.0193236714975845,0.0547945205479452,"mean.BSS",0.0115993220331171,0.0099009900990099,0.0092192629535655,0,0.00443458980044346,0.0168776371308017,0.0278884462151394,0.00277615041183112,0.0033880464458406,0.27112555239711
"sum.rsa",80.4944183100459,73.217018152311,33.6034409458079,29.120310376809,57.4144028773664,100.756317186248,273.381758750205,"sum.rsa",89.5808168188085,103.18810261223,34.1871948176538,35.5026666502502,58.7882869021791,112.519317862464,126.739474630501,-9.08639850876264,-29.971084459919,0.270400835539915
"r.vsphericitym.vvolume",-0.854786368499501,-0.859378593397964,0.0472792631364425,-0.946857592446892,-0.8936159405567,-0.821023817567626,-0.720375078395771,"r.vsphericitym.vvolume",-0.867512727068493,-0.860881004445186,0.0461179625016002,-0.943467241202692,-0.898069590693937,-0.842397425583266,-0.785918461372417,0.0127263585689923,0.00150241104722204,0.269174215601996
"r.vnfaces.vvolume",0.108233316168291,0.111968133893684,0.0682030900535533,-0.0681780349992069,0.0675601957745112,0.153307444016118,0.283950882319768,"r.vnfaces.vvolume",0.126381742014596,0.124351366634664,0.0516846950686258,0.0129993379132473,0.112440136662039,0.146528033573479,0.199905455449294,-0.0181484258463057,-0.01238323274098,0.266093894456328
"r.hpshh.vedge",0.415051241986825,0.423286687980973,0.0808233269972591,0.120650266711098,0.364082579751302,0.471837983197495,0.616442988857158,"r.hpshh.vedge",0.436102405257091,0.410368619448957,0.0616738746689316,0.357884396044839,0.401275382605852,0.476702127276801,0.555876156591935,-0.0210511632702658,0.012918068532016,0.260459004254796
"r.hpshh.vvolume",0.424710351478058,0.430616822250626,0.0833531349882329,0.122110139709191,0.368783028169913,0.484096170808775,0.628615939515423,"r.hpshh.vvolume",0.445885892593239,0.423240727638224,0.0629957267217052,0.373625457004108,0.416244713660418,0.476595275985361,0.585652633115382,-0.0211755411151817,0.00737609461240196,0.25404612697736
"r.bfSC.hbe",0.272916366242156,0.274970713757558,0.0903988798537659,0.054370244580937,0.209297517507647,0.336348619730631,0.513554312643259,"r.bfSC.hbe",0.25005242241208,0.284203255034807,0.0897280747120436,0.0414836968220024,0.218904852450255,0.303502030460023,0.336049704729933,0.022863943830076,-0.00923254127724898,0.25292286660036
"mean.wcnSC",1.02478150327112,1.00439845816288,0.192335766774538,0.581041093402958,0.881287742313597,1.16020903746279,1.59599457372646,"mean.wcnSC",0.977076180948693,1.05912568294913,0.178659905915438,0.663411751424762,0.902154851472275,1.09064202939095,1.21224961936424,0.0477053223224287,-0.05472722478625,0.248031466650456
"mean.nhbon",0.683314203768775,0.681073025335,0.0485081634402541,0.515789473684,0.652459016393,0.721068249258,0.829850746269,"mean.nhbon",0.671315212609111,0.67684021544,0.04863414799415,0.591836734694,0.629711751663,0.70297029703,0.737704918033,0.0119989911596641,0.00423280989500008,0.247360244311101
"mean.ISS",0.000540382765618452,0,0.00311665632493725,0,0,0,0.0241545893719807,"mean.ISS",0.00130412102243088,0,0.00391236306729263,0,0,0,0.0117370892018779,-0.000763738256812425,0,0.245050521195276
"sum.nhbas",43.4258373205742,31,46.524450792364,0,11,58,248,"sum.nhbas",32.3333333333333,18,33.2640947569598,4,10,54,104,11.0925039872408,13,0.238423104374645
"r.hbe.vvolume",0.345596517185878,0.34365350538869,0.0724988607871568,0.179916411391009,0.296372255878457,0.393453891276695,0.553435240864087,"r.hbe.vvolume",0.362542825069147,0.344110163261027,0.0984966132928841,0.199494328771493,0.299548814111053,0.428393715202711,0.495837252571325,-0.016946307883269,-0.000456657872337007,0.233745850614401
"sd.wcnSC",0.244557965339795,0.240173021101634,0.0433054221216517,0.14011774361324,0.214172799775711,0.272771640606945,0.396946199609905,"sd.wcnSC",0.234886554123522,0.2481668141628,0.0396918939849972,0.161577004167964,0.209571770747827,0.270579674641137,0.272026287391497,0.00967141121627335,-0.00799379306116602,0.223330260795169
"r.hpshh.veccentricity",0.436812727854677,0.44377438804839,0.0777882106483639,0.160530812214149,0.387145238574676,0.492377310471683,0.606999305747806,"r.hpshh.veccentricity",0.454011758198963,0.424753910165548,0.0640852578105659,0.364345533865136,0.415278971938372,0.513538074619992,0.560746682962188,-0.0171990303442854,0.019020477882842,0.221100732372318
"sd.hpshh",1.30937360753106,1.32101051961385,0.0662066438598491,1.04665848748491,1.28240592626463,1.35163082742655,1.46958607436538,"sd.hpshh",1.29474614823963,1.29935884998521,0.0417153286962317,1.21577755715968,1.26969737552545,1.31399047677336,1.36055403117326,0.0146274592914255,0.02165166962864,0.220936426295674
"sd.vsphericitycc",0.0831799641842195,0.082622384089706,0.00713508511267079,0.0675726610955292,0.0778081037640497,0.0877158074606333,0.10561983719313,"sd.vsphericitycc",0.081625514071769,0.0848271386313766,0.0073296651400614,0.0689873457336862,0.0783896475970687,0.0863027654800397,0.0913164904015009,0.00155445011245048,-0.0022047545416706,0.217860065844207
"median.wcnSC",1.02341398195889,1.00708743355,0.197032920322542,0.580581119811,0.87345701859,1.16035165558,1.60692802868,"median.wcnSC",0.980617774447778,1.06235009675,0.189327441350528,0.6540806887015,0.8919309748455,1.0880246902,1.23490224217,0.0427962075111075,-0.0552626632,0.217203335569763
"r.rsa.varea",0.928538553284083,0.929460014145854,0.0123135495763316,0.89502818455456,0.920367732200238,0.937335204216702,0.953460999502391,"r.rsa.varea",0.931159823794016,0.929646690727196,0.0107995150929565,0.915078431648036,0.925365325380447,0.933248588045534,0.95428305064146,-0.00262127050993244,-0.000186676581341971,0.212876920150701
"r.varea.vsphericitym",-0.890140428658749,-0.894115204538203,0.0363124279939272,-0.958604050450363,-0.919606411221111,-0.863766606861912,-0.78621912222237,"r.varea.vsphericitym",-0.897785468305503,-0.895240294224362,0.0340354426467165,-0.954398405926885,-0.917252869307664,-0.880142942924048,-0.838227408459518,0.00764503964675323,0.00112508968615899,0.210535072125493
"sd.rsa",0.226443765190813,0.225494865887225,0.0106776991831551,0.201274244396739,0.219499139130041,0.232877513527339,0.258126413148524,"sd.rsa",0.228682772908393,0.226784688409711,0.0128219643708352,0.21494639254906,0.217763952430058,0.23347750174075,0.254666383911689,-0.00223900771757971,-0.00128982252248599,0.209690091392713
"r.hpshh.varea",0.442876951957881,0.448636555028859,0.0816587127240931,0.147848225509593,0.390347276149845,0.498616035371198,0.63858878053018,"r.hpshh.varea",0.459062172899127,0.435774318873293,0.0607991584846641,0.388294967363842,0.424379293281814,0.492110249163359,0.59168280862141,-0.0161852209412456,0.012862236155566,0.198205683157558
"sum.LSS",76.6028708133971,68,43.3233614296601,13,46,96,321,"sum.LSS",85.1111111111111,103,41.6486627769861,20,40,117,131,-8.50824029771398,-35,0.19638920012077
"sd.bfSC",10.9993121955281,9.86247043827713,5.1445374687991,1.8441959340733,7.7906180703551,13.2001586408074,43.1207716892901,"sd.bfSC",11.9846124234142,10.1699795320653,6.82736929707519,5.22467923075351,6.08177792577725,16.3499651116202,24.1979267433438,-0.98530022788616,-0.30750909378817,0.191523578914891
"r.vedge.vnfaces",0.234837873173471,0.241190995222322,0.0705098424306104,0.0467217206255905,0.193404228607015,0.287429715021981,0.410812436659945,"r.vedge.vnfaces",0.247978370155089,0.254864126970306,0.063930954047727,0.115031245028254,0.232123234891734,0.284392855485596,0.346071596719026,-0.0131404969816179,-0.013673131747984,0.186364010025262
"sd.vnfacescc",2.1793586082058,2.1808001701306,0.123492346235767,1.84447796151777,2.09646345932365,2.25615991427704,2.53480547980209,"sd.vnfacescc",2.20236531874824,2.25610774852377,0.171714140772053,1.80369990112916,2.2134574627478,2.30477437818306,2.35561369173995,-0.0230067105424463,-0.0753075783931703,0.186300699952067
"r.hbe.varea",0.360917216213544,0.36180448941594,0.0718592355540044,0.192996847840671,0.310080255239206,0.408198438738747,0.564917864904625,"r.hbe.varea",0.374248819145337,0.347844268690874,0.0988160335172821,0.214765216905273,0.310710605295511,0.433777033788012,0.515162513447617,-0.0133316029317926,0.013960220725066,0.185523862437605
"median.vsphericitym",0.791352739748229,0.798996283228045,0.0311361125870526,0.669571182691962,0.777361095953316,0.813717909484504,0.833362677490922,"median.vsphericitym",0.785583634538977,0.804869321035542,0.0363569141772563,0.722211387991381,0.777874259353341,0.807354768108219,0.819702001916049,0.005769105209252,-0.00587303780749704,0.185286624755172
"r.hpshh.wcnSC",-0.398507364024396,-0.398337851997589,0.0815763752312765,-0.617853767427047,-0.453355773804742,-0.346086501322335,-0.135983655821237,"r.hpshh.wcnSC",-0.413265588834094,-0.392086078687936,0.0820706803666573,-0.601834708484305,-0.428522800980191,-0.368339084800055,-0.341901313394631,0.0147582248096981,-0.00625177330965299,0.180912975942572
"r.veccentricity.vsphericitym",-0.862048652481192,-0.867117604617605,0.0386269401080154,-0.930907054871221,-0.889853262357821,-0.834726144518405,-0.724776621384905,"r.veccentricity.vsphericitym",-0.868868962893668,-0.857892814941724,0.037769245639461,-0.927467029717039,-0.89218758589053,-0.846488883793259,-0.8063182164062,0.00682031041247577,-0.00922478967588103,0.176568746926462
"sum.veccentricity",2631.87539578823,2439.91318456395,901.07122989303,1049.31012492275,2002.20867363651,3107.01442781525,7412.01594220076,"sum.veccentricity",2787.14843907263,2919.30340269063,953.181648632541,1363.15583673727,2168.07055682735,3567.25291543201,4062.31321803796,-155.273043284397,-479.39021812668,0.172320498239446
"r.vsphericity.vvolume",-0.74277943564689,-0.746626612823796,0.0337915225909593,-0.797818519378046,-0.765219536707609,-0.729698090488696,-0.551931690929451,"r.vsphericity.vvolume",-0.748591942369284,-0.771423182088513,0.044346860312543,-0.786365645225911,-0.77533910222449,-0.732625066900063,-0.66965280003701,0.00581250672239442,0.024796569264717,0.172010796694598
"r.varea.wcnSC",-0.8986943985829,-0.903873775567173,0.0356378265009119,-0.966793213782318,-0.924718141494041,-0.877261412253981,-0.785459262520895,"r.varea.wcnSC",-0.892689456835989,-0.882628697599929,0.0357268730631978,-0.945526600125426,-0.920293751987741,-0.874480984266253,-0.83237823941345,-0.00600494174691113,-0.021245077967244,0.168499101558774
"mean.vsphericitycc",0.80072510799449,0.801747284850168,0.00920974297745498,0.756773921252989,0.795981684301167,0.807306934360465,0.818106954896647,"mean.vsphericitycc",0.799192094198875,0.801875259929894,0.00923687314696338,0.782179540050216,0.794625791490282,0.804088682654323,0.813350420996243,0.00153301379561499,-0.00012797507972595,0.166455654557107
"mean.veccentricity",7.84630398740889,7.64315416027477,1.42461514926699,5.16112005813471,6.85159529681751,8.68204358520105,12.7806517016801,"mean.veccentricity",8.08021438361221,7.52585003255698,1.57643221574757,6.41413193951964,6.97303295708841,8.88553506896456,11.1734084978465,-0.233910396203318,0.11730412771779,0.164191989902446
"mean.nhbas",0.118816434547481,0.0902004454343,0.104978540338259,0,0.0343347639485,0.166666666667,0.464864864865,"mean.nhbas",0.102109862555811,0.049504950495,0.116002458943254,0.0126582278481,0.0399061032864,0.104129263914,0.367346938776,0.0167065719916697,0.0406954949393,0.15914273467547
"mean.hbdif",0.568833074891184,0.564516129032258,0.0667481642589338,0.335,0.525547445255474,0.611961057023644,0.746913580246914,"mean.hbdif",0.579242918953741,0.576732673267327,0.0636326163542147,0.492239467849224,0.523809523809524,0.63016157989228,0.668032786885246,-0.0104098440625575,-0.012216544235069,0.155957009127247
"r.hbe.veccentricity",0.349512121013275,0.344647530858003,0.0718304627533088,0.156733479418301,0.302911055048985,0.39684270989547,0.590288186425872,"r.hbe.veccentricity",0.360676613319041,0.314033752948862,0.0965581328643475,0.217854233233854,0.307323835386935,0.418427185672686,0.518328341944292,-0.0111644923057667,0.030613777909141,0.155428377847286
"sd.veccentricity",10.8560167170519,10.8357612633485,0.73787540346846,8.95635959149956,10.3637054067571,11.3509175176085,13.0757810335335,"sd.veccentricity",10.9497348406999,10.6471378063543,0.612376677118216,10.2869775439152,10.462029364894,11.3832692895844,12.017622717129,-0.0937181236479478,0.1886234569942,0.127010770663199
"mean.vnfaces",13.8598958982545,13.8949044585987,0.313223150778733,12.785046728972,13.6619047619048,14.0918114143921,14.4625246548323,"mean.vnfaces",13.8206333714409,14.029702970297,0.423140072421595,12.9016393442623,13.6885245901639,14.0754039497307,14.2106430155211,0.0392625268136175,-0.1347985116983,0.125350015527279
"r.vsphericitym.wcnSC",0.863967399083549,0.871237470124496,0.0385934860426153,0.749388838897934,0.837140904588227,0.893811091570259,0.924774296073309,"r.vsphericitym.wcnSC",0.859134205088349,0.841910168823937,0.0351521116479291,0.824166159762965,0.833961235145562,0.883157409576196,0.923970907504767,0.00483319399519977,0.029327301300559,0.125233413479749
"r.hbe.vsphericitym",-0.387611782063696,-0.387081171716116,0.0700294776670167,-0.571521760047111,-0.432625964317592,-0.338078250823027,-0.226488135038571,"r.hbe.vsphericitym",-0.37949328061016,-0.33292574061895,0.0982353321221625,-0.560060576694493,-0.399455817249281,-0.319732817550316,-0.262666749825906,-0.00811850145353543,-0.054155431097166,0.115929773061255
"contact_orderSC",0.164258564593301,0.16371,0.0426667004214385,0.06824,0.12995,0.19464,0.2791,"contact_orderSC",0.159385555555556,0.1535,0.0336990345229322,0.11498,0.14361,0.182,0.21593,0.00487300903774587,0.01021,0.114211058966663
"r.hpshh.rsa",0.469785851672683,0.480751267707121,0.0788346111743051,0.188443641918749,0.420736986688337,0.526075612380065,0.651166459731728,"r.hpshh.rsa",0.461122023068993,0.464749094177181,0.0468192348918167,0.38628003482341,0.432115602582438,0.466265523996893,0.546072275414453,0.00866382860369069,0.01600217352994,0.109898792860597
"r.hpshh.vsphericitym",-0.492282616229645,-0.500785881723521,0.0740358461022349,-0.656125194094681,-0.544435398806648,-0.449700896037615,-0.226448724969302,"r.hpshh.vsphericitym",-0.48445383697826,-0.460561592940206,0.0608546209858301,-0.592256006622807,-0.528363898383431,-0.441753580050732,-0.409546043150367,-0.00782877925138487,-0.040224288783315,0.105743091536689
"r.vsphericity.vsphericitym",0.884144058704063,0.896081984577726,0.0671056903623928,0.609517680531093,0.848672821300704,0.934172053311863,0.980126694706651,"r.vsphericity.vsphericitym",0.877397241512582,0.92851147385761,0.0832192694591129,0.70862564065283,0.87140705164248,0.929529081940452,0.947014300298916,0.00674681719148107,-0.032429489279884,0.100540165149126
"mean.vsphericity",0.770922061921748,0.771116383258086,0.0121526763596802,0.733258939886078,0.763934814987539,0.779695041935482,0.795227608509709,"mean.vsphericity",0.769763242827223,0.774406589704143,0.0112464557057761,0.752080642181898,0.761207741391592,0.777304625523774,0.78738386766417,0.00115881909452575,-0.00329020644605704,0.0953550526837406
"r.veccentricity.vsphericity",-0.771820982871806,-0.776088089632604,0.0281565295434464,-0.819994703203294,-0.790331616376963,-0.759755282613477,-0.608818589025756,"r.veccentricity.vsphericity",-0.774496077624428,-0.787172662675697,0.0317456437281247,-0.803836934643994,-0.796322544718649,-0.762621870998018,-0.717670703972074,0.00267509475262251,0.011084573043093,0.095007971365745
"sum.SSS",35.488038277512,30,22.091398876174,1,19,45,130,"sum.SSS",33.4444444444444,38,18.5883774918033,10,18,48,60,2.04359383306752,-8,0.0925063118239913
"mean.vsphericitym",0.435951195697929,0.43873362124836,0.0961691044712929,0.151435171423097,0.376707800344193,0.506798407425166,0.63278387270616,"mean.vsphericitym",0.427064771793632,0.483062693475699,0.104917165595147,0.217971994501655,0.386292229730227,0.494044871497193,0.529747334739081,0.00888642390429739,-0.044329072227339,0.0924041453141539
"sd.vnfaces",2.37726113132543,2.38188632543957,0.146187179680254,2.03877790232276,2.27850549737921,2.48691770107875,2.77881127939683,"sd.vnfaces",2.39057753087179,2.46621118025449,0.210846152043523,1.99341824477567,2.25743204998471,2.53240477104421,2.60013064485992,-0.0133163995463592,-0.0843248548149198,0.0910914320632312
"sd.vvolume",0.783456477323684,0.781822315189034,0.055189617762377,0.661813183464163,0.742921814085249,0.823083683411098,0.922122408245695,"sd.vvolume",0.788468615325776,0.761357986689969,0.0604636441820779,0.722751062094073,0.751436858159026,0.824333022844654,0.894398189030379,-0.0050121380020921,0.020464328499065,0.09081668265347
"mean.nhbpa.dif",-0.048353737896743,-0.0327868852459,0.147871324897291,-0.429752066116,-0.1380952380949,0.0428015564198,0.4985074626864,"mean.nhbpa.dif",-0.06175972328211,-0.03960396039599,0.137491530748369,-0.367346938776,-0.0861759425495,-0.0084388185654,0.0868544600936,0.013405985385367,0.00681707515009,0.0906598043581377
"r.hbe.vsphericity",-0.327305180753287,-0.327845066419087,0.0693247431628795,-0.544082087946232,-0.377578421474517,-0.288323821080181,-0.0741832666517432,"r.hbe.vsphericity",-0.321065870182254,-0.282256992321276,0.0851910431267476,-0.476439233304404,-0.352440418831086,-0.255408326404261,-0.235587464684703,-0.00623931057103283,-0.045588074097811,0.0900012071645687
"r.vvolume.wcnSC",-0.885517502664918,-0.891029924394136,0.0381539152755583,-0.960109879934566,-0.914259656179161,-0.863429963101516,-0.763434084226283,"r.vvolume.wcnSC",-0.882250888439845,-0.871188689605336,0.0408276380514459,-0.941957383468923,-0.911221805054748,-0.864235829635479,-0.808766170744985,-0.00326661422507257,-0.0198412347888,0.0856167499843769
"sum.hbdif",204.813397129187,177,102.346407496044,37,134,260,700,"sum.hbdif",213.111111111111,222,94.344375089939,76,163,273,351,-8.29771398192452,-45,0.0810747947576492
"sd.vsphericitym",0.63521070519285,0.638333413531414,0.0525669573652719,0.480955234793568,0.597164516077856,0.670052657863607,0.739059360655324,"sd.vsphericitym",0.639471945437332,0.616694112782519,0.0507432094734013,0.585798388689218,0.605853341529664,0.668484776438649,0.735670999103846,-0.00426124024448216,0.0216393007488951,0.0810630947283497
"r.veccentricity.wcnSC",-0.835863199836864,-0.84137217236657,0.0373485721526607,-0.909342024416958,-0.864603723808893,-0.812987458643472,-0.715080460144359,"r.veccentricity.wcnSC",-0.832883115780445,-0.824341021172628,0.0359981595354811,-0.896092905877642,-0.860522326720609,-0.81824540298687,-0.781925318368228,-0.00298008405641936,-0.0170311511939421,0.0797911107347932
"sd.varea",0.558379536503785,0.558462943234866,0.0354807978242632,0.478883701558444,0.532230510752061,0.584321881207656,0.642174463145316,"sd.varea",0.561099611996575,0.549010660326577,0.0380071406338837,0.517755140503073,0.536119937437052,0.590663423887095,0.624560632055283,-0.00272007549278985,0.00945228290828903,0.0766633125405585
"mean.hpshh",1.06279199504247,1.06565079365079,0.0879173035641605,0.786423357664234,1.00476683937824,1.11921052631579,1.36785498489426,"mean.hpshh",1.05615191423465,1.06673267326733,0.0745278952426837,0.940327868852459,1.00428571428571,1.10069620253165,1.17507760532151,0.00664008080782086,-0.00108187961653994,0.0755264383532309
"r.vedge.wcnSC",-0.826269338091538,-0.832861236519844,0.0455162094787996,-0.92271777935533,-0.861627065302911,-0.798754548412863,-0.706204399369498,"r.vedge.wcnSC",-0.829579299275919,-0.813959658993194,0.0517230882345364,-0.905140953086159,-0.858318360738345,-0.807980178388758,-0.739541221600816,0.00330996118438087,-0.01890157752665,0.072720492815259
"sum.BSS",5.35406698564593,4,4.92433080335551,0,2,7,24,"sum.BSS",5,4,4.92442890089805,0,1,8,14,0.354066985645933,0,0.0719015435365688
"median.vsphericity",0.798519747345931,0.801424025752376,0.0197175752595511,0.741126187463389,0.785959549800508,0.814802223372618,0.833362677490922,"median.vsphericity",0.797119855939077,0.805765263331772,0.0197265258006971,0.765055979836357,0.789495794778832,0.807791134066593,0.820632919396377,0.00139989140685393,-0.00434123757939597,0.0709971377528189
"sum.vvolume",993.34793889944,879.605816488897,466.401314610849,294.205381541271,657.647383803619,1241.36142453308,3425.68661961316,"sum.vvolume",1026.30141475642,1166.79534564114,419.667477426425,372.869132988032,695.962730994057,1309.28900456143,1494.99089336484,-32.9534758569844,-287.189529152243,0.0706547662381263
"sum.wcnSC",403.379154255395,321.358073691853,281.510442577203,55.198903873281,207.944905887775,514.357128377195,1819.04278378287,"sum.wcnSC",384.484247044164,451.98463222557,201.592287999962,80.936233673821,220.125783759235,496.807779926342,675.22303798588,18.8949072112318,-130.626558533717,0.0671197382173485
"sum.varea",951.707591462685,837.136264502001,454.201179917339,274.394477511757,625.867647484007,1190.16956210461,3300.15957590346,"sum.varea",979.916449003081,1118.01151559209,405.508464495462,347.091890804438,660.586130895843,1252.03063759333,1437.46197385378,-28.2088575403955,-280.875251090089,0.0621065263316341
"mean.vnfacescc",13.6249609396009,13.639405204461,0.31133871051266,12.2786885245902,13.4645161290323,13.8553299492386,14.2098061573546,"mean.vnfacescc",13.6064372992024,13.8128342245989,0.374129382328778,12.8266666666667,13.4114285714286,13.8264984227129,14.0226628895184,0.0185236403985787,-0.173429020137901,0.0594967467041829
"sum.hpshh",384.866220095694,332.33,198.52055311287,114.54,241.13,487.14,1434.32,"sum.hpshh",396.113333333333,475.6,176.087475846524,114.72,251.9,529.96,549.07,-11.2471132376396,-143.27,0.0566546539453018
"sum.nhbpa.dif",-18.7272727272727,-13,56.0494911176315,-243,-39,14,167,"sum.nhbpa.dif",-15.5555555555556,-5,39.5446302015555,-81,-48,-4,37,-3.17171717171717,-8,0.0565877960436904
"r.hpshh.vsphericity",-0.448334489171316,-0.455414343491732,0.0683836767797287,-0.585064274558839,-0.492812452587912,-0.404924025852529,-0.238651808062876,"r.hpshh.vsphericity",-0.444476794579914,-0.426530168099815,0.045798723051669,-0.532811479851546,-0.449753313002697,-0.423338222919837,-0.398227928995308,-0.00385769459140267,-0.028884175391917,0.0564125062159019
"sum.vedge",785.150123057128,688.076059793096,383.341131368878,217.30379996314,510.702065460738,983.908597239085,2752.81879353854,"sum.vedge",805.332922188222,922.713678098173,338.64093881211,276.272894174747,538.272616520602,1031.02877256804,1194.21906747945,-20.1827991310939,-234.637618305077,0.0526497093046679
"r.hbe.rsa",0.453348113701321,0.454044638927267,0.0680005247022106,0.27276481479175,0.403516609490127,0.496093758632645,0.65354819796272,"r.hbe.rsa",0.450089814143746,0.415216604672554,0.104063896241612,0.260159448598407,0.401052175844827,0.536618040866476,0.59080494644158,0.00325829955757506,0.038828034254713,0.0479158002360111
"sum.GSS",15.7272727272727,13,10.5996767334267,0,9,21,60,"sum.GSS",16.2222222222222,18,10.2075679985217,3,6,22,32,-0.494949494949495,-5,0.0466947726234559
"natoms",2844.61722488038,2453,1444.61162830186,757,1820,3523,10624,"natoms",2907.77777777778,3364,1258.37045199116,943,1910,3733,4337,-63.1605528973951,-911,0.0437214761808613
"sum.hbe",-284.944377990431,-255.1,142.389541771372,-977.15,-368.25,-181.4,-60.05,"sum.hbe",-279.283333333333,-313.175,120.809416670432,-433.85,-343.725,-190.425,-99.125,-5.66104465709725,58.075,0.0397574469772992
"nres",362.464114832536,315,182.16610632223,95,233,455,1287,"nres",369.666666666667,426,158.575691705885,122,244,474,557,-7.20255183413082,-111,0.0395383750552935
"sum.vnfaces",5071.8995215311,4381,2653.68606927772,1222,3171,6403,18606,"sum.vnfaces",5161.44444444444,5991,2281.12998923292,1574,3340,6692,7840,-89.5449229133437,-1610,0.0337436006278302
"sum.vsphericity",281.134540271448,241.995970212898,145.012529813439,69.6595992891775,178.426806518582,354.761244080644,1016.76294593165,"sum.vsphericity",285.796669291579,330.126434182263,124.554900425332,92.6012853943404,186.401036921288,367.068723519764,438.572814288943,-4.66212902013052,-88.130463969365,0.0321498357840418
"sd.hbe",0.461266491354092,0.458825644351168,0.0364767936284412,0.370685988851898,0.438212107028399,0.478611761054007,0.584836291873214,"sd.hbe",0.460126817523328,0.450978099765742,0.0469688376742481,0.390951828969219,0.436069339476738,0.481865019184434,0.55829628293555,0.00113967383076352,0.00784754458542603,0.0312438050990016
"sd.vedge",0.294399961892043,0.294302513471872,0.0158123345105856,0.257210154975892,0.283080172953424,0.305746225356612,0.331508657309219,"sd.vedge",0.294867841680929,0.292214917665814,0.0152987347352321,0.276064921114122,0.283211197511699,0.309762948791722,0.318066099999928,-0.00046787978888535,0.002087595806058,0.0295895453370359
"r.rsa.veccentricity",0.872602680223375,0.873931433649516,0.0193507250590473,0.799745646893884,0.859092742132209,0.887214878723017,0.909856193361577,"r.rsa.veccentricity",0.873124750492892,0.86950601172231,0.0110873529176691,0.860012950269572,0.864002926636123,0.882120260381323,0.891986308089527,-0.000522070269516561,0.00442542192720596,0.0269793647485302
"r.varea.vsphericity",-0.785798397448629,-0.792499840910492,0.0354820280736042,-0.833597453834168,-0.810121391951983,-0.773968646179539,-0.585456326987682,"r.varea.vsphericity",-0.786630161872454,-0.812107446339509,0.0486460742331427,-0.82543050006888,-0.817457426200595,-0.789359778754861,-0.693986868062692,0.000831764423824821,0.0196076054290171,0.0234418512408423
"median.vnfacescc",13.6555023923445,14,0.493691804013413,12,13,14,14,"median.vnfacescc",13.6666666666667,14,0.5,13,13,14,14,-0.0111642743221676,0,0.0226138538890232
"sum.vsphericitym",173.194389315009,138.291619684405,120.947326064592,14.8406467994635,86.358933438787,230.97776602375,814.392844172828,"sum.vsphericitym",171.126572218497,210.658983423626,92.57035102924,26.5925833292019,94.2553040541754,219.883260162051,295.069265449668,2.06781709651213,-72.367363739221,0.0170968401187127
"mean.GSS",0.0437420698262126,0.0420560747663551,0.023360493567491,0,0.0275,0.0590631364562118,0.133802816901408,"mean.GSS",0.0440628653784085,0.0491803278688525,0.0204789367578894,0.0119521912350598,0.0297029702970297,0.0516431924882629,0.0737704918032787,-0.000320795552195843,-0.0071242531024974,0.0137323961614522
"sum.vsphericitycc",227.164464793229,190.328401391908,132.882708738864,43.9295971547852,132.133269395665,292.891743966694,915.577895052241,"sum.vsphericitycc",228.461620755038,275.004847172157,108.28274730464,59.5969343617711,140.328170487731,296.392634801103,366.821039869305,-1.29715596180915,-84.676445780249,0.00976166104770094
"sum.vnfacescc",3893.78947368421,3266,2334.60225233752,723,2221,5042,16147,"sum.vnfacescc",3915,4768,1879.2142639944,962,2347,5054,6269,-21.2105263157896,-1502,0.00908528478225896
"sum.nhbon",247.588516746411,221,123.384144747991,49,160,319,848,"sum.nhbon",247.777777777778,284,106.74710508695,87,169,316,377,-0.1892610313663,-63,0.00153391695304823
"median.vnfaces",13.7775119617225,14,0.415471848417415,13,14,14,14,"median.vnfaces",13.7777777777778,14,0.440958551844098,13,14,14,14,-0.000265816055289747,0,0.000639793180458013
"mean.nssb",0,0,0,0,0,0,0,"mean.nssb",0,0,0,0,0,0,0,0,0,NA
"sum.nssb",0,0,0,0,0,0,0,"sum.nssb",0,0,0,0,0,0,0,0,0,NA
