"pdb","r.seqent_wcnSC","r.seqent_wcnAA","r.seqent_wcnN","r.seqent_wcnCA","r.seqent_wcnC","r.seqent_wcnO","r.seqent_wcnCB","r.ddgent_wcnSC","r.ddgent_wcnAA","r.ddgent_wcnN","r.ddgent_wcnCA","r.ddgent_wcnC","r.ddgent_wcnO","r.ddgent_wcnCB","r.rsa_wcnSC","r.rsa_wcnAA","r.rsa_wcnN","r.rsa_wcnCA","r.rsa_wcnC","r.rsa_wcnO","r.rsa_wcnCB"
"132L",-0.600486235158123,-0.539160811667448,-0.4177121771347,-0.529146570799783,-0.462842351252337,-0.463009150361698,-0.578808645247225,-0.725797010228167,-0.640648308418568,-0.466284815106216,-0.561277734067663,-0.498284815106216,-0.506341463414634,-0.671364280094414,-0.943065482473695,-0.903891770402267,-0.68930054945775,-0.816382930031184,-0.757028916233658,-0.762437614886612,-0.890347985998886
"13PK",-0.583052177723805,-0.569381975758944,-0.482794678125173,-0.542094827010984,-0.50494614578005,-0.467856935635375,-0.577719855652003,-0.699037622060147,-0.678879565083075,-0.525595022229386,-0.647362527031202,-0.590070314703631,-0.581724557091241,-0.694648493640112,-0.84173079398531,-0.828529206405109,-0.667763562808361,-0.787218291091104,-0.749011442775999,-0.749906286892761,-0.82883212864737
"1A26",-0.563024475524476,-0.539326784326784,-0.417177822177822,-0.492121767121767,-0.453709901209901,-0.447450327450327,-0.547615162615163,-0.714247141747142,-0.667521922521923,-0.524377566877567,-0.61038073038073,-0.546242923742924,-0.535487845487846,-0.679819902319902,-0.855967097621143,-0.820205309042946,-0.670438877593953,-0.75015251131427,-0.703440228893231,-0.696835819505323,-0.817929483098743
"1A2T",-0.544045546817854,-0.489935011497955,-0.273919310514226,-0.393571973646715,-0.342197140107899,-0.306353711029048,-0.496448824672237,-0.763787578398733,-0.705482612002644,-0.54380478559583,-0.666180376313919,-0.54762528211075,-0.51153505654684,-0.734256038105213,-0.911990749455945,-0.891711978533305,-0.72601842564208,-0.850605485094205,-0.760135767198036,-0.736238906225214,-0.900714784671965
"1A4L",-0.603277942170343,-0.569402546793889,-0.409680905414884,-0.494405200233073,-0.452647846023688,-0.433955208745956,-0.565809380415768,-0.731284028101471,-0.706321805860899,-0.528656569628532,-0.642436034074158,-0.588739366062574,-0.613822317679422,-0.717707383313207,-0.880255990692548,-0.862301601875128,-0.700886311176746,-0.80901224863349,-0.76852816376453,-0.774859752362197,-0.861371055214224
"1A65",-0.529780995550581,-0.50205499828866,-0.479211055765008,-0.481301450100089,-0.450670609413226,-0.435346518734795,-0.518324296082081,-0.730000571769759,-0.690429699033522,-0.604033695048005,-0.63683472010933,-0.587062631284429,-0.573167313891287,-0.706391167375755,-0.856309386357596,-0.834325445672475,-0.752748715569493,-0.797855664143985,-0.761489673269465,-0.758846580864583,-0.845084497576862
"1A8H",-0.311421423079739,-0.279176373146719,-0.182828514222573,-0.250875957829605,-0.202006925983442,-0.185090567545168,-0.290193111011802,-0.678964443857775,-0.640869763479054,-0.482366121464486,-0.57997911991648,-0.513773607094428,-0.52135667742671,-0.645217812871251,-0.810698245581599,-0.778176469453002,-0.626938780332953,-0.713441617083711,-0.662197291372382,-0.663751855323999,-0.77645858368131
"1A8S",-0.442272853489959,-0.421564178978938,-0.328645290163895,-0.420616601844814,-0.361893952145487,-0.358071202437266,-0.445012952821781,-0.719879304894333,-0.697867074960248,-0.547876393679313,-0.667199052557576,-0.591095786995315,-0.593950971741869,-0.717928861606406,-0.899400119607694,-0.884294663908358,-0.756658465699986,-0.848911666686927,-0.799067915607712,-0.79045230093819,-0.889292801318532
"1AF7",-0.661516753549755,-0.628637016466124,-0.550877574380863,-0.610693943386987,-0.553951362954511,-0.505431414889765,-0.657226925446449,-0.713145248911672,-0.67294603207012,-0.529489488613576,-0.629393088663162,-0.563319600107921,-0.553898947767561,-0.687940089107972,-0.857813143798241,-0.826838625718471,-0.685943247164858,-0.763365519871471,-0.722685976089735,-0.722188761865457,-0.823822036952375
"1AGM",-0.369133954083659,-0.32524060009644,-0.173411972332692,-0.276842548186861,-0.214046199218105,-0.232081865898483,-0.335207593885606,-0.692902609867049,-0.650545445193832,-0.540714486537749,-0.613271685827729,-0.553078623686015,-0.54721400066055,-0.67047071574927,-0.86764229475439,-0.854447159264794,-0.739269076550988,-0.81024015456396,-0.780881701961601,-0.788032763540375,-0.853657049422697
"1AGY",-0.531507760985246,-0.490688231149079,-0.329254414948208,-0.454679585683745,-0.384084370198418,-0.389513684729807,-0.50171480951942,-0.756960467620366,-0.728040270099733,-0.552178785681324,-0.676142445903142,-0.595922448351745,-0.584145610251484,-0.744075479753507,-0.929502042960963,-0.920777602512889,-0.76328450793828,-0.871542440482889,-0.815328514210099,-0.805708774362836,-0.915307291659223
"1AH7",-0.484782809148183,-0.462434995336709,-0.401001559377655,-0.447040324311505,-0.373183276227002,-0.383712134503171,-0.485666538010703,-0.735557205689153,-0.695232927237268,-0.557634905221585,-0.654702200752352,-0.572313115570099,-0.575159324025492,-0.722477539596406,-0.896213883577508,-0.867944488153406,-0.743596377158318,-0.817314860076629,-0.77058771771549,-0.771969686134341,-0.870191311882337
"1AJ0",-0.572624529256268,-0.53915487647338,-0.403537947043279,-0.482952730800002,-0.421380934622581,-0.416875224298324,-0.537407190793701,-0.695938094719553,-0.679508216678114,-0.501683575553279,-0.607938931624492,-0.577096523125519,-0.607290918912527,-0.672373655580976,-0.890381059539624,-0.867518666244525,-0.721304384188339,-0.81525342691966,-0.777958223912965,-0.793656435277631,-0.8655866858159
"1AK0",-0.640824736485725,-0.597739272697813,-0.474415549963736,-0.540222094356276,-0.507382247875857,-0.511236705260705,-0.595110611024441,-0.719305545591506,-0.650921873879044,-0.502442460330401,-0.596664688349888,-0.514380841197686,-0.511176620208832,-0.685010011152489,-0.902464163271443,-0.863463267062779,-0.707603088292527,-0.80552297039356,-0.761584201589054,-0.768704851684592,-0.866079856073939
"1AKO",-0.477694787115993,-0.464577293000947,-0.37359385246582,-0.427580671692444,-0.388643489360647,-0.357167676863113,-0.446807316304025,-0.813421925916136,-0.798246560107029,-0.659774931781924,-0.733694212202011,-0.66175367679376,-0.630413572669629,-0.786606626863178,-0.913027739251688,-0.897386746246407,-0.760720313535089,-0.832832744141075,-0.783726385704637,-0.767882672635842,-0.879885663906413
"1AMY",-0.484250184749864,-0.464697327349761,-0.378572475379226,-0.421822237917746,-0.401756829174733,-0.375651363594126,-0.460355446344052,-0.692041292200032,-0.659251344192973,-0.520078647618845,-0.620941798635254,-0.549723130899809,-0.536798417073662,-0.68475003309375,-0.854137416264344,-0.828313318709499,-0.689605837661192,-0.789657523640516,-0.737438380262529,-0.723472587305319,-0.841177780816432
"1AQ2",-0.6452603451619,-0.623417427633708,-0.540414616965333,-0.584133525252314,-0.55478353625609,-0.54467006558204,-0.619707549352477,-0.663857799395125,-0.636810415939764,-0.53619098148671,-0.60259563151048,-0.544990611256366,-0.525631378479554,-0.64316895266304,-0.833091839953432,-0.809848556970704,-0.720504227007664,-0.78038832273211,-0.736087644582084,-0.730178123897114,-0.818762661727512
"1AQL",-0.506741800938438,-0.498013761878679,-0.418559133602271,-0.466591402614494,-0.438455646742875,-0.440895444168882,-0.489906062982753,-0.735758769200165,-0.689735516327627,-0.563938386048436,-0.635926716973692,-0.59271361856162,-0.582451693197761,-0.702204361350159,-0.83215073203616,-0.806465272407911,-0.704660041935351,-0.761931619815777,-0.732421534180168,-0.730571292785668,-0.808261213630619
"1AST",-0.607537050372096,-0.54512595493743,-0.438335019512212,-0.523702963340308,-0.424955587955967,-0.38929135479822,-0.581841011259786,-0.733405835145879,-0.663453086327158,-0.455117377934448,-0.580103502587565,-0.466780169504238,-0.438531463286582,-0.682428560714018,-0.90250292710841,-0.868618014857248,-0.699637954211973,-0.808023271156009,-0.729434512030119,-0.699104853817586,-0.870619769295893
"1B04",-0.471126018729725,-0.455402081901839,-0.325025849725765,-0.410410591224151,-0.367055297653835,-0.370891765732791,-0.435841676994997,-0.714832788364418,-0.661367360071217,-0.52695274933209,-0.611600536946274,-0.567400553662906,-0.557833806467725,-0.698045261791519,-0.833289953266196,-0.795898896243766,-0.641025060300252,-0.730917539119404,-0.69707286825169,-0.683299071051187,-0.806391203500484
"1B2R",-0.487793192147036,-0.47471338849349,-0.363510517030518,-0.438994006887901,-0.414551994410519,-0.396218907454836,-0.479411824860569,-0.706205184776613,-0.684347509044846,-0.542011087531669,-0.624930586068601,-0.574567857376574,-0.544449222657455,-0.688945656136939,-0.870995962735352,-0.864708997701372,-0.728071526950411,-0.805254249205298,-0.776705286226325,-0.774337939026669,-0.858238201912707
"1BBS",-0.624586586277193,-0.589045350423243,-0.496054108496658,-0.546026634450174,-0.486456632963066,-0.478343799500345,-0.616503865915653,-0.660131322366565,-0.610491163387281,-0.484017856876979,-0.545428915473707,-0.475337596032361,-0.46277385160767,-0.63518053599092,-0.849982796275793,-0.825035173752003,-0.697958412959458,-0.765504201525189,-0.721937793747379,-0.720500828968717,-0.826649793007851
"1BF2",-0.442234648089332,-0.422467337232867,-0.369495306132657,-0.407316547092562,-0.370343274226402,-0.351772068645488,-0.424500938171305,-0.631422861196198,-0.596819706346144,-0.502659467839054,-0.558823919686968,-0.518465135049129,-0.505231959523484,-0.610985605307743,-0.82555481097417,-0.808524150546358,-0.72248252560318,-0.781300411254614,-0.747457610752388,-0.745407593296631,-0.813526392546441
"1BG0",-0.614881047851604,-0.618805470206192,-0.491375712843654,-0.59062995290962,-0.541948231674291,-0.547054635251772,-0.611712518979343,-0.714332791195288,-0.668889476980854,-0.50948413548043,-0.606708858571123,-0.528230054484209,-0.516051763322832,-0.683470286357936,-0.857353671491133,-0.828202516761416,-0.698966917213634,-0.774763065525155,-0.72886018471312,-0.725426230168617,-0.832644262313546
"1BH2",-0.625431146825136,-0.565654529932709,-0.408928491806609,-0.507290639326445,-0.456945059838594,-0.452726846129417,-0.570627579863817,-0.662272568464619,-0.619923751166192,-0.434132679113732,-0.544171724966694,-0.478329743572024,-0.503157454225744,-0.625736093034327,-0.831286269755309,-0.811041644861583,-0.624122587735828,-0.732890605789905,-0.697161472086967,-0.717446280527896,-0.799545112780094
"1BOL",-0.510174466961367,-0.458680215547364,-0.331536678220047,-0.382939341886311,-0.337007812180748,-0.322314834039093,-0.447127545450915,-0.716389237887523,-0.62782846560214,-0.432338655234989,-0.536376503931239,-0.434508144083454,-0.411587022771407,-0.648813718452336,-0.899489183333071,-0.879379753503823,-0.692673318527829,-0.794763886028537,-0.743325203429923,-0.733486940182856,-0.863030931353757
"1BP2",-0.658715443281723,-0.624382990157031,-0.356567279253493,-0.537950354056645,-0.449982513852232,-0.43185678472487,-0.624982880836336,-0.82258064516129,-0.723749209993422,-0.414318143710258,-0.615805290786911,-0.487495324450865,-0.483361494112033,-0.768847299789762,-0.917400675039476,-0.866098196808165,-0.597530190914157,-0.76341261156854,-0.648748815217385,-0.620986714719798,-0.886806891893552
"1BQC",-0.5429227186961,-0.521612812085913,-0.431216494963164,-0.499419349485265,-0.465794990177644,-0.474852746115365,-0.510563569741684,-0.723078122865861,-0.702845257573655,-0.54153564572096,-0.63457197186133,-0.573109197566915,-0.564904082320401,-0.698915881775412,-0.901901725232889,-0.89131838384909,-0.749195744831145,-0.841140486377638,-0.791556349087186,-0.774381237258898,-0.884255427467403
"1BS0",-0.500763350929293,-0.481626974223972,-0.387211243966486,-0.453742231392373,-0.404539120182054,-0.39138073848131,-0.4854499987932,-0.664388336773612,-0.635988741063251,-0.499962621150192,-0.59868464895493,-0.545977266824327,-0.5571535429169,-0.653024739245144,-0.840713386255226,-0.814028688389863,-0.682208061298606,-0.772550495439971,-0.731354871021158,-0.740861948630448,-0.819874465304893
"1BS4",-0.569996880478888,-0.567434311485216,-0.493609788040532,-0.515039651077537,-0.501131637048145,-0.455395351313254,-0.559673171202997,-0.760367683905224,-0.711046208512814,-0.538722217441702,-0.62084368878473,-0.522276663916461,-0.510814381380941,-0.727228552194006,-0.902890586778065,-0.879951710387566,-0.712406987964658,-0.79512193713095,-0.722950715734741,-0.717119119964716,-0.87443037324157
"1BS9",-0.445702542076945,-0.412091086337415,-0.286137760568727,-0.401225506453981,-0.357802422609026,-0.368195821272274,-0.439621010315516,-0.716031593986427,-0.652183383662911,-0.484079888733751,-0.593671190916864,-0.50228918401143,-0.517812882207142,-0.688963210702341,-0.91999200690334,-0.894095413402113,-0.733784491340374,-0.835302744028869,-0.787927107540694,-0.799103503563315,-0.897282665591485
"1BT1",-0.537044181273268,-0.49083731973818,-0.383360594788718,-0.437022084230651,-0.389168304964101,-0.375478419952547,-0.49500633728026,-0.787283379625822,-0.737082497643196,-0.607849265752627,-0.68117024036241,-0.610654337469077,-0.588066344833695,-0.758386743687244,-0.907719507749244,-0.881899723846957,-0.758338859756926,-0.832232301315294,-0.776944677073118,-0.766156553992906,-0.890105947828726
"1BU7",-0.357565514696366,-0.32699593905534,-0.248674813695702,-0.290347558127297,-0.256874031724637,-0.267338446002425,-0.337914832137345,-0.718551886323739,-0.679746766101971,-0.558119459951132,-0.62137914253611,-0.556932656955843,-0.554589752931974,-0.688244076813518,-0.817404121666834,-0.79241850522862,-0.674272787073817,-0.742554145503552,-0.701818002733704,-0.701287462984717,-0.799809650873487
"1BVV",-0.455329940100605,-0.414966495679899,-0.276723617539169,-0.347209205137311,-0.31900606214657,-0.316647350312158,-0.420792675012148,-0.754639702816421,-0.700687995148023,-0.498866608544028,-0.60354421742921,-0.51936241992343,-0.478330995792426,-0.727984155263258,-0.925851240942272,-0.923332802248945,-0.74184270575711,-0.843943061447261,-0.803251744642662,-0.772495430894684,-0.904084327798135
"1BVZ",-0.502064432811685,-0.470352493757753,-0.424040663494859,-0.445217860418925,-0.410636520722625,-0.381119474458112,-0.485048349338223,-0.645755186886142,-0.602681404652044,-0.481704410726338,-0.557544676091593,-0.505513977349968,-0.49815535423792,-0.630649351272101,-0.794512405439583,-0.755474006479976,-0.630522397951109,-0.710274560425262,-0.663673858347166,-0.655928115674698,-0.777530946578302
"1BWL",-0.476747483275638,-0.486727488504852,-0.391235360973143,-0.451515703378202,-0.421576726723433,-0.429519188483281,-0.463378625093363,-0.732018929232629,-0.70191956020705,-0.532555068575963,-0.630282805002456,-0.56872936109117,-0.566394188990063,-0.701724600445838,-0.864037494682332,-0.842360262421561,-0.695112063908765,-0.788820779739647,-0.742770820976469,-0.737443427343822,-0.838935130831225
"1BWZ",-0.616931990455074,-0.599003147511736,-0.540736085665662,-0.544509350380672,-0.506603971038232,-0.486621015537388,-0.600860018579346,-0.709520260761137,-0.671778732216688,-0.550587222995982,-0.599857660587588,-0.55416554248671,-0.541357912160832,-0.671156872324756,-0.846772912327137,-0.816396907371694,-0.689265885354002,-0.75845766887852,-0.724248507647388,-0.719408100758175,-0.817440933869687
"1BYA",-0.52968335847025,-0.486610807710077,-0.335506748840869,-0.422633332893552,-0.379675845158136,-0.360362288353898,-0.484333624279557,-0.678746759744084,-0.652728201707388,-0.515493416083834,-0.581985748449695,-0.545663151257224,-0.535107393511277,-0.641987634058144,-0.83113095185207,-0.810660323644481,-0.681504747929062,-0.750327237474233,-0.720948414677993,-0.716067152375676,-0.802291908909102
"1BZC",-0.651080355666815,-0.633902356686219,-0.53050341326026,-0.597816030840828,-0.567123838989959,-0.557384990241869,-0.631753818515252,-0.821590199106978,-0.799995236236847,-0.683747505895157,-0.753398303733874,-0.71678053892819,-0.71148772323269,-0.807199511897499,-0.89623073956153,-0.871087781240655,-0.730540143678963,-0.815706717503934,-0.771263834138732,-0.769566601660245,-0.870212487634541
"1C82",-0.436695677608564,-0.427504445589472,-0.364635319611087,-0.411936068742954,-0.384759408701087,-0.393758127648144,-0.439235055135641,-0.687170519510875,-0.646913785911775,-0.568386305905628,-0.617995242541289,-0.561293669764697,-0.550371208335109,-0.668874610486297,-0.799339683051966,-0.771314062211473,-0.694967884106073,-0.739443090107512,-0.696183560153981,-0.69165668764414,-0.781495086073961
"1CA2",-0.683406935043056,-0.634007979626457,-0.509271379202197,-0.547156572034764,-0.472749498259122,-0.430309441778974,-0.616916511840817,-0.789919031815061,-0.758391508354314,-0.612594415197986,-0.69973606660563,-0.62261172465095,-0.57481188487068,-0.774063000686656,-0.898211743316533,-0.886607653581594,-0.766333369240409,-0.829776108865225,-0.771996165031059,-0.733513598408921,-0.886874323628321
"1CB8",-0.535335303734208,-0.526091213589593,-0.471282049020948,-0.500297480561765,-0.485816690010675,-0.48104101049917,-0.527519543564623,-0.670395143270483,-0.626202745529733,-0.54849981555049,-0.585615348550785,-0.535880039721557,-0.531834633298207,-0.652002200656572,-0.803864553207714,-0.771195588645174,-0.694855071055526,-0.731157017545112,-0.692206704456212,-0.687676777620878,-0.782070339987022
"1CBX",-0.543357643975442,-0.525142307341339,-0.395906733512956,-0.486600612591633,-0.446507586633369,-0.450077659897175,-0.526735734557829,-0.690659088628048,-0.660961986215866,-0.499851524856315,-0.600553339488001,-0.538772749253684,-0.526752068905738,-0.662776037273067,-0.913427598993789,-0.891606646106176,-0.741224958755004,-0.831622307556825,-0.799644421591423,-0.789708666483687,-0.876802273294855
"1CDG",-0.308792832006426,-0.274319283958616,-0.225970502076063,-0.247912964001215,-0.206621491950482,-0.191756170965802,-0.285808781523584,-0.579118216356398,-0.536087250378429,-0.441771577740567,-0.491865942182183,-0.438594977631599,-0.433526572355814,-0.555708958112299,-0.801164505823145,-0.764776690207759,-0.664136008360593,-0.726702843063969,-0.681136650808689,-0.67938760155769,-0.779795963781756
"1CEL",-0.606936164994002,-0.555128152739641,-0.444559141745123,-0.510427964620295,-0.451506585116986,-0.439189194690629,-0.560105056062137,-0.713690165778,-0.667712313264723,-0.534381581483571,-0.607192227508103,-0.539885933762116,-0.530185100437652,-0.678400997340504,-0.853250653200561,-0.829236937957584,-0.70760200223325,-0.787177651584096,-0.740400497765373,-0.734818192198419,-0.836401654982674
"1CHD",-0.494138682256677,-0.470153078704127,-0.32474600977326,-0.388608674477164,-0.343187614206312,-0.291902530326912,-0.458707951687496,-0.809066869495918,-0.786202200048079,-0.582511851674926,-0.71232257271591,-0.635814822458702,-0.60639221333556,-0.784963890363987,-0.931968162947105,-0.913027686316135,-0.716565842163278,-0.840545163193856,-0.787028730821423,-0.780978365468649,-0.900448825391559
"1CHK",-0.453601782422961,-0.410805525292714,-0.218186762518239,-0.325154706717523,-0.254180552886362,-0.26690558083689,-0.418903594040216,-0.684441119279129,-0.63786546343552,-0.429184734642758,-0.548593379409918,-0.47744987513569,-0.450410109491601,-0.653527466810038,-0.883154959570606,-0.850890735342272,-0.651732693299594,-0.777196157057304,-0.72940496716174,-0.708762675175098,-0.847703407831702
"1CM0",-0.439813932745381,-0.386367581619649,-0.183816213424109,-0.303283697522161,-0.230242703168817,-0.23643553624882,-0.398885911022481,-0.774495068173382,-0.739909478506438,-0.552803498922464,-0.675299656628011,-0.61074628719334,-0.579827283748329,-0.741272805023138,-0.922465951481647,-0.906947951449757,-0.740106503841445,-0.854056269659381,-0.785688952019567,-0.789000418947839,-0.90346702779168
"1CNS",-0.581362382461184,-0.524655615877154,-0.394123966157706,-0.488328594911149,-0.402361670338822,-0.400152125724963,-0.568240597831568,-0.709669137140573,-0.652910124594178,-0.508340567456315,-0.59198960962498,-0.524677976987962,-0.520149332369899,-0.687718382700996,-0.903036218694373,-0.871189600231136,-0.722546468799884,-0.816805716763637,-0.767938005754714,-0.759238345549616,-0.882015639040372
"1COY",-0.493959638172873,-0.475963216358031,-0.4372966461677,-0.459175856967065,-0.438581143780691,-0.400332974079507,-0.492768420632443,-0.64912422167617,-0.617134718610588,-0.494038790944008,-0.557540663692535,-0.527083045065248,-0.518933893169836,-0.623157764152969,-0.799693464330897,-0.769006881971335,-0.650528497921801,-0.716993297809417,-0.685156286141916,-0.683376297216026,-0.777751972156764
"1CQQ",-0.411409817175427,-0.376110373776968,-0.352161074930296,-0.296546189697213,-0.296994763212856,-0.278967457843349,-0.378618681646553,-0.789143697850757,-0.770573165838452,-0.691912301820015,-0.70621932775703,-0.642334639958023,-0.61797997880593,-0.774863421710547,-0.927560819632929,-0.921429712698202,-0.810220421344159,-0.865705496004969,-0.809982310096358,-0.771069159811744,-0.909918940818562
"1CVR",-0.389297555518105,-0.383874858221107,-0.322529553138381,-0.363934106458167,-0.333412456508147,-0.331489387528206,-0.392485057236792,-0.750977758487551,-0.707721210973758,-0.57191846068753,-0.654766710307828,-0.589957204274571,-0.572751393629581,-0.728826148021531,-0.882279829534952,-0.855612127296458,-0.72664891955805,-0.799072023928847,-0.746027758907086,-0.732891098780398,-0.858015520824927
"1CWY",-0.649052799862765,-0.621418829722618,-0.490901019221632,-0.574147588027949,-0.510377290187542,-0.499861129200647,-0.620758698507775,-0.682066024264097,-0.63625598502394,-0.517451957807831,-0.592072288289153,-0.537152004608018,-0.534288601154405,-0.651166860667443,-0.811424103120585,-0.782134556430867,-0.654829466964751,-0.731379370544857,-0.694760610499755,-0.695273573225985,-0.782928182361945
"1CZ1",-0.614342688888747,-0.595131926231378,-0.539014289617232,-0.562062692243739,-0.512490429198633,-0.476758194837727,-0.586538241758565,-0.751198306023339,-0.729049276690212,-0.597128048370744,-0.668342364180457,-0.611343600720637,-0.605167472469691,-0.731695011607586,-0.883730103352279,-0.871885086200387,-0.747444723666106,-0.826922500537944,-0.782489372562921,-0.782578894394127,-0.869273803247048
"1CZF",-0.474406428592477,-0.409376966773021,-0.251246065660642,-0.341165799250636,-0.27135579907717,-0.226942468757879,-0.438831205135988,-0.689135375304827,-0.588284411986262,-0.394852406062076,-0.499011465342237,-0.40170894884006,-0.367438045018705,-0.650874264264648,-0.877563855650826,-0.80829885184932,-0.643994583527391,-0.726476617563425,-0.629843813807086,-0.610358284510518,-0.836976616847141
"1D1Q",-0.589321393484484,-0.555957185329881,-0.497304486711894,-0.529614821171487,-0.464807559884205,-0.418125134864346,-0.584499846692869,-0.779531884404108,-0.728827322665393,-0.582472534033915,-0.681173871507046,-0.594139598758061,-0.543103654167662,-0.759260807260568,-0.932389153258635,-0.899228850776941,-0.71054262839995,-0.832754074505635,-0.773704966764242,-0.754909538477583,-0.901397726749495
"1D4C",-0.446648558637197,-0.431507061351961,-0.370426611145912,-0.415629073800845,-0.392791719780358,-0.37913713452496,-0.446926411026788,-0.669759460470387,-0.642628697080113,-0.52587597668004,-0.602894956343518,-0.559245828784686,-0.55810137595797,-0.649295513860907,-0.788366051455981,-0.767983021262049,-0.671531548182282,-0.737766811083476,-0.705724314719144,-0.706541216273301,-0.773978703694099
"1D6O",-0.485880705362761,-0.40780026117322,-0.254383852379007,-0.295521641013642,-0.223145793675508,-0.179606585404112,-0.446281785638213,-0.772135033993613,-0.710838770352084,-0.533680126961735,-0.631232978702561,-0.516203295519113,-0.441436940378926,-0.746086326142754,-0.92834417807381,-0.921980619401138,-0.68201856794305,-0.816908362488423,-0.746968048139935,-0.68182246444004,-0.880789078593905
"1DDJ",-0.666027029124796,-0.653420466223625,-0.580687140683452,-0.618614741151274,-0.586597997618447,-0.520463217636734,-0.643937371511493,-0.80397818670625,-0.768366742371877,-0.658793802578224,-0.735904815297337,-0.678118539707011,-0.62872566788878,-0.786448395697226,-0.895542932957889,-0.880797013136474,-0.794865694422575,-0.843643081807299,-0.806006932079056,-0.772291895432159,-0.888035868508928
"1DGK",-0.540067914535104,-0.508001277367015,-0.389860782034323,-0.456678260633009,-0.40783641031634,-0.40189651887626,-0.509595868688735,-0.671472530796228,-0.625020584481367,-0.482892921613823,-0.562043286027188,-0.517278614695206,-0.514369067904607,-0.633164047663314,-0.803415037273386,-0.764817416494024,-0.642436504226591,-0.709070915182286,-0.683806754246414,-0.687043043979775,-0.771344867910234
"1DGS",-0.476637633870051,-0.460639011085903,-0.304815691754453,-0.383138948618915,-0.336310802203178,-0.349682693176654,-0.440055081685228,-0.618550521215429,-0.559408340792962,-0.409500946246007,-0.494057954432121,-0.423041044376582,-0.419742674930079,-0.57911546648735,-0.753588831218548,-0.708254721462621,-0.554430972251937,-0.644911285713024,-0.59742473356807,-0.597514585712216,-0.720372244053401
"1DIN",-0.561886587318085,-0.554350790118666,-0.473963347405463,-0.547078791469428,-0.502450707780694,-0.496023441100886,-0.569452175974901,-0.767723322999333,-0.722998179857733,-0.578196925170434,-0.686608788577118,-0.613197665143795,-0.594935699197946,-0.742833309948894,-0.931275717593124,-0.912553310166231,-0.753134886957251,-0.866252826975041,-0.819090257706251,-0.817658751238468,-0.918099493695667
"1DNP",-0.592556249540213,-0.5578471452976,-0.478946843778792,-0.533326989906889,-0.496743929636103,-0.477921603302408,-0.567395544233667,-0.683868359860738,-0.631917918008741,-0.472235037112776,-0.566435765991181,-0.492673062091925,-0.480641566541852,-0.640341197915031,-0.795306426494022,-0.751717969563996,-0.611193464373839,-0.68865419305731,-0.631388736313542,-0.623516690695616,-0.751946450121534
"1DVE",-0.591158076474496,-0.542264847507125,-0.40100223160305,-0.484457451074629,-0.393017439564577,-0.403960559706861,-0.554843864316086,-0.770636511964637,-0.718795975155432,-0.455752117573951,-0.616873245558987,-0.512507691224504,-0.552063084877445,-0.722539190806653,-0.905405635791392,-0.87038163392467,-0.637226994983037,-0.787601805578954,-0.707026940364242,-0.739128141102867,-0.874673962153024
"1E0C",-0.50127391214676,-0.475335365985561,-0.425853984490297,-0.456755880147285,-0.415594708769823,-0.388931870850732,-0.481498247496208,-0.788100126354423,-0.755521718785961,-0.627435218590104,-0.706412677509675,-0.661468302415366,-0.643109873477917,-0.753404939253853,-0.891106815066133,-0.854492950070288,-0.709690691538011,-0.796464629900747,-0.763958506610131,-0.756675723999833,-0.850350300981207
"1E1A",-0.371569527230036,-0.349767453616616,-0.296754957428529,-0.328735876012369,-0.305806705031684,-0.285718886257135,-0.350528269034905,-0.773214699172395,-0.749364854965669,-0.646225598774832,-0.69836201726014,-0.653278770785936,-0.611772487295124,-0.749908531212785,-0.896039802080692,-0.889358222371444,-0.788741236227048,-0.839805005575131,-0.808551586101285,-0.786913673695894,-0.874809049367574
"1E6E",-0.692859400312386,-0.675417387972926,-0.585076080012913,-0.644526318369013,-0.61476200203298,-0.589153653170752,-0.682456342564495,-0.687498334093573,-0.645613800393984,-0.488617521463161,-0.594224296132532,-0.536006964368965,-0.545173347307669,-0.662565435547149,-0.808322540452021,-0.775070420401684,-0.620704436674699,-0.717731552407579,-0.676337581979512,-0.684798850188619,-0.777141129101648
"1EB6",-0.517790983535604,-0.407883346894964,-0.264109866518931,-0.372476671110265,-0.243996814459583,-0.235522238188397,-0.458984003047039,-0.681519537404131,-0.583425667838161,-0.399731220027354,-0.514373885493672,-0.395651910458614,-0.395422516923183,-0.619715292325271,-0.915844837212297,-0.894316147809655,-0.729238301103593,-0.828553305055159,-0.767437963249321,-0.767509479934472,-0.88271419102316
"1EH5",-0.580172728176905,-0.572130866735183,-0.431612682204467,-0.537502348351733,-0.494361193073191,-0.479503033517886,-0.57997712429135,-0.765369271403154,-0.732707842942236,-0.576030788272608,-0.67622804981821,-0.606492501851054,-0.601315629524031,-0.736149697753318,-0.899732119577107,-0.880709535707499,-0.722960333985465,-0.817906883926571,-0.776950113155536,-0.763791981675079,-0.871883929331719
"1EUG",-0.673694770261649,-0.659676760505517,-0.500785045372747,-0.604777067742555,-0.560401571180887,-0.535857253838929,-0.668589442462526,-0.783465023177413,-0.731688790560472,-0.534932574799832,-0.659887273493468,-0.602117572692794,-0.597690686894227,-0.744571217867678,-0.910178989726324,-0.879787696746415,-0.706607719476959,-0.816190506102946,-0.771168439957763,-0.769427648647047,-0.876256512917584
"1EUU",-0.114507544316582,-0.0835759999408645,-0.0555062189238418,-0.061414574365066,-0.0480205035885313,-0.0545018640056492,-0.0821614673253942,-0.635094830874346,-0.575562987490395,-0.483532816291784,-0.539634164543037,-0.465098258163305,-0.433066428599068,-0.610561246206489,-0.777139613756275,-0.74508770927558,-0.64236258575089,-0.71248808186868,-0.668952008952355,-0.658160303964625,-0.763269647816781
"1EX1",-0.464765363200952,-0.450825631630966,-0.379125600203378,-0.430308025283428,-0.387983612387359,-0.381117485469978,-0.458148517592168,-0.679977952262777,-0.642593660736511,-0.518000073760143,-0.591230529570598,-0.53260029172384,-0.522610220191077,-0.649635856736021,-0.829808518499094,-0.802851674070064,-0.682294979326245,-0.747899572341457,-0.712784914400671,-0.709285755926777,-0.7953858779061
"1EXN",-0.354446817891634,-0.346359899660549,-0.279962924860628,-0.306729267445926,-0.306580339416075,-0.2783821421709,-0.350130429229861,-0.703354268616367,-0.673901969412883,-0.505896638292024,-0.614399700408156,-0.560685001115904,-0.576700429591503,-0.679893175837464,-0.834810663953915,-0.808336596866794,-0.625207669084915,-0.749975612635762,-0.713146226487233,-0.726891315704771,-0.808792160285284
"1EXP",-0.590727585068261,-0.555324117086566,-0.436395561638418,-0.49327588760046,-0.43748015165895,-0.434870616216106,-0.530962526231936,-0.707408537139488,-0.657947037399078,-0.4840299053545,-0.579496451485192,-0.533059941096472,-0.549480465190891,-0.657974300234144,-0.889930274517541,-0.867352219558318,-0.70929772014707,-0.809260095613074,-0.775063378361484,-0.778015544598076,-0.86067441794779
"1EYP",-0.294278413033868,-0.265751713176313,-0.177402067776416,-0.246458092199805,-0.236145658714875,-0.263008615944977,-0.314145086921421,-0.732721825003495,-0.705594381814449,-0.563790864654978,-0.660765271230351,-0.556216490573594,-0.55199730979996,-0.730100895096052,-0.898591326862637,-0.888875851492385,-0.704714893139103,-0.818828862640084,-0.768945330522333,-0.773123514453947,-0.88266720128984
"1FF3",-0.504939168912669,-0.479452493291995,-0.412278550591361,-0.456877155061393,-0.398209138450114,-0.389449855378894,-0.508466079532335,-0.771530938505246,-0.734711185546805,-0.613027830239105,-0.684697741769331,-0.594345190853048,-0.549233704683942,-0.75644799201796,-0.898863009789468,-0.881445740960122,-0.752479074117855,-0.822962871034049,-0.776381682553018,-0.750873631476887,-0.86919053780222
"1FGH",-0.677472506977179,-0.660663715346388,-0.601617498849271,-0.629047687071965,-0.607622205979228,-0.588312289385796,-0.660961326417851,-0.640402046647205,-0.610130896921373,-0.513019455560005,-0.567842490863905,-0.525234071333606,-0.514703531379308,-0.615906260392147,-0.781831329319707,-0.757008703090602,-0.676520500583472,-0.724586546043979,-0.693350772397568,-0.689397500988188,-0.762137032010683
"1FHL",-0.525739807194808,-0.509354989094019,-0.371967802998279,-0.462816037952333,-0.404729065467291,-0.392924034947451,-0.497979917534838,-0.736755291353558,-0.690700084300942,-0.500490426971793,-0.636913667622399,-0.57549588197546,-0.576141303516404,-0.715635771619327,-0.896175851921777,-0.869351669070622,-0.7079779730893,-0.818443557460827,-0.764970799363668,-0.75051734029982,-0.871617766473977
"1FOA",-0.665693349418792,-0.633688626377722,-0.485410215946233,-0.563420490900481,-0.523269541979912,-0.524025216551463,-0.611234981942858,-0.798817769782047,-0.774621483987064,-0.646021811366048,-0.719985222497263,-0.660885711195818,-0.653348464824159,-0.777595283918696,-0.874758827901776,-0.861776792100777,-0.730607537979168,-0.812591364258533,-0.778583045974348,-0.779719345962346,-0.858982843326903
"1G24",-0.437661365823002,-0.425898222505855,-0.386339178407026,-0.426927076415727,-0.401524491970987,-0.388720832671943,-0.438762783736593,-0.697782586582786,-0.640718772372551,-0.460839086082289,-0.564044536157282,-0.505880599819238,-0.520550190642483,-0.673924578788635,-0.898238287857511,-0.861519736314359,-0.685817697501569,-0.795833326228706,-0.745486235127783,-0.741748969725578,-0.876652906054006
"1G6T",-0.668745127408043,-0.640672112367654,-0.513434108934503,-0.577202120779915,-0.526502301086833,-0.501436385201897,-0.644631458304541,-0.624423112907566,-0.598975652597984,-0.418777410903293,-0.520421903259607,-0.421385213379249,-0.435086541926602,-0.599059964197626,-0.846087203237442,-0.830195633002285,-0.667959236873284,-0.773546158122881,-0.693994819820282,-0.721143015950357,-0.822701999731228
"1G8O",-0.512211929289153,-0.461760371667376,-0.304210392199154,-0.408962318509374,-0.365598725662573,-0.366958144818011,-0.478563005631,-0.782231488024171,-0.720716783216783,-0.538522960779058,-0.652951215451215,-0.566187369541028,-0.561383738213006,-0.732075343355831,-0.909977845686045,-0.876662761711599,-0.720798284386864,-0.81987863182837,-0.757357268337681,-0.75594176220716,-0.870360951794317
"1GA8",-0.572506641845484,-0.544995948945562,-0.423422707762695,-0.490047519812622,-0.454721117865092,-0.473160764688505,-0.524652796358345,-0.774596025372018,-0.730122639461689,-0.598514941031763,-0.682811181052987,-0.617226201673781,-0.599212550949039,-0.750026529677062,-0.891643887745203,-0.868776306082627,-0.741913383999397,-0.826152417335971,-0.794026102310111,-0.791796611861451,-0.870669850046801
"1GAL",-0.497503806067522,-0.488195215992159,-0.44607550026598,-0.469821838585476,-0.450429164400872,-0.43005087731602,-0.500075192293399,-0.662086525983065,-0.632239179663145,-0.519312718855719,-0.584608037553699,-0.541224264280728,-0.535962426721767,-0.642495103566977,-0.806014961604263,-0.781403170685287,-0.670548999586327,-0.735863705395635,-0.710013457937947,-0.713055750678655,-0.789186596796998
"1GCU",-0.383922654143931,-0.390345167305865,-0.294440296655039,-0.368412224609143,-0.34664508637979,-0.380815266349935,-0.396605249928545,-0.737604308602601,-0.706092301997414,-0.537835952867188,-0.658837546807228,-0.577039069605583,-0.593803154429992,-0.717122154995366,-0.880287935052425,-0.858548559024919,-0.69120418687168,-0.808050257443704,-0.739040607730503,-0.750441707002201,-0.860724136934776
"1GOG",-0.332593349309945,-0.296893023729853,-0.22603121173919,-0.269881617733533,-0.239722215438444,-0.232126197458067,-0.313623345257614,-0.66477861421402,-0.621727872459417,-0.539124335879435,-0.594587923307872,-0.533187769511531,-0.502162899024239,-0.649979855622765,-0.801156116295982,-0.78107391846355,-0.705134545800281,-0.755133155375586,-0.714281442772623,-0.703153263063183,-0.789238423162766
"1GP5",-0.498541761369568,-0.482686548662409,-0.355566583727225,-0.418056317246949,-0.378047098779598,-0.384869111968854,-0.470874482552382,-0.756676441809413,-0.734778190688434,-0.58984553632797,-0.665069858833806,-0.608465191535098,-0.61488477330191,-0.732147955440414,-0.876625394649437,-0.85743939147489,-0.70955664851112,-0.792101862616318,-0.750005367006789,-0.757575780513271,-0.851455457947524
"1GQ8",-0.540220076456796,-0.489573149848014,-0.400523821799088,-0.447844664876598,-0.412529889952523,-0.40228239563967,-0.52315454005283,-0.731730403418665,-0.676441113465593,-0.535662435378996,-0.607925263442484,-0.563459705992273,-0.565676695987084,-0.693587428274814,-0.897052876127645,-0.849677767982819,-0.720846648797419,-0.776373322424,-0.735418053546607,-0.73256749234346,-0.850418921374481
"1H19",-0.65933468988919,-0.630413744244206,-0.545769413802232,-0.594821048218326,-0.554041668439649,-0.541003930684039,-0.629781441044774,-0.625843677508881,-0.577518304554856,-0.482440064535972,-0.532477250567769,-0.472245315994038,-0.47349231358709,-0.592231575599989,-0.776864525235321,-0.743957228481738,-0.657119166934483,-0.706809424320456,-0.66786335977847,-0.665052995595411,-0.760164547797312
"1H3I",-0.27713688059732,-0.256217239343922,-0.210037301243915,-0.195074253206748,-0.164320627221837,-0.156899098525395,-0.249035930486037,-0.760376542968396,-0.715529439603229,-0.597039676125722,-0.662321181686944,-0.590623064878857,-0.556282983528631,-0.722692667697777,-0.872854083745425,-0.856916410165065,-0.71637601799225,-0.796358644100219,-0.737667615820188,-0.720738103549763,-0.841392798213018
"1HKA",-0.501762862433248,-0.476637210389415,-0.296153102533369,-0.434335058813679,-0.345448804060259,-0.393548480726051,-0.500661180500124,-0.758314710835327,-0.703054191088888,-0.538383136155434,-0.651176906378402,-0.539368898881737,-0.514715703291504,-0.730512550980514,-0.905639444325128,-0.874319821250736,-0.691035883507046,-0.80358778293881,-0.737147146262848,-0.732393125443432,-0.869781892286748
"1HPL",-0.609784568530391,-0.582185469911858,-0.4749922918979,-0.547555667444423,-0.508887525409065,-0.509839972741012,-0.582284963505375,-0.68661165022802,-0.632082670484675,-0.520517419662743,-0.59106678863082,-0.531061088132358,-0.523578454767208,-0.660030491038286,-0.817664776720191,-0.785255726866358,-0.661743284890481,-0.740595042463025,-0.704518090411784,-0.716052038476723,-0.799718960059695
"1HPM",-0.571495391502925,-0.56269050220738,-0.538884925284477,-0.547193385264421,-0.5211505387074,-0.482265392851725,-0.558477083424065,-0.614201829468866,-0.556368519520189,-0.41090595935469,-0.501493785180438,-0.429444381678027,-0.420480226412353,-0.581224242856487,-0.797077591775956,-0.759769060187973,-0.621350902105656,-0.709009523384664,-0.665377147905144,-0.67286947374592,-0.767449642690157
"1HQC",-0.397236328508511,-0.378892720047624,-0.264906526706834,-0.307088996897739,-0.246824411949555,-0.247324086396568,-0.363601943725291,-0.701448407449506,-0.656089328957199,-0.492551753409286,-0.609251512411806,-0.520096980409143,-0.517019344723299,-0.685118720571805,-0.838715676200946,-0.804087982835981,-0.60870354878214,-0.723477230749551,-0.666107757754078,-0.687662110345546,-0.801942502636011
"1I1E",-0.290931582212842,-0.274134857112109,-0.234224340238965,-0.260218663544688,-0.236754089227613,-0.232965198074282,-0.27704099764865,-0.619698145071734,-0.577741330276999,-0.488787904231815,-0.54793822266268,-0.491211354741681,-0.484681129045183,-0.597734775873933,-0.699917404575497,-0.666491521846061,-0.575301942785023,-0.634734735830776,-0.587728969195716,-0.59421523505066,-0.676130629289478
"1I1I",-0.442263274920647,-0.408244592478651,-0.341217021516663,-0.386448105386901,-0.364050091898793,-0.355936728674975,-0.43970026892181,-0.622921027740305,-0.575987795930725,-0.434204323899949,-0.518849019324606,-0.472686192851063,-0.474905351950374,-0.596812366311415,-0.770384827178171,-0.735811872716031,-0.59359901248984,-0.680505763241469,-0.644622364330958,-0.64875012447601,-0.748113029597199
"1I9A",-0.589231553412946,-0.577829404865007,-0.382380635450586,-0.495363119176974,-0.456789059483129,-0.472743558384162,-0.550586958039749,-0.785783699059561,-0.761462158531124,-0.59615315718764,-0.700062695924765,-0.614252127183162,-0.538087774294671,-0.76704881325571,-0.924242919792831,-0.915793984988822,-0.719116892304643,-0.806160517387536,-0.725203036858624,-0.696120560278781,-0.888630855559949
"1IDJ",-0.554718920941938,-0.534156417878259,-0.477232556094837,-0.50253380809871,-0.473954776602407,-0.451578835161527,-0.538160921388554,-0.705582701794245,-0.62749671910905,-0.505769440251474,-0.563545540841257,-0.503690937478927,-0.468869661744033,-0.652590996094054,-0.875623165290774,-0.827220958897667,-0.692510313275782,-0.754892143570724,-0.711338446645814,-0.698120822460727,-0.821864970109914
"1IG8",-0.646899516013243,-0.607345593416625,-0.503270049994431,-0.558711312833601,-0.512216224953417,-0.509352606760111,-0.618329582224185,-0.653766472756628,-0.595366166595128,-0.475495680354366,-0.542071266301181,-0.500813096081435,-0.501909438079651,-0.62190404070366,-0.798940240100912,-0.754618645198699,-0.652246571261802,-0.701678361924434,-0.673876002280321,-0.67831053323979,-0.768088299191518
"1IM5",-0.646584809728082,-0.616721478017584,-0.400779616569616,-0.510563061645971,-0.448457375057706,-0.44232568869739,-0.571135042005909,-0.749178750026154,-0.730318247442094,-0.488335111836461,-0.640361559224154,-0.565695813194401,-0.550057539807085,-0.703372878873475,-0.90474960496159,-0.891885612909228,-0.675792369366879,-0.813505595760237,-0.757019860166478,-0.752824190627501,-0.864997236078795
"1INP",-0.453016721287585,-0.432128628594312,-0.384069533978017,-0.403211702225468,-0.391853677603456,-0.398446433812395,-0.431943282912661,-0.760851630322689,-0.736790729942062,-0.649927437046481,-0.687432733954587,-0.654764779779874,-0.644635216470103,-0.737207170044813,-0.892778469878046,-0.880013459273404,-0.784159175787686,-0.830907926592155,-0.808808100930305,-0.80222530387944,-0.871086826603979
"1IU4",-0.333003856319213,-0.308575646410013,-0.231825198856513,-0.269267041972616,-0.243271566717344,-0.263147825500205,-0.305308135627901,-0.74546811249392,-0.710353305559508,-0.583809558475594,-0.656895530487785,-0.59089883290371,-0.567875236182301,-0.718251638799085,-0.847731654642975,-0.818437995222845,-0.680722020491171,-0.74622769356839,-0.70608269734113,-0.699953853306517,-0.808099202677921
"1J00",-0.538295804512981,-0.468048996155719,-0.252506358291124,-0.375318850480389,-0.256100038045542,-0.187672633251543,-0.472438458593887,-0.744241690512877,-0.670103455866168,-0.450149680827647,-0.618186220559102,-0.540387409200969,-0.551446180937706,-0.718624257098833,-0.892670066144865,-0.866966350073706,-0.66696890548582,-0.819505603686534,-0.771573199080094,-0.780398841168988,-0.881031043530263
"1J09",-0.566021457806991,-0.547042465395153,-0.408790933522249,-0.478882505388502,-0.420539011252946,-0.401784574500514,-0.519236257917305,-0.660517681259795,-0.614582919929847,-0.443566107153949,-0.542838317998917,-0.490963424166786,-0.503754610948832,-0.613254760622845,-0.808954330719099,-0.765602474500883,-0.60935313095169,-0.70307570697829,-0.672720913119854,-0.685270402904254,-0.760401142213224
"1JH6",-0.492922915022362,-0.477451278003764,-0.307149940299112,-0.416406613644183,-0.330995891769372,-0.323588934086172,-0.462973306619715,-0.794157407969563,-0.756689535142574,-0.573596017242426,-0.694966911541497,-0.597644344605671,-0.586108918705604,-0.790856657155,-0.914649347763833,-0.889699017862845,-0.665426503300177,-0.801397347125323,-0.733140582908101,-0.730606367279234,-0.902516904343652
"1JMS",-0.538455167723835,-0.535705145797219,-0.418425404112032,-0.490609878833927,-0.44788525834441,-0.440801868533431,-0.536686635104361,-0.683412166246139,-0.621942041733861,-0.465873193465999,-0.547839360900419,-0.476907486426078,-0.466927728351813,-0.649097858265367,-0.824391716536644,-0.782973690694889,-0.622585945940013,-0.707967056901547,-0.661876335670647,-0.654874431873758,-0.787614870313344
"1JOA",-0.487068484518321,-0.475366851145549,-0.388738040184487,-0.442950783751782,-0.41190412262626,-0.385685754808539,-0.474178224359475,-0.664741311299901,-0.621713896543457,-0.494798294198944,-0.584481822857612,-0.52562242091598,-0.524767694338197,-0.651086246023692,-0.751260944068831,-0.724117261258597,-0.586570895666093,-0.684292363438454,-0.636636558844958,-0.647598244630881,-0.745773840836073
"1JS4",-0.589770063892721,-0.56996022536943,-0.504454543467479,-0.550234028796005,-0.512667955347147,-0.497333760441159,-0.579828539423992,-0.654099527954,-0.6102861159084,-0.503543406718757,-0.57501391319144,-0.515182746450443,-0.504230748180176,-0.634643602831084,-0.82385777844524,-0.79858625507675,-0.715388206959193,-0.782324700181305,-0.737316252657363,-0.73512445027844,-0.819491357993216
"1K30",-0.472924629218665,-0.441954376181825,-0.303236485372554,-0.416853416316273,-0.332513328092015,-0.33139584538165,-0.455212001381588,-0.737233133516408,-0.689373409112234,-0.561069267247067,-0.648110302555305,-0.581781101871509,-0.570949893903184,-0.705924412102212,-0.832699040290719,-0.798206215499946,-0.693956219009313,-0.765283168996754,-0.717633802314311,-0.71265097685521,-0.811466806819969
"1KL7",-0.714549157506714,-0.698069099084812,-0.600469516862781,-0.65271690270967,-0.611027035866123,-0.58780011675186,-0.687572232167413,-0.67919630764078,-0.653539585858026,-0.570911940612067,-0.618799911590974,-0.568868236228616,-0.557079077423148,-0.660585811633708,-0.792944682693857,-0.771936950693479,-0.679919923515089,-0.738344113972034,-0.706285050155103,-0.710026719604528,-0.775187756164415
"1KNP",-0.593651440222323,-0.574415976062938,-0.501896748550529,-0.543773926143679,-0.509904709000111,-0.4926565040757,-0.574168967737082,-0.698177732671437,-0.670901925053582,-0.562145314470813,-0.622980914830078,-0.584403969430006,-0.580380714445522,-0.673408920679492,-0.805757318043964,-0.78509344798283,-0.682779597384001,-0.739512230008937,-0.708121634963251,-0.711201670972847,-0.781122148667979
"1L1D",-0.606966411346987,-0.597567069006233,-0.455446580141774,-0.546090884915174,-0.496835562836354,-0.471760164271341,-0.571384385132002,-0.800264464333988,-0.783830793120574,-0.675304018726254,-0.725719889939249,-0.665928318011027,-0.622184827459026,-0.768688009622981,-0.914110272837251,-0.903798819056175,-0.796573960031076,-0.860015509712815,-0.805367111486038,-0.78309588123283,-0.88987825159659
"1L1L",-0.511582633961115,-0.496724709084507,-0.406357586081311,-0.45511563061753,-0.418539259400605,-0.417975929690466,-0.485811247910644,-0.645734455439601,-0.610064154556936,-0.504970544091925,-0.565199491430704,-0.525300977401326,-0.531413536545751,-0.614567982727865,-0.774075341506022,-0.741333540675455,-0.650361118258475,-0.703936282966395,-0.677079950171025,-0.684255322185536,-0.747729637803994
"1L6P",-0.508749735400771,-0.380679961061957,-0.242709682891127,-0.265196663712459,-0.211412845597994,-0.172119056697817,-0.399972903185515,-0.835828478525945,-0.769882129792711,-0.51845955832543,-0.639310391545861,-0.527984013006368,-0.486031703021271,-0.800189676195638,-0.919467816810699,-0.897797211755294,-0.652730006671956,-0.764988957793734,-0.662604918933408,-0.619646509881103,-0.875300027423116
"1L7N",-0.585246551557126,-0.557997945433528,-0.371985323213114,-0.506301308805154,-0.422796926521986,-0.40477283052436,-0.556610851928192,-0.719450487601606,-0.687606206232209,-0.414029775627496,-0.609211124460175,-0.527548678983884,-0.515170579385438,-0.696775118788627,-0.863551016472144,-0.845825238725295,-0.584208058115434,-0.764366540477765,-0.712721808375995,-0.720567588940669,-0.838002474255462
"1L7Q",-0.260001847678264,-0.240747254841786,-0.159656449803082,-0.224331086409846,-0.202940528529132,-0.213237958801235,-0.249079855103752,-0.677378921198628,-0.641269183392881,-0.523298206080029,-0.601242549505062,-0.547731575273284,-0.546266775900843,-0.66147406837793,-0.826991131781388,-0.801503874554881,-0.678533054821649,-0.757586105396844,-0.716232898254669,-0.715527824612673,-0.80693127785059
"1L8T",-0.581268647807203,-0.577260214694563,-0.473031058843392,-0.536937415935439,-0.504269988898884,-0.509784099388239,-0.5593972409009,-0.679269254821456,-0.625358525316439,-0.501754696120934,-0.579889467337585,-0.509681832694342,-0.50135890000343,-0.641328238997528,-0.842107801785065,-0.809654188730935,-0.674560948000503,-0.760219444423969,-0.71840217569892,-0.723528218816798,-0.812144961387646
"1L9X",-0.598775534251152,-0.593751479598874,-0.523080899416833,-0.576856268513438,-0.511597812398624,-0.502162827651921,-0.599780998243406,-0.803290110879359,-0.770821025684305,-0.604862174425007,-0.703259567815649,-0.640385063638081,-0.638908648107737,-0.775918401794003,-0.903782050082864,-0.878282518652008,-0.705942933761436,-0.822591489616587,-0.775664775321362,-0.784204919463825,-0.883869404077123
"1LBA",-0.626208875111062,-0.590544167323295,-0.450050514399368,-0.553294618482357,-0.483258911357769,-0.445255502599813,-0.623476855923297,-0.745492755439446,-0.689676380708164,-0.54039312465657,-0.638329172008908,-0.570589879787532,-0.490437951278764,-0.710213721766458,-0.915670299443105,-0.899603707173316,-0.754583603425325,-0.854443921092558,-0.808409775773666,-0.768797248965297,-0.89425332349097
"1LDM",-0.536839626037957,-0.521631119429795,-0.43536578484536,-0.481440506755081,-0.456768427634078,-0.431204684058815,-0.514145316638061,-0.753520713847647,-0.714018830157906,-0.585436281414486,-0.674313076648313,-0.609832253890375,-0.603069504444699,-0.733844074970178,-0.881944537052337,-0.855503239751433,-0.746763052263503,-0.821213456110997,-0.778763609662583,-0.775818655046407,-0.869258851357867
"1LJL",-0.632379814859967,-0.603230663000835,-0.4306464885845,-0.532499175318668,-0.430886848907177,-0.397793602662307,-0.547570860097406,-0.740201286375616,-0.704931106528834,-0.535577435169127,-0.656545903945158,-0.590834232339647,-0.569542121290745,-0.72930942659329,-0.915718312095045,-0.901488985885366,-0.686839367372857,-0.833134028761545,-0.780968043465047,-0.765320984811318,-0.884714309920925
"1LVH",-0.629904700943067,-0.621951466905839,-0.477142200265994,-0.594265038682012,-0.519772639164844,-0.499587518260244,-0.62692378780314,-0.740341366932825,-0.690708485712515,-0.532662019688611,-0.645439331015479,-0.572715439274666,-0.577187357364634,-0.724082203050777,-0.840521497156099,-0.78731109004846,-0.616049733423185,-0.731727278025577,-0.692792269778394,-0.712925601968156,-0.812213792951932
"1M53",-0.605552878110984,-0.596922527022439,-0.522132505137016,-0.575863784669747,-0.541640644388922,-0.508866160457835,-0.608772789433638,-0.677322857129891,-0.649565339722011,-0.520421440517536,-0.600736983318387,-0.549378266322843,-0.536969005997589,-0.650221824578282,-0.836775057584832,-0.824810042741486,-0.691045356634356,-0.779254527599539,-0.733760783169317,-0.730229918919148,-0.816250741748223
"1MBB",-0.685868211100207,-0.66495005616937,-0.532086367311564,-0.603929203390696,-0.582179586458332,-0.563187412641942,-0.668114833222193,-0.685365790361508,-0.643845077023361,-0.481429363066951,-0.575907281917256,-0.540124965461232,-0.527340507219938,-0.650474688616785,-0.801384396871955,-0.772818940920341,-0.622880162657218,-0.703719532241963,-0.676738856439244,-0.678158650800516,-0.76940801252584
"1MJ9",-0.577048141908916,-0.561714346470691,-0.456166922717665,-0.528650122028333,-0.475254765811113,-0.450639065428022,-0.55794761821459,-0.754480652451885,-0.713408103274999,-0.573984141663403,-0.653915749342971,-0.565236931381199,-0.54392773392344,-0.716503923298685,-0.861413298760067,-0.83873502483071,-0.706807826768915,-0.79331858690438,-0.730575922913924,-0.721236317640255,-0.841351306208191
"1MLA",-0.619927413799327,-0.588035993772171,-0.443973023151054,-0.52527192797524,-0.465642438318787,-0.439949531045499,-0.584251068692218,-0.636896242534978,-0.583185724678137,-0.416790167318006,-0.527142651711245,-0.458156964252483,-0.452873081933377,-0.610196839736758,-0.872335109363068,-0.840657800302629,-0.676523926441391,-0.774317989280446,-0.732713996786499,-0.72712654005412,-0.843005626213286
"1MRQ",-0.502584321310557,-0.504433590883877,-0.429987047475449,-0.462009537842565,-0.445829764481542,-0.455974573186479,-0.488343200666106,-0.727280691071242,-0.710568692262056,-0.553213810314362,-0.623741792674354,-0.579020726012246,-0.586006077996925,-0.69197574783791,-0.880938384249685,-0.865821060407411,-0.713706671193517,-0.792376309024618,-0.759120410203977,-0.759937668990377,-0.849044404887638
"1MUD",-0.54469685245865,-0.493242319192827,-0.314882269918014,-0.429341708956298,-0.394239051009495,-0.412149978980971,-0.501056023429368,-0.735468815844922,-0.683359671302149,-0.455589970501475,-0.603853771597135,-0.542064896755162,-0.532889801938475,-0.695086388537716,-0.871235116779094,-0.834461813978228,-0.663662073557071,-0.770902732596189,-0.728850415304375,-0.720457878982717,-0.831146348225223
"1MUG",-0.565239227419657,-0.540090294659792,-0.365693372158256,-0.462565116341196,-0.36269334544386,-0.354606897657147,-0.518788234979831,-0.784158362941789,-0.786445115272621,-0.603341970988166,-0.707693746159806,-0.645628189031069,-0.651048540058238,-0.772056741377929,-0.902522297613374,-0.88802130617497,-0.658716358595344,-0.794655132870513,-0.730046318416939,-0.748616356494217,-0.878542459356228
"1NDH",-0.51024592263125,-0.472174070163147,-0.369824739541982,-0.404836296817258,-0.359264754904598,-0.33335573916312,-0.47446647178184,-0.708191699017362,-0.668074703051863,-0.517018218509323,-0.609515143478572,-0.531416221225409,-0.5010564083336,-0.680807083163768,-0.856685713003938,-0.833104398300037,-0.688597870037134,-0.770815634749499,-0.715150558470182,-0.686453199323148,-0.825764397719112
"1NDI",-0.565504184626712,-0.535671669596857,-0.431835440463078,-0.4981712676874,-0.467263952181412,-0.469286755925308,-0.540866132345196,-0.701752233050652,-0.666730074715124,-0.562173565929019,-0.626127989221387,-0.581975128589765,-0.576803877262348,-0.685711621669341,-0.805005340334097,-0.778918396976848,-0.678855536744826,-0.73651660684799,-0.709518276097471,-0.70921460319063,-0.789064781480352
"1NLU",-0.588573231069455,-0.574609481052139,-0.498644764256213,-0.541243701040598,-0.516956007963284,-0.511455844525932,-0.58155319058033,-0.763238471147891,-0.715974728459523,-0.607510958417249,-0.679863962482771,-0.615163791135601,-0.591434038081644,-0.74633948892504,-0.900943620369418,-0.879562431432732,-0.777582668777632,-0.840456263092586,-0.803994090070402,-0.790948582933318,-0.889496263132243
"1O8A",-0.516926096663541,-0.487812309697838,-0.353968585657236,-0.428734888315905,-0.382271389663654,-0.38084552286375,-0.487373727879938,-0.673826224965121,-0.640036262949212,-0.497296855704078,-0.579633166797669,-0.529551273763851,-0.525801120090483,-0.653189592882564,-0.806549347835852,-0.786930360911895,-0.650658133962116,-0.733811918397819,-0.698146311770536,-0.704564082950564,-0.792738379983095
"1O98",-0.695687234390424,-0.675087526494118,-0.589245099822003,-0.63026484542984,-0.595648996772648,-0.554663528248454,-0.673488748630011,-0.663626378726235,-0.632575930608928,-0.507095258938004,-0.5811983645925,-0.521340830316007,-0.515969792461947,-0.634167659297991,-0.84321306542421,-0.819250013940585,-0.709837014997302,-0.778391780728972,-0.739790601325141,-0.733144535345306,-0.821305355336175
"1OG1",-0.575522231071558,-0.521074285368007,-0.381261145835137,-0.461954827986218,-0.395593824125214,-0.365452455979362,-0.546885009609225,-0.739738256834669,-0.697117881815191,-0.498898401925308,-0.628276659106256,-0.527765032809876,-0.488208139273162,-0.700235469293765,-0.893448569702686,-0.88226278420873,-0.726483482930086,-0.830767871559226,-0.775718055505682,-0.747871402450417,-0.879349745886785
"1OGO",-0.122386505600643,-0.108240985047543,-0.0502996512279137,-0.0858549956143528,-0.0756913381557591,-0.0787478188319094,-0.10772032919686,-0.716891034804863,-0.67723471364553,-0.595169842398458,-0.639108491475516,-0.583921566188371,-0.556403572953944,-0.704697499436224,-0.856224241253443,-0.831671384902364,-0.749034244070669,-0.795986116263346,-0.74988325447097,-0.730084612143758,-0.849978531157134
"1OJ4",-0.708259555206381,-0.680243598633452,-0.555115409781978,-0.625059302008112,-0.584300297865549,-0.548870379068844,-0.690889345898486,-0.720081100399856,-0.683981711193594,-0.559317794547912,-0.629260961031834,-0.568537290713654,-0.562951616418371,-0.692018916651328,-0.820169463743463,-0.797631757726737,-0.676950445607672,-0.752839611268197,-0.714733041237909,-0.718211666885913,-0.801674652923169
"1ONR",-0.791725324703709,-0.762216279738513,-0.664592621935611,-0.722413926133463,-0.668436225843884,-0.642470161343811,-0.768219235201412,-0.701897117909577,-0.66744741901073,-0.541083051437242,-0.628991658157493,-0.582255663116582,-0.599139004721403,-0.683986590683073,-0.87279346147609,-0.846705575278362,-0.723754670585205,-0.805075888619333,-0.767175327732559,-0.776405128227035,-0.851793827921302
"1OPM",-0.430001362506345,-0.411330091179168,-0.36984605289566,-0.36419482370447,-0.343339111313548,-0.337814163198051,-0.411684362968872,-0.728426431210556,-0.682021463752602,-0.572687037460361,-0.617249550111125,-0.570979926950332,-0.549023940029586,-0.689442037092797,-0.865192684426292,-0.851777611537751,-0.741009079562601,-0.783427558176901,-0.746214462439117,-0.73379934712852,-0.835393706727111
"1OXA",-0.307881527057724,-0.289971078201892,-0.247349904628927,-0.275713325378595,-0.257209937937283,-0.250170671523672,-0.297906352923245,-0.689959227766042,-0.650063565669185,-0.492331050445143,-0.582056733505653,-0.529190888052918,-0.528809897396539,-0.662357389770309,-0.824953259008354,-0.800118173272196,-0.658201235260941,-0.739036907386336,-0.690617021757321,-0.69467675832709,-0.79786419108936
"1OYG",-0.487611359079547,-0.47309869908344,-0.408588995643843,-0.454734943740375,-0.432934398360473,-0.420107486237045,-0.481651899086581,-0.726317472526389,-0.689562774788938,-0.617081605887333,-0.641818350864885,-0.575007571883589,-0.544975579794975,-0.706199365229629,-0.87611243270001,-0.864371064021033,-0.809080962438727,-0.829054621236727,-0.785714122159413,-0.75879432749366,-0.863308309677282
"1P1X",-0.615378215211728,-0.592092290858156,-0.461116839982975,-0.53671658983801,-0.434847776247364,-0.401464806546245,-0.598318206833801,-0.741067729083665,-0.695691259060145,-0.574019680314885,-0.642353573657178,-0.560686986991792,-0.543167858685739,-0.710970863533817,-0.89037963332857,-0.857995031253083,-0.725606339760113,-0.804846064055189,-0.774310346447771,-0.759387345293645,-0.85915072870068
"1P3D",-0.64287354666328,-0.618555616615418,-0.510533719529864,-0.563111613926131,-0.524336110478829,-0.501112073898929,-0.621029623207152,-0.583752518824902,-0.568103987697529,-0.421646516067452,-0.523176901049952,-0.473506071693711,-0.483882172022484,-0.56927669954396,-0.758288227519944,-0.745365197642927,-0.612050427890145,-0.712868719234059,-0.676242682258472,-0.684739371176956,-0.74314065580973
"1P5D",-0.641283175156511,-0.632058297186316,-0.49490914347328,-0.581084847517825,-0.53499142998719,-0.526689245013652,-0.615077642403297,-0.646608641234775,-0.62728552481448,-0.499196943325659,-0.587173021861005,-0.547831997042838,-0.555799406708179,-0.637656750577952,-0.823125639154482,-0.808942879521734,-0.688041812607975,-0.769354319788643,-0.73841731612503,-0.741442459442306,-0.810935260461221
"1PA9",-0.551155817244903,-0.532510677332251,-0.468219396948853,-0.510223593396711,-0.48214951511256,-0.458837979012184,-0.549065746957151,-0.751427245300534,-0.708614306711313,-0.568692879797544,-0.640870161014046,-0.586312700991281,-0.58917216457249,-0.725607532407254,-0.910157976781057,-0.888476586460233,-0.742846758611559,-0.830106657969722,-0.789149506101413,-0.79555214979024,-0.887315162509934
"1PII",-0.632671279345631,-0.574368949164777,-0.459397424585683,-0.523005318142903,-0.432549023182209,-0.395756329023891,-0.595973448057518,-0.667748566581157,-0.623261155704054,-0.464748545659603,-0.56189784745796,-0.502888668873263,-0.514593953566885,-0.636660306600828,-0.831153898523274,-0.784429926423948,-0.656116748943985,-0.739932955774748,-0.683709348294893,-0.679032833873833,-0.796466687467174
"1PKN",-0.527317549550614,-0.500701107508503,-0.419434970499031,-0.461854717864321,-0.418834653118723,-0.394891689288511,-0.508040622710034,-0.718088138382045,-0.680139161448002,-0.535245035889435,-0.630241369734639,-0.563522787046445,-0.572663453175394,-0.688332525873509,-0.806752599066641,-0.772003847567648,-0.631336675124561,-0.722916891077631,-0.660730833185783,-0.672575135509443,-0.775299546552359
"1PMI",-0.62344036285656,-0.596035057182041,-0.531411775771365,-0.567393843497979,-0.529842061306947,-0.503110003595223,-0.609101477311208,-0.708566441693679,-0.669150667100553,-0.586479362919324,-0.631136148806178,-0.579192604770216,-0.559831263215578,-0.695134272387771,-0.837137589490405,-0.811122582764642,-0.724095952003041,-0.765197701169916,-0.731097207312625,-0.728677321463182,-0.819083768901106
"1PP4",-0.484708625726081,-0.464253086308697,-0.280497604096926,-0.41089052083757,-0.371381597983643,-0.366462667834346,-0.46386507426799,-0.692859826277023,-0.66235395012959,-0.480943788587713,-0.590917111599367,-0.534592805941037,-0.517508908140845,-0.656441752712287,-0.885912289369984,-0.852527312371817,-0.701333339650138,-0.801155873923183,-0.760275825708632,-0.753410883705638,-0.852408124404552
"1PS9",-0.60644915203784,-0.593609638364966,-0.506950011895832,-0.566012513666705,-0.529389307863635,-0.523467616774444,-0.60202990102358,-0.596879835970245,-0.5738025462426,-0.431916966688804,-0.527016093155682,-0.479666045967734,-0.493795976472756,-0.582544907991446,-0.753377090598962,-0.726566799444856,-0.597901037906395,-0.692037052346254,-0.649727993447441,-0.664063620083651,-0.739023043716027
"1PTD",-0.61509634543819,-0.60525676211088,-0.496776339191551,-0.560468265145978,-0.513130915852908,-0.494030602654318,-0.59086524363274,-0.788263764534951,-0.758851918173952,-0.600290583341431,-0.687246260127616,-0.620676300337317,-0.613373774390723,-0.745323135153644,-0.90096134410705,-0.890636269772719,-0.707379475665805,-0.810127263808197,-0.762099795731474,-0.757673372573209,-0.857655023052291
"1PUD",-0.529540704015423,-0.494350853960914,-0.383424312010263,-0.447097676525214,-0.386999063512639,-0.363205980638522,-0.504566113714816,-0.696380988434856,-0.674039767610836,-0.493613214190723,-0.611969864842153,-0.554434595150019,-0.561011246719891,-0.68639631056677,-0.839772980501203,-0.817846295323662,-0.669344118471065,-0.780489499547766,-0.739434082951989,-0.741723019988742,-0.825783328720007
"1PYL",-0.466120052214683,-0.313263974189958,-0.16810669130384,-0.242785004148338,-0.172634982626276,-0.182314467786908,-0.333826756114712,-0.780445128779395,-0.68944568868981,-0.473068309070549,-0.624860022396417,-0.54239921612542,-0.531494960806271,-0.723474244120941,-0.932825192480941,-0.893230726006372,-0.679468201594171,-0.814461744973174,-0.751573945561117,-0.754163649042749,-0.895050517642113
"1Q91",-0.496499611707133,-0.482659128169518,-0.308413012125421,-0.435878260941025,-0.374040670082548,-0.362552131912743,-0.457259433051324,-0.754835581596973,-0.721374186947607,-0.501959543581252,-0.655661063470475,-0.60604504197261,-0.633734226886302,-0.741387910737838,-0.872636178893624,-0.845963437346417,-0.645765784225094,-0.776312921484595,-0.738447888499104,-0.750214017121457,-0.852011747035814
"1QAM",-0.428741790114112,-0.410067651056957,-0.335872327105313,-0.362423303651663,-0.329561609285969,-0.292955006976336,-0.41994664330566,-0.759781593571713,-0.690122703357467,-0.516560792254986,-0.607636827651252,-0.541372391282236,-0.545330892211527,-0.716431338825857,-0.881154967205645,-0.825972301260059,-0.635102243291372,-0.736352558541813,-0.687863704035303,-0.686331892836089,-0.832077808397988
"1QAZ",-0.0313829798310719,-0.0314762205064858,-0.0211376056159427,-0.0186288486930858,-0.0279484762023193,-0.033670983904846,-0.0239735374087789,-0.710434287934288,-0.665975135975136,-0.534777167277167,-0.59986457986458,-0.539330669330669,-0.538367188367188,-0.675979020979021,-0.894903421045956,-0.873274748840312,-0.757658629282188,-0.822093941234291,-0.780362198000797,-0.774888301432049,-0.872662252757341
"1QBA",-0.482306304832224,-0.458002982847993,-0.414075464129469,-0.440478842987423,-0.410832641941222,-0.394659672451166,-0.475418707242771,-0.625869437987135,-0.59301226129904,-0.487466542284565,-0.556418035991174,-0.502162702280068,-0.496710542470788,-0.614761397143831,-0.782697559356895,-0.758576866026769,-0.657433046588663,-0.721728183221288,-0.682782801526291,-0.685396334821898,-0.767706344555604
"1QFM",-0.505226610617055,-0.479187761538331,-0.434054939119111,-0.447429381432231,-0.440090617986012,-0.421029778267868,-0.480723740379977,-0.62910412134728,-0.589203518062915,-0.488727732998723,-0.555660619667838,-0.512217775519038,-0.503579055731202,-0.609118614418551,-0.755973484512916,-0.72756748271487,-0.634063302531573,-0.693660957657565,-0.656539489920602,-0.651434565391509,-0.733346444244726
"1QGX",-0.574948794998183,-0.545815891646784,-0.455125399935705,-0.5148938647948,-0.472143307874492,-0.464519650841377,-0.544283477883431,-0.771642849848889,-0.747141609922656,-0.631822992499579,-0.699004204320367,-0.651841427399563,-0.651915816210945,-0.742916595940941,-0.893294292621479,-0.876220971387695,-0.766352100938897,-0.829901732291494,-0.800608530072788,-0.803564481713717,-0.864603014823335
"1QJE",-0.334916730918655,-0.318747851802372,-0.186765354173266,-0.278811535478554,-0.229619018481758,-0.24734052182987,-0.313422632108919,-0.687611109662062,-0.646353475269992,-0.5100305856157,-0.574418248685217,-0.521069137493874,-0.528311943078906,-0.654445347430904,-0.877216780286134,-0.853043771186549,-0.701358474111796,-0.790529969156911,-0.741240554513116,-0.756924198265442,-0.855870524365098
"1QK2",-0.578516070727119,-0.542264399479502,-0.423575321186557,-0.503717935989046,-0.431527189004316,-0.407350209267768,-0.549563605001454,-0.732571546986414,-0.711267637435392,-0.565417505648545,-0.663145493381556,-0.624329462601688,-0.61682516378649,-0.717616135747728,-0.857304024877999,-0.838980654662781,-0.699886854445887,-0.782512213722767,-0.745962996260176,-0.745831371712608,-0.832271326147229
"1QWN",-0.534466534016007,-0.517457969287037,-0.485210621603786,-0.496261948466345,-0.47446471886259,-0.452033696224658,-0.51997801754315,-0.656684893682964,-0.617860655504443,-0.525011381034801,-0.574881425313867,-0.526370653967597,-0.519783882774291,-0.628843353367772,-0.794840029833407,-0.768809048293226,-0.681417226964372,-0.729735845344987,-0.694497136553468,-0.690768140468016,-0.773222192998171
"1R1J",-0.467072180889046,-0.427106258014078,-0.303661611012197,-0.378278122117126,-0.330213778946241,-0.339183195942732,-0.43686238917076,-0.640164834441258,-0.583819231657666,-0.44326829339477,-0.520246817437456,-0.45314301964652,-0.450339602656172,-0.602809859172475,-0.766160696370662,-0.725768798755031,-0.581374297592574,-0.66057166824282,-0.612138596734968,-0.612507196199007,-0.729720364622926
"1R44",-0.684630618654234,-0.654792856209553,-0.438324941739145,-0.562764455446055,-0.474416637460939,-0.474643034067758,-0.620639726931357,-0.748571195624084,-0.695885785917023,-0.459514115517132,-0.583977881649646,-0.476985166349883,-0.450424801321394,-0.678126462745532,-0.917949694386703,-0.898225606326261,-0.684864735982582,-0.804608022050622,-0.722822994485058,-0.710652781457155,-0.876511315044754
"1R4Z",-0.566615229305083,-0.514628264754309,-0.360152952074017,-0.467049918665601,-0.388632167018096,-0.391849182151189,-0.518650841400403,-0.794695875965099,-0.75566714790869,-0.573738832046534,-0.70145837256502,-0.594720984244555,-0.569070784424497,-0.770642144247066,-0.921168462895569,-0.906128160066357,-0.701042370954418,-0.833273054835069,-0.773003805915081,-0.758758575932269,-0.88938547830613
"1RBN",-0.620253503193889,-0.522543843791498,-0.390492450778812,-0.476274400285397,-0.370363260147263,-0.317494236785883,-0.584127333828731,-0.758275373721479,-0.662753737214792,-0.546070810385523,-0.670684500393391,-0.532185680566483,-0.450952006294257,-0.749230527143981,-0.933187943334899,-0.883917861479422,-0.699128294413028,-0.834641483127862,-0.730724111761371,-0.654309835288775,-0.90393757077776
"1RDD",-0.487205598709778,-0.438521844647959,-0.262746662987063,-0.360493529231417,-0.316061814701358,-0.307013719949833,-0.44092390798253,-0.757545680126325,-0.710048016499629,-0.529415745544778,-0.663368889175341,-0.558470561696368,-0.52885501595179,-0.736795462601914,-0.899869595699996,-0.859234963064679,-0.653886729678389,-0.780572879802272,-0.720559322889363,-0.705449921158328,-0.857690324620721
"1RU4",-0.34178201113757,-0.342693641835261,-0.281595072469203,-0.318629178932368,-0.290251251570322,-0.281228507678173,-0.331620760129751,-0.716171788573679,-0.662049575309846,-0.565140344627154,-0.610365064781655,-0.544497028106426,-0.535630847692798,-0.682912830705192,-0.856603445606291,-0.821750163775977,-0.702114856088935,-0.756030866385911,-0.705430141861254,-0.707034178795075,-0.819131614191918
"1S3I",-0.501572072073642,-0.482283335029816,-0.368751180471754,-0.45117391377803,-0.386262698455173,-0.357634333077214,-0.477218571772838,-0.696965134884276,-0.663327634873908,-0.496207248075422,-0.597595863930411,-0.546661009680745,-0.541437836609325,-0.675150901343659,-0.863858606331763,-0.833336601333391,-0.656394110432087,-0.760103724109416,-0.720932519858111,-0.728843094273276,-0.829610252524357
"1S95",-0.639685656753057,-0.614922465429866,-0.527086533881245,-0.553078019590113,-0.504596040129713,-0.484962566178428,-0.602922417535775,-0.793616116712092,-0.764368235823344,-0.608907588226474,-0.694577015691567,-0.643253684739753,-0.627099573972639,-0.763558872041844,-0.909429446194313,-0.894168234098651,-0.745621904442038,-0.830372846252524,-0.794330016840068,-0.783091510819788,-0.879695499344192
"1SCA",-0.703236335160783,-0.66146426264313,-0.559639950241777,-0.619670314127385,-0.565150951681241,-0.521099983522298,-0.665466111894186,-0.738301406622575,-0.710169538490706,-0.588602346558551,-0.673861321160591,-0.601970000802118,-0.5823405791289,-0.719269343794891,-0.891041812294421,-0.884349798725698,-0.772739279034744,-0.833313722108287,-0.803191730034793,-0.799924445910269,-0.874995020562098
"1SLL",-0.186113753958841,-0.153349307974262,-0.131257422228083,-0.134178435538069,-0.108803634582197,-0.0972921948635307,-0.15953177001117,-0.651542021790013,-0.605904777749071,-0.52785425638187,-0.569779178891701,-0.517630345633372,-0.507341652106514,-0.634750248972867,-0.796406738403511,-0.772380747664705,-0.693151843272526,-0.740571250560101,-0.707103231221887,-0.70325981928063,-0.788612690094648
"1SML",-0.397410352851253,-0.37299341557949,-0.324265700246727,-0.334572707583534,-0.303318862101534,-0.281492145813087,-0.381779763951323,-0.820827880598252,-0.783695193038777,-0.648535372775802,-0.726508342086932,-0.648531547227195,-0.659713625807151,-0.805702298995315,-0.903644903064581,-0.887829716265314,-0.758761654559507,-0.829609356565498,-0.771525819713961,-0.782575863110295,-0.885605705621667
"1SNZ",-0.510764825712634,-0.446260697501663,-0.365346764589466,-0.359022920044309,-0.292328941040699,-0.245464188461304,-0.460019009579292,-0.684802212088071,-0.643580257467713,-0.520421428718822,-0.581196072246608,-0.51022235847972,-0.458635957633089,-0.682980717926344,-0.880470909635125,-0.855065290811392,-0.715503024312589,-0.778943301891725,-0.725185416127302,-0.700423362248801,-0.861430121562721
"1TAH",-0.528089976739517,-0.529756171193366,-0.438019012342249,-0.499094088396189,-0.482397998999353,-0.486750442227228,-0.520756482135478,-0.735536715141788,-0.701717262314025,-0.580942245003703,-0.668259035932143,-0.619247921315327,-0.602284458735943,-0.733074927059686,-0.902514343053975,-0.873376381268685,-0.731012500035476,-0.822846181228856,-0.790235482638812,-0.788679493074724,-0.880902545695079
"1TLP",-0.608738395445927,-0.576825744213349,-0.470775211926502,-0.530418284872934,-0.465062249133898,-0.444908862049151,-0.582121891187773,-0.632446287623383,-0.604257058811226,-0.468580707849166,-0.552401108189153,-0.483899882677984,-0.462539289564806,-0.630266417951599,-0.879919491292364,-0.869501808688064,-0.730567403064675,-0.816819804753444,-0.770989170911717,-0.766006286960046,-0.861093907074525
"1U3F",-0.522641382834038,-0.496627533726196,-0.337774634833586,-0.462745046231169,-0.338073926058549,-0.306901384564087,-0.512756609922335,-0.785150925686613,-0.7678777903228,-0.589664413097003,-0.693088297307959,-0.64425339735829,-0.620888822385156,-0.764506957953015,-0.903941729873965,-0.903631336504148,-0.689658671997331,-0.818719690617302,-0.74732104731291,-0.730497182119078,-0.879733769777128
"1U5U",-0.112405459537609,-0.108144857493463,-0.119356527810499,-0.102370222277059,-0.0920310956994705,-0.0966214238042093,-0.12231889500712,-0.710024959446254,-0.679924075310341,-0.546064099088818,-0.636168250776656,-0.566983774218281,-0.551444667924327,-0.704214346511032,-0.843461052897557,-0.820602740484027,-0.698511699609481,-0.772201043161728,-0.725944906435406,-0.711771915375416,-0.832659429705454
"1UAS",-0.602948877962694,-0.58976989974572,-0.504720234781484,-0.54830676198464,-0.506851719108256,-0.473237204473763,-0.582701800579525,-0.71328824080055,-0.671302781428541,-0.524981277496404,-0.606888768281239,-0.537527536720581,-0.521095243377369,-0.686846159012459,-0.859979938983904,-0.825851404379992,-0.677248845743788,-0.766883191630702,-0.71617534653792,-0.702639916615992,-0.832367068584247
"1UN1",-0.537168688573765,-0.506975510386644,-0.403424558950908,-0.449813879397438,-0.414113949785306,-0.382677291258082,-0.503427934122232,-0.756378620540955,-0.710651776178666,-0.590409026086935,-0.634098872873951,-0.569621059188303,-0.517069547926499,-0.700077798050383,-0.900481494235587,-0.87324206454234,-0.755359326284519,-0.807501808010884,-0.758140818456309,-0.722290474908799,-0.864617891957943
"1VID",-0.500713725573079,-0.501281228986482,-0.333467861859551,-0.433678781891882,-0.359067605551668,-0.365950912817514,-0.477736667240057,-0.767423089054518,-0.731963461247116,-0.529537478796248,-0.660364940480478,-0.590478863305029,-0.594667458107843,-0.737777573570501,-0.91105942260362,-0.883985341312163,-0.684737928742984,-0.82901186707168,-0.780077607773404,-0.783848149267775,-0.895931198509499
"1VLB",-0.282654587652575,-0.266030860350357,-0.236594612161942,-0.241316495475121,-0.225729895583599,-0.214382391346633,-0.278526655870782,-0.633586721115946,-0.603384743512056,-0.524559575099281,-0.565640123902679,-0.528721803065041,-0.525163481807966,-0.616058115800133,-0.75920858036602,-0.734162710099594,-0.670208059033334,-0.705814991092788,-0.676319994727544,-0.679001148175509,-0.748928534532689
"1VNC",-0.27766616365388,-0.265902322669115,-0.189952504490906,-0.245356739020368,-0.220465794162983,-0.219499736222025,-0.271004731200461,-0.734238125737824,-0.70651859945244,-0.616912503453646,-0.666222402230427,-0.622201228242032,-0.609786376309246,-0.722059314796675,-0.876743190583473,-0.864129990533321,-0.783798636234208,-0.82736387231149,-0.799121542670792,-0.794233909933757,-0.868176407288787
"1VQ1",-0.674595217011092,-0.640232157306312,-0.509300917626793,-0.578502670863328,-0.521424632567366,-0.495282583613996,-0.642988986381111,-0.735639857196761,-0.683146077792407,-0.498713002957916,-0.590555513044121,-0.514016459841207,-0.526873896718322,-0.685400796341788,-0.845121369682354,-0.807414015907564,-0.626773826325935,-0.729951594969474,-0.665140328054687,-0.690576577076926,-0.806089781729784
"1W0H",-0.590284252214275,-0.580171334494419,-0.431094140289292,-0.528509659501832,-0.482767320307727,-0.486982268705675,-0.569875158148565,-0.712921318305646,-0.65802287024444,-0.467265473162594,-0.56432800680437,-0.482300830412577,-0.474684537726042,-0.654001060101161,-0.89926926313789,-0.878030811621276,-0.666471601456596,-0.785772563081754,-0.722264356799211,-0.723381477812141,-0.856729064800765
"1XQW",-0.475468232540769,-0.47701763969818,-0.308418867882477,-0.439543045436548,-0.382385715538872,-0.409788917261589,-0.472426985910107,-0.784959844124597,-0.762180779549226,-0.552847690591261,-0.691404096403623,-0.62459219860337,-0.626608541411169,-0.7605570774346,-0.88167992907925,-0.878027314637403,-0.703502509202686,-0.818965874413588,-0.784761724539465,-0.775863496533893,-0.872912028406724
"1Y9M",-0.607376580699418,-0.58118816676866,-0.548863612657754,-0.554793077156962,-0.521406227413728,-0.489005733015855,-0.592911323738861,-0.715740950278308,-0.677236159670598,-0.583403657871743,-0.620066955791844,-0.558936276155475,-0.534635450271274,-0.687436879421046,-0.846045635150743,-0.81710557364838,-0.723868987301918,-0.769622006826809,-0.721443270696636,-0.703990278233363,-0.815900178352714
"1YON",-0.550275480791619,-0.518403276155402,-0.365468990827129,-0.453783556128801,-0.418550370276277,-0.416657076971006,-0.530663892704838,-0.738610703160358,-0.697016435367828,-0.524465557736827,-0.642983940584162,-0.568841388265382,-0.568172386519133,-0.713718343516973,-0.856202638526911,-0.829710234509577,-0.66431083828696,-0.780860332962745,-0.727556787023517,-0.722466149392637,-0.832497803783895
"1YSC",-0.621192967256342,-0.59770770420456,-0.464745992371562,-0.571852606275309,-0.519696377773441,-0.532076658273895,-0.610952469462331,-0.765194582972161,-0.731062193539257,-0.608765440636071,-0.693335338210438,-0.638620687436979,-0.617941613046925,-0.742986119710461,-0.847940786724469,-0.827567293601716,-0.694040481581378,-0.780043448815488,-0.739387934015894,-0.731310586634575,-0.823028103618991
"1ZE1",-0.493903626016546,-0.481464819712447,-0.395071965868989,-0.415779279916909,-0.397618713081373,-0.332516255167767,-0.455490462740206,-0.729254806418717,-0.667903173010538,-0.514591856390028,-0.607200048299318,-0.531781238590005,-0.475003254864739,-0.693881306069409,-0.827130513019407,-0.790425202779948,-0.633596898567016,-0.731145260290775,-0.678310572855942,-0.639567300678334,-0.791372236333414
"1ZIO",-0.652534601117005,-0.621426974178762,-0.388322166473852,-0.526756951990838,-0.481566909563924,-0.461356263955839,-0.598812271658719,-0.680102829333371,-0.651862343043166,-0.438574857781724,-0.591683225524599,-0.524773695608262,-0.552246132743321,-0.661351390709189,-0.850876437883582,-0.834798337294621,-0.598809977649043,-0.759566900456523,-0.719175459973572,-0.733753948155562,-0.825547496794272
"206L",-0.492352789254515,-0.45698805604232,-0.275910686337734,-0.382216583235946,-0.33164069611837,-0.394709544302047,-0.447989511108129,-0.700683497962772,-0.648939188016275,-0.35793248569989,-0.5310947116762,-0.392266861992122,-0.430567022458193,-0.639980185192242,-0.891080821114505,-0.856863979471695,-0.554502026145611,-0.726587255227198,-0.627336530367919,-0.66133876669075,-0.838002713224271
"2A0N",-0.536582048774143,-0.559086745395051,-0.374938545075738,-0.482311582370827,-0.408199433941262,-0.407538525937821,-0.513691980838981,-0.747292733826598,-0.711030165054069,-0.536960728514513,-0.644287611458926,-0.588141149686966,-0.58454942136217,-0.719641054828306,-0.864888051343694,-0.829969157382549,-0.683189624593723,-0.791466569160111,-0.755699895062113,-0.748404883723228,-0.847997399504222
"2ABK",-0.553235189563376,-0.531149875923005,-0.318259210814405,-0.458935501426,-0.401476621487912,-0.410799614563704,-0.527693294282936,-0.715389430385406,-0.661657362578403,-0.423061790217294,-0.581887047942668,-0.476254774466346,-0.479023006859902,-0.682748048696363,-0.869427638728076,-0.831456771890646,-0.628548114536359,-0.756448266038537,-0.692802128526981,-0.684839649768078,-0.832338863942287
"2ACY",-0.449677695875111,-0.365642474872743,-0.15098923130175,-0.29249740238874,-0.159099459003951,-0.12089467567723,-0.419812674996879,-0.85259708381947,-0.813323642484173,-0.476617638620584,-0.693667157584683,-0.54261742185159,-0.520137202022327,-0.798953133268303,-0.946319917111372,-0.923493577746012,-0.62678945451637,-0.830624772382833,-0.689537957446084,-0.672665482947339,-0.897457384117085
"2AYH",-0.497714975794234,-0.454970375348169,-0.391188674827233,-0.388178301989768,-0.36372369099793,-0.337313592749052,-0.436959566291316,-0.721868179299662,-0.68839719473109,-0.529608688864331,-0.579215785913044,-0.526384649999541,-0.492433671798231,-0.664816283049306,-0.913240192392187,-0.901959815035981,-0.744718321369104,-0.812828030489337,-0.772948701429896,-0.755286699262955,-0.870599948966233
"2CPO",-0.196107008188207,-0.167752890178601,-0.0668469015480153,-0.116378240220609,-0.0797795553880077,-0.0880631196945316,-0.163932497170118,-0.773014198459194,-0.717839661230382,-0.598626837611372,-0.671356105555113,-0.598487625916864,-0.576661771584444,-0.750139948564226,-0.890537923940659,-0.852519552002446,-0.723451203124435,-0.804010584509367,-0.747967668230237,-0.737492723509819,-0.868302171014407
"2CPU",-0.571102856954817,-0.537705282485594,-0.455588429709564,-0.503628342916276,-0.461410795894726,-0.451165606089522,-0.548176844874941,-0.690577447453509,-0.657766511926104,-0.518239004911331,-0.594147957305852,-0.538020171678915,-0.543496147316181,-0.654656958774106,-0.856446401342883,-0.838820575509947,-0.712625573007451,-0.791911899321884,-0.741526706068755,-0.738400924040573,-0.834798989187389
"2DLN",-0.701238903850581,-0.696498585504758,-0.547850060819922,-0.649159913271808,-0.608201987684631,-0.580717692291432,-0.682044719809788,-0.707578760665371,-0.668178377240788,-0.464730068884498,-0.621173580768881,-0.559062148915742,-0.558152484040554,-0.684283884964249,-0.841859692871595,-0.804640995422987,-0.633060285408048,-0.769861421958637,-0.716809898997981,-0.724111763160153,-0.822244223840699
"2EBN",-0.354037437729061,-0.342249374050708,-0.307790282364041,-0.336850399415262,-0.316133162612036,-0.311847159512096,-0.35349624430425,-0.763156339583323,-0.717290196830597,-0.536481309646617,-0.635648265744633,-0.559385092298361,-0.541786456686382,-0.70715215103651,-0.896718965250172,-0.864704087207506,-0.716962594876969,-0.809607531593864,-0.750443912278211,-0.728942196474969,-0.859920819198746
"2ENG",-0.540898585260196,-0.498078599346332,-0.405232896085077,-0.448573845377277,-0.37724365105132,-0.346419752341314,-0.52019934514764,-0.765148834812163,-0.726988062570517,-0.571719296290621,-0.649284729283615,-0.573824016938056,-0.53026841804683,-0.745522419244752,-0.901162486125299,-0.8821405922,-0.75062343927975,-0.827455522721345,-0.770713297491837,-0.755329592608797,-0.885707676570424
"2F61",-0.509068597359517,-0.499243029103498,-0.440005853230537,-0.470530039936471,-0.431228646656464,-0.417029186389225,-0.485160183800041,-0.735919109683362,-0.707604644579486,-0.583473538471404,-0.656005699959571,-0.596811045049934,-0.577365084404601,-0.708327305457307,-0.868795267470276,-0.854744630214413,-0.73053991711761,-0.796746611321145,-0.75524782962343,-0.74671916375459,-0.842106033479204
"2F9R",-0.343234306327397,-0.308281294855784,-0.106872189777344,-0.236532665826289,-0.155749331444551,-0.202932644053696,-0.287314879196138,-0.73858957943465,-0.71387922677767,-0.536361044441104,-0.64466504585111,-0.58962816279347,-0.587332237814076,-0.698303327510147,-0.915650566517604,-0.902424336233799,-0.753917466904467,-0.838189548900719,-0.799084443241327,-0.798194451000444,-0.888146533097953
"2NLR",-0.350937950463155,-0.314390060053081,-0.228332183054245,-0.287873590496814,-0.269766908759982,-0.25474116526701,-0.3059824658529,-0.700107103430765,-0.646651907269159,-0.490895111575671,-0.582981029037479,-0.504116051201253,-0.457111190690721,-0.671357537355955,-0.908781092390071,-0.90033174381145,-0.750602653166829,-0.831662252519779,-0.782615283222862,-0.758576430715352,-0.89667434997721
"2NMT",-0.497411911065318,-0.462587708899893,-0.383581905504912,-0.428224738054431,-0.39976619875414,-0.389777191420626,-0.47706998911832,-0.726248048829034,-0.686731143231498,-0.618216310180516,-0.659420697729396,-0.621973863670205,-0.607875373517855,-0.720959977312885,-0.840477574681744,-0.811018899264398,-0.7064775310089,-0.764299657498394,-0.730865362437097,-0.725129572220282,-0.824990597640634
"2PEC",-0.45464949578156,-0.447572015351385,-0.395303406768397,-0.421334326413013,-0.403095706393751,-0.390651716728636,-0.450341320662962,-0.709796538054328,-0.640693269588454,-0.50991446388047,-0.565147553107893,-0.506247922678518,-0.487066403851106,-0.661890478108608,-0.867629301064232,-0.820366395656579,-0.707538829968485,-0.75845847346368,-0.708861670622901,-0.692425792628555,-0.827715311219568
"2PIA",-0.613853092347753,-0.590181552841293,-0.491809857695662,-0.534415218288593,-0.495898126278634,-0.467169585750746,-0.587717634493143,-0.659109247112092,-0.626123236779474,-0.505483035351483,-0.586188831485459,-0.533444955592965,-0.511473268706101,-0.649705404307192,-0.817949124815071,-0.794197837475368,-0.643993580578663,-0.741488864752048,-0.703243762333524,-0.696125254355465,-0.795593989878877
"2PTH",-0.486375920366649,-0.459131081962966,-0.352699488461238,-0.388429069259596,-0.321373392130798,-0.310691498812983,-0.453805161412196,-0.761612961380268,-0.705913479514983,-0.512983414347524,-0.605883766892794,-0.51559745740078,-0.520897321190107,-0.711148242615245,-0.919933500439658,-0.900018823563549,-0.732524853565248,-0.832327315253265,-0.783900874082197,-0.778580260999093,-0.88889018108253
"2SQC",-0.498937440468948,-0.499157263687062,-0.426077420675849,-0.473665735534657,-0.458982492442184,-0.456851480161473,-0.490764900061287,-0.649284189743563,-0.644734433888666,-0.548046997981967,-0.601855345961889,-0.568065893967299,-0.570153057679702,-0.639119533236012,-0.765621422447516,-0.765621297899483,-0.689915946486798,-0.738262329572229,-0.716888093531601,-0.725788968565036,-0.759376957691826
"2THI",-0.1305248240998,-0.11740837970325,-0.0191664616075995,-0.105919127233197,-0.10048646904222,-0.126219753629362,-0.134639792007819,-0.739023540963295,-0.686712088052747,-0.53385272760411,-0.637270765536326,-0.578567416380512,-0.570592217990274,-0.712674802918851,-0.856947962002344,-0.826042032667271,-0.690708665719823,-0.783394169579191,-0.743060763237445,-0.732563478260392,-0.843187446204398
"2TPS",-0.63164602889049,-0.599374265137156,-0.444601828242413,-0.526352284886982,-0.444396507364865,-0.421494133023689,-0.601456582695276,-0.744845814977974,-0.743397658310917,-0.582364300287188,-0.677179577144491,-0.647831793432355,-0.667989552064247,-0.720629475134173,-0.907521040323441,-0.889893721931726,-0.716091715810016,-0.833213359251777,-0.798315913359133,-0.803375423396715,-0.877988226716195
"5EAT",-0.274063643069869,-0.238043293915721,-0.157623058634205,-0.196721985642868,-0.171726910984884,-0.179894769828726,-0.247296640757349,-0.665115901337916,-0.621116820416227,-0.479084552733951,-0.557136234232033,-0.521946421687507,-0.538927851954113,-0.638432982637852,-0.812372134539301,-0.78636022862887,-0.656371029881273,-0.726128536656476,-0.694502852255342,-0.705058177593176,-0.789901223073024
"7ATJ",-0.661133594886284,-0.609728944772507,-0.432563415637936,-0.543615014238599,-0.452563747824768,-0.468349977343354,-0.613960178799153,-0.744293170244802,-0.693760679422761,-0.507588522898374,-0.598482041651863,-0.526001962476103,-0.543509871593158,-0.700638227681064,-0.869472722932246,-0.830355059728661,-0.673030989906014,-0.770505566427992,-0.707896388011157,-0.706281437641681,-0.840685406913796
