"pdb","r.seqent_ddgent","r.seqent_asa","r.seqent_rsa","r.seqent_wcnca","r.seqent_hbe","r.ddgent_asa","r.ddgent_rsa","r.ddgent_wcnca","r.ddgent_hbe","r.asa_rsa","r.asa_wcnca","r.asa_hbe","r.rsa_wcnca","r.rsa_hbe","r.wcnca_hbe"
"132L",0.597512175566689,0.535523624518484,0.541964999059899,-0.527934916892162,0.220395321653384,0.742089784722124,0.730665445616754,-0.561378442171519,0.331971707879615,0.960698597414577,-0.746101012779419,0.443686061546094,-0.816370337019186,0.514402423939871,-0.516435066025878
"13PK",0.462321840679066,0.445300883408039,0.436090266945205,-0.542077775272974,0.0136685621775628,0.807787521220756,0.792999127530461,-0.645877825684007,0.261468841718786,0.985027955316373,-0.765222076046173,0.344412670635616,-0.786759941893344,0.375219804449883,-0.332179601639091
"1A26",0.598248418248418,0.566448704337652,0.574162481303212,-0.490641025641026,0.114191565179472,0.819700886876246,0.824918359146008,-0.609626484626485,0.238830959613034,0.980016399049109,-0.70076774068383,0.338670918186571,-0.749474833268389,0.395434740846378,-0.447505407230367
"1A2T",0.485545918394304,0.472469503453731,0.458720067159686,-0.389945984230403,-0.0757712799065651,0.841120410285848,0.825970034704242,-0.66213045050437,0.191185117776103,0.972444859465328,-0.80260386901595,0.309322682512951,-0.847077223486648,0.372892645282995,-0.409390892577736
"1A4L",0.552199824966948,0.541021495228356,0.529939511364713,-0.495836031602441,0.032298263267369,0.820950576382198,0.813818113499466,-0.64348985346472,0.181075603990875,0.987727214704108,-0.789273343974731,0.271036809813145,-0.810174930123979,0.310875448445844,-0.335401106722875
"1A65",0.535152478982913,0.542887760362068,0.541190875793644,-0.481900921748633,0.294974610959147,0.799236651141112,0.773136440531926,-0.63621374065836,0.358628495375058,0.980673328010767,-0.766197878253258,0.474138585939348,-0.797589847355989,0.508492928629546,-0.412667119403882
"1A8H",0.260516557646025,0.271612148468826,0.269809083917417,-0.253503553822536,0.125557388805899,0.795474730627907,0.809736114093672,-0.581218580874323,0.342048419261719,0.980884026020716,-0.681225834092726,0.379164034669353,-0.71429401747544,0.428684799785251,-0.40736014726539
"1A8S",0.538951674107973,0.400447665967674,0.407198229299188,-0.419758975232293,0.0560667402906042,0.794098722457165,0.781877441584349,-0.667561774850311,0.275752522998331,0.978209652931273,-0.812443659333926,0.417416565403838,-0.8488528963404,0.458110105664183,-0.367055724624291
"1AF7",0.537495305831766,0.51284056290525,0.54394675413854,-0.609706877479488,0.18645310040858,0.817233835219661,0.828161122071766,-0.629258916266216,0.408846193758487,0.975771884032444,-0.719823816955429,0.484454567182025,-0.763217699426415,0.53177118420721,-0.433406740517656
"1AGM",0.493750156398524,0.399585864172332,0.388425259036233,-0.275942105605546,0.0218569253011972,0.774024789483749,0.779381686186182,-0.612726948572723,0.35587529062994,0.985350432096965,-0.780055312283327,0.44998077128601,-0.809777172433532,0.473941259877619,-0.470442610096181
"1AGY",0.626731879133777,0.534361316176307,0.51113952389495,-0.455337256336723,0.103742720965936,0.819557082543307,0.809252930523179,-0.675998041117693,0.355172108550547,0.979162375039301,-0.824099401185718,0.467520380557271,-0.871265811883316,0.509753424694374,-0.594669981261987
"1AH7",0.425752495534577,0.438434253071792,0.451433975700203,-0.446940772214342,0.114956153183449,0.783052346349529,0.812187912703911,-0.655598168895707,0.338684571941299,0.984002426101349,-0.786721394760691,0.421388645866072,-0.816893069241865,0.455322989215122,-0.485850399719007
"1AJ0",0.436587941151476,0.463371617378486,0.445758924930235,-0.482747451333491,0.0196695337685029,0.783913545151379,0.769749583475235,-0.60658404459997,0.316246442018178,0.978988458062603,-0.782705589688466,0.400226466812397,-0.814139605655084,0.438010466118918,-0.438464844505666
"1AK0",0.580002572899227,0.614261569293912,0.624940700677367,-0.541205274476015,0.172731918301002,0.777153861525657,0.778345724529332,-0.597384708698289,0.26127974398908,0.97501787774723,-0.76262515401944,0.404627214952639,-0.806452659822494,0.455147336214311,-0.473565540108988
"1AKO",0.460315479275463,0.441555860966733,0.449153153289604,-0.426081288986624,-0.0101388889389503,0.851898195437555,0.847060631495602,-0.732355099320656,0.320391958301529,0.984326485639359,-0.799137163399317,0.390023459836974,-0.832358585348448,0.411807387913748,-0.450994058604062
"1AMY",0.446340453641235,0.417066985093827,0.430870763079338,-0.421588101604065,0.0737970171891858,0.789381159951964,0.777644023170563,-0.622970693054639,0.221090013878067,0.976348713148221,-0.751478699881798,0.338502283881571,-0.790789599977029,0.374242488226357,-0.322312973145417
"1AQ2",0.515511735760027,0.521277842136013,0.517702045452249,-0.583758918684538,0.098356786686452,0.812514808459575,0.805806518097019,-0.601664775652272,0.347231584369159,0.985364369915689,-0.753354098670002,0.469372875444538,-0.779881202444047,0.493039255737405,-0.436252255752773
"1AQL",0.527959690034109,0.511750041927985,0.504749889714396,-0.466488470858652,0.173665340054308,0.8248516756717,0.825979331716827,-0.635797207586333,0.308365610728678,0.985642091605117,-0.736290832779424,0.419595913056051,-0.761780985785128,0.454044638927267,-0.382143745030742
"1AST",0.614610792888463,0.553202369643413,0.583361379298939,-0.524546772091332,0.0736603975715389,0.791000527704264,0.784550335199179,-0.579828995724893,0.208122712418907,0.966573158125439,-0.735650467042914,0.335242072566566,-0.808022520310383,0.384074567630714,-0.374732368090081
"1B04",0.404530841648502,0.414616147133784,0.434473842934299,-0.409674211838717,0.0481230744282819,0.80984615691385,0.828912014595339,-0.611649679816077,0.256040686300894,0.9730002090142,-0.685155368522484,0.309858318007355,-0.731493864639918,0.360161269462375,-0.288924021755661
"1B2R",0.447290768196908,0.448224497368443,0.435305798129435,-0.43845411791571,0.155415526110043,0.814222943531411,0.786381660034994,-0.624388362766087,0.356551603621466,0.973521241496508,-0.75326964913091,0.496657348079016,-0.804221662968736,0.53725250334859,-0.458266360964013
"1BBS",0.609860985234919,0.615362942874564,0.591981621744848,-0.543518312395744,0.180128780511162,0.798846948730166,0.771346855216192,-0.543630123999502,0.331332205458073,0.980122876076956,-0.744257034722876,0.522966986809845,-0.764069885834724,0.554070208054681,-0.440790688202326
"1BF2",0.389415306738496,0.363363083350936,0.364666030729198,-0.407490195932499,0.0830337223839619,0.752804583565771,0.741571459779353,-0.558577874805111,0.308545611633304,0.981746147065917,-0.748862234251052,0.434788928351139,-0.781409414314934,0.463733862736118,-0.357339121389214
"1BG0",0.578462514789977,0.550209016028527,0.559186284598079,-0.58921551183326,0.120934376819668,0.786790810345108,0.781179468246063,-0.606686782958159,0.203266796052499,0.980373942737592,-0.739286343817155,0.338486511096253,-0.775535305380602,0.378274193961612,-0.307486748635756
"1BH2",0.475614010222704,0.484159670083158,0.522015210167131,-0.505970827773603,0.067916127127268,0.801761970268142,0.823833856008163,-0.541845482851691,0.331950327540649,0.98069949341657,-0.705016464510632,0.434767710031475,-0.732059056308302,0.46237837201403,-0.391917745528985
"1BOL",0.489785498711869,0.463233334000563,0.469932474211497,-0.380822951955042,0.119683949355453,0.760029011725358,0.744104319698443,-0.536640834979004,0.258996222839247,0.966868477124181,-0.723316483441002,0.416547918851857,-0.79495756774881,0.450670712499712,-0.514328023220064
"1BP2",0.637799899973726,0.595108166973864,0.571956689819616,-0.538308353333004,0.130365980840567,0.825866959418766,0.816672756505478,-0.615224877790819,0.163426391210221,0.972010379683037,-0.712991873516781,0.225575396423671,-0.763609345784426,0.27276481479175,-0.477302988503485
"1BQC",0.495657701348359,0.496332844155888,0.494984211799507,-0.498253038150716,0.167164104874318,0.778977625511172,0.765956564502065,-0.63366314849786,0.292403635922504,0.97755729438098,-0.803598431742111,0.401620768450784,-0.840903245905762,0.433254662577441,-0.437273953665334
"1BS0",0.429008079474804,0.4701852423262,0.456163659123552,-0.452574337170708,0.0209478795616144,0.789161194997538,0.799720299598372,-0.597877052205651,0.299892749997697,0.976192625298961,-0.737490499525811,0.334284274406605,-0.772869976558412,0.385651560036758,-0.246529781438144
"1BS4",0.50024790525092,0.510964358028852,0.513781722884993,-0.514296455425716,0.0970210802600637,0.830432897537855,0.830595261932245,-0.62150171339485,0.328452501952977,0.979072948818956,-0.75740662585301,0.398841506853056,-0.795766515251893,0.451742949188803,-0.414686236389992
"1BS9",0.543418348514645,0.454750882931924,0.451382223713478,-0.40069244226844,0.135748628052083,0.780087287351852,0.748255917752732,-0.592601010920977,0.300376456667021,0.975603368227081,-0.787337543476568,0.487822575335801,-0.834430350671208,0.52795743002604,-0.534059285019212
"1BT1",0.506695467164533,0.521178824662179,0.52239245980557,-0.437266148201036,0.112164895645102,0.834835730094473,0.835338319111628,-0.681942449684599,0.277315311994951,0.983384536032867,-0.799006485122392,0.340860058237243,-0.832637640919472,0.380656183918226,-0.434154757985057
"1BU7",0.431832574467607,0.376156065139673,0.365992117663303,-0.290322397773034,0.0937130511135804,0.841572159976375,0.837617431036038,-0.621977767189916,0.340340905017046,0.98091801751109,-0.723010536045298,0.428018554952984,-0.742718408771988,0.461482122160144,-0.427450321119651
"1BVV",0.513396516613983,0.440399188975399,0.427558928384285,-0.34923623792711,0.213218335874237,0.781565189907095,0.763525987729544,-0.604467230203556,0.33358579532452,0.968302465891083,-0.782347379518113,0.534875620074948,-0.845153812728506,0.576852846429436,-0.560174805578707
"1BVZ",0.50889570544876,0.470145307672588,0.490691291155679,-0.44657502800148,0.139723749977301,0.815212699697196,0.807898178837315,-0.558243633499606,0.346705876455598,0.982169603604275,-0.680172807854634,0.374551948618007,-0.710792454419719,0.425011185354352,-0.365211340200447
"1BWL",0.534590065639094,0.504487576609825,0.497270791079346,-0.450273870176599,0.0372842558081628,0.812020571974497,0.803212143019995,-0.630162655382174,0.216026639990457,0.983425002371343,-0.765335359261727,0.283332257030307,-0.78914140377822,0.293295224361177,-0.3059656297317
"1BWZ",0.528132179394837,0.532902685005236,0.502590971612092,-0.544666326596004,0.264641534939352,0.830512468244795,0.796088446725803,-0.598933621123402,0.469663518811888,0.979291258128215,-0.737080384794496,0.574642790305579,-0.758949473365274,0.608324662597803,-0.5180863212734
"1BYA",0.522649915655513,0.521990079476322,0.518444584904474,-0.423860452173896,0.0551698654680903,0.807663859109858,0.79785907597718,-0.581972163958723,0.296298377479495,0.985488808798909,-0.722306674520233,0.399373161841516,-0.749837751136812,0.43080745202658,-0.397116167124073
"1BZC",0.57753328999416,0.582243207276248,0.59089633412627,-0.596827533799373,0.128132964761578,0.863109051055451,0.863191510624278,-0.75353068138303,0.373480692413425,0.98737092819967,-0.79520034177173,0.408776973154183,-0.815847693589207,0.429894246986001,-0.365071552011393
"1C82",0.497603966098587,0.470169435629027,0.471765151652619,-0.411504488205144,0.214677450774552,0.83350464709567,0.842582184281863,-0.617805344521885,0.440916151207985,0.989142484871709,-0.725115300352229,0.510070691995244,-0.73913105331521,0.527318854520598,-0.406244285043456
"1CA2",0.673011145430313,0.610089535303306,0.624154663064281,-0.547286751868913,0.131170969174713,0.816216853294252,0.812884138485975,-0.700878347447928,0.351986540751904,0.979709728537445,-0.795537268216305,0.441564689350362,-0.830021273263022,0.470984793069064,-0.493320193770398
"1CB8",0.513376043315506,0.512470764282563,0.512797895160535,-0.500260992382456,0.172149745248474,0.809484732990389,0.810726548606763,-0.586390497004471,0.335301286833992,0.986834858426138,-0.708328735764283,0.431311209088259,-0.731464818021545,0.450378278687301,-0.302021784330234
"1CBX",0.493114295868202,0.486636893079969,0.500249056642393,-0.488196320872592,0.0796738591306443,0.754681817202323,0.738164013633733,-0.602237578478238,0.279944221150565,0.981278647745238,-0.792561169279887,0.464700389724119,-0.832318061941945,0.489711742158381,-0.506110342306768
"1CDG",0.475598996369567,0.392176072492705,0.397319948071135,-0.24936360866979,0.103343758626294,0.763582260885051,0.745425889185502,-0.492337127828715,0.282499199350606,0.980805524945818,-0.692346717953159,0.363547761785769,-0.726829251174581,0.397519887302096,-0.285744364464512
"1CEL",0.666443119053276,0.579641288520619,0.579172286215071,-0.510784275983959,0.218188730910314,0.820921496757819,0.803021886580412,-0.60743035822191,0.325706234128028,0.978528521780979,-0.752686716207538,0.470421789186178,-0.787236977219353,0.498589425192059,-0.378589544735516
"1CHD",0.516828727732779,0.488716879116075,0.462576326552701,-0.389138956601533,0.0752605338658211,0.842006727428247,0.822574142153087,-0.711920624503845,0.277477694828981,0.976473929805959,-0.788704609304671,0.439175466338995,-0.84042640682452,0.482115536361618,-0.479115465554989
"1CHK",0.498598916165266,0.439477381960204,0.422456168221276,-0.326498376382195,0.164450950080004,0.786487611838945,0.753327308913807,-0.549948171631345,0.395873511462044,0.964922164644184,-0.713722078358627,0.502153943381007,-0.779577514198768,0.561768079042567,-0.550820413365731
"1CM0",0.435029588137083,0.371971096659057,0.354653165529989,-0.299586062456161,0.146806867656672,0.80866284516958,0.795062733456612,-0.674591178458877,0.422630878882461,0.971725067260489,-0.820500593741797,0.551243556497237,-0.853611445743643,0.59318605470012,-0.649015775920474
"1CNS",0.689704082430626,0.600593529969423,0.595434060778624,-0.487736483788283,0.274327524512723,0.79451945591592,0.767797533099935,-0.591468585507333,0.433414686200787,0.969995581199201,-0.760874245479881,0.50484304660925,-0.817212877801819,0.541935913418882,-0.551462402061489
"1COY",0.445226072612026,0.385198915530533,0.378643088074632,-0.458994783885036,0.125006001246283,0.784398161604494,0.770241842574481,-0.557167163680607,0.301844793811067,0.980736547562942,-0.693128410063992,0.385122328679316,-0.716884273009317,0.41814455138057,-0.319761586867956
"1CQQ",0.507213185592148,0.414870068392396,0.367339685141525,-0.297081185633301,0.172833970905716,0.825615620343733,0.794002056093487,-0.70641480704137,0.444902841345537,0.972294049796554,-0.820776710027731,0.571030428241173,-0.86470666570575,0.623991336571061,-0.556589311237949
"1CVR",0.425283802449167,0.379935847559812,0.37567886456428,-0.364008677476661,0.0827273662237102,0.806113097615849,0.800937033418573,-0.655026592530277,0.27337577322193,0.986599326210254,-0.771804052887152,0.386380001630465,-0.799388320819051,0.415528387285934,-0.366114508563266
"1CWY",0.559167764926028,0.531939433734271,0.542335667321633,-0.574469301189808,0.00471412530316485,0.807349749425291,0.810705763002934,-0.592369889479558,0.205463315888203,0.979327445086958,-0.69842977154737,0.275734222273204,-0.731567681228891,0.314978740375691,-0.232824038985964
"1CZ1",0.619653582361375,0.564927361010343,0.559309283101651,-0.56151706459782,0.112404606951662,0.808517701738244,0.80077651841431,-0.667597202799947,0.201284076175139,0.982984356857422,-0.795347023299295,0.343307241422554,-0.825970617857997,0.368382601056294,-0.360641426960028
"1CZF",0.52840301946272,0.478248073148342,0.447731813982157,-0.341151435611327,-0.0584458423481478,0.775102177588167,0.752625016373807,-0.49910530750865,0.183990362432425,0.977908868852274,-0.673520502930434,0.349090846841247,-0.72639231606213,0.4052026501924,-0.504142318169375
"1D1Q",0.499676448895137,0.503027248785187,0.493516079072073,-0.52943419975917,0.162682553608632,0.835878990667991,0.803910568645644,-0.681848578934798,0.426818505405626,0.981232815620242,-0.797870950861523,0.510532691680707,-0.833878177925503,0.545373913264218,-0.585895575334366
"1D4C",0.455503094827781,0.448347495135599,0.435563142387631,-0.415784814989833,0.0803416371780631,0.814750800146999,0.804605537950423,-0.601902518369676,0.247094637777646,0.980672139910215,-0.712509857584766,0.357720778976837,-0.737298253946016,0.377212417099833,-0.280165632451934
"1D6O",0.57424314628276,0.494094896881656,0.416601289569607,-0.296295976325087,0.145678524200462,0.814660302717638,0.780815512759447,-0.631859950234135,0.400266526203972,0.950295794316841,-0.736590079552823,0.449063592362882,-0.81684953143752,0.551139725423924,-0.606905957565431
"1DDJ",0.600290447535364,0.575986998604244,0.548247384112691,-0.618095490447741,0.271088501424445,0.826769049230051,0.832273487834565,-0.73549947919487,0.454164293114566,0.981344502691996,-0.814191644659051,0.526683427510963,-0.843416319601456,0.563598140278019,-0.530992462990574
"1DGK",0.516539423007719,0.523614228875662,0.509267770193258,-0.45621942080917,0.0916398223148009,0.832098250986783,0.818931032647894,-0.561708051565357,0.304644953041822,0.985595935114437,-0.693630928978265,0.405304241185106,-0.708542749812079,0.43153095408459,-0.329128697753975
"1DGS",0.392556177479519,0.424463674644694,0.400084697048486,-0.383234167953026,0.000153553047910117,0.805105882752139,0.806146704482828,-0.492953908978048,0.240016096143482,0.974710084787982,-0.60434812341625,0.309994122358074,-0.644258755938681,0.351801353623159,-0.292662366128386
"1DIN",0.510486713159963,0.568911276002927,0.566988282234715,-0.549193504437268,0.24248354119585,0.795960289554387,0.808012355178881,-0.686312799232734,0.352196308396768,0.979773779496346,-0.839056678636145,0.46734412089435,-0.866369025378118,0.503317413303039,-0.458258490688457
"1DNP",0.56257085921883,0.528991943037598,0.565050206039317,-0.534651479390535,0.13771082754348,0.820114417602491,0.834380850198001,-0.566685859921808,0.211344175173782,0.978645085607059,-0.654361887191491,0.294517124414579,-0.688532270803606,0.330170496561187,-0.241615358526353
"1DVE",0.573328517070692,0.525969120743211,0.540065907105107,-0.485454172546691,0.263203589806619,0.828504735992827,0.845974529533732,-0.617279770778551,0.360620149731392,0.977123708298014,-0.741882743486094,0.427589392813397,-0.786249428191938,0.477377690337349,-0.567658738981672
"1E0C",0.541387360135385,0.503831281618637,0.505218708439694,-0.456658332435784,0.240237533389317,0.842297586336305,0.840309222636231,-0.706079187185924,0.436064692782109,0.973669851801179,-0.757399460293581,0.530265953425682,-0.796249061495195,0.57994571673302,-0.536028823051032
"1E1A",0.366413921113269,0.345944428197099,0.33340557498063,-0.329650790632493,0.208029999407676,0.834080132755533,0.820295617050073,-0.697682817064796,0.370893508536003,0.987511048868624,-0.808256377950711,0.539334564874684,-0.8392795615343,0.562565156360756,-0.514367122582461
"1E6E",0.520670403039359,0.542460916818595,0.54271556076808,-0.644329421017287,0.0983002785355225,0.811923463915366,0.811237456318934,-0.595197436943241,0.288675243667497,0.977353175117611,-0.679027141099699,0.368113874093814,-0.718125175878994,0.402486832293731,-0.349164014699028
"1EB6",0.50144128391129,0.480307405140575,0.47458905700468,-0.374636432887242,0.0775878606898208,0.735907576065251,0.725696058016356,-0.517091982479528,0.246066368536392,0.979940658558263,-0.802721070370086,0.485504547255466,-0.830966451385927,0.520911873968085,-0.610848929524713
"1EH5",0.621248439036789,0.565744625342274,0.558807986253827,-0.539105858170606,0.0332861854331041,0.796269956280145,0.811194252065136,-0.676323088994242,0.279686363413787,0.980304045632856,-0.779706370894374,0.318057943449748,-0.818629940317435,0.362027175834108,-0.344919847682651
"1EUG",0.625955838140012,0.622275192288959,0.599269231842199,-0.605501272637137,0.071653378718405,0.827390783431718,0.813603328231942,-0.661470712178677,0.238377793799841,0.977065928089139,-0.782713367703863,0.317277610878243,-0.81784792517144,0.358693243755294,-0.304865504589824
"1EUU",0.230715888796526,0.239992008203235,0.238613764603199,-0.061519938070054,0.106562758118854,0.799189200188995,0.780404839285576,-0.539364514292348,0.351189560557877,0.975517254764568,-0.672509505781849,0.47249081854065,-0.712018664367137,0.520891554829932,-0.394260735807928
"1EX1",0.563007610960488,0.479854390325852,0.484123874697472,-0.429865787480886,0.0868255995743853,0.795375957696237,0.79279653268861,-0.591462370735144,0.206137280667514,0.986805569202911,-0.722322604988805,0.347795694615387,-0.747770337189899,0.369197864845748,-0.288015769858203
"1EXN",0.210601272585121,0.26007541213935,0.264587335304871,-0.306930572706614,0.121274368088184,0.81140715597595,0.811974483569881,-0.616799839612447,0.320871410573863,0.978488094153422,-0.731646158240166,0.416933570970715,-0.751260333002785,0.448101240925353,-0.338871908603833
"1EXP",0.51685139763693,0.502776267607491,0.509556813342855,-0.494842517630118,0.0818862145670238,0.773926592035906,0.785359543014207,-0.58012942339499,0.253016167331733,0.973314943583825,-0.761609125004187,0.350380116289035,-0.809792894722011,0.383055393077228,-0.402991574716892
"1EYP",0.366315572051643,0.331641079859089,0.350054654490163,-0.245951790506969,0.186594672040823,0.827934765111209,0.813536160122005,-0.660402547629513,0.419943204340599,0.977695277250531,-0.782697713092873,0.547880742818738,-0.818273494498299,0.585727889071333,-0.539082559505286
"1FF3",0.562777133621727,0.49108464802408,0.49454273660816,-0.457179757901625,0.167587138888541,0.796649174477931,0.799222428522216,-0.683457674777206,0.360561675398811,0.970893586778001,-0.775640488926133,0.499813506743058,-0.821802411686699,0.546555591364985,-0.541297479694177
"1FGH",0.564495813342458,0.553025284977506,0.541723793421533,-0.628892113495289,0.10120167980631,0.782763433506163,0.765525941256895,-0.567525737672371,0.294237618085945,0.987400909633868,-0.715858931708044,0.419495630734857,-0.724625065351894,0.449296416072851,-0.30382546287159
"1FHL",0.53094214958546,0.475988166241587,0.472164584855469,-0.463861788323313,0.130102613312725,0.789064430858685,0.788761671824476,-0.636644097847065,0.283278673694803,0.982753542607078,-0.780525719865422,0.366601810423019,-0.817807363579426,0.404282432266132,-0.482329577087132
"1FOA",0.577776507820512,0.577217683164897,0.579199733866382,-0.564283261868238,0.146372248899557,0.828261185184861,0.840372944911807,-0.720770896059348,0.335656346776793,0.978556573425027,-0.779777147699938,0.421926129349047,-0.813676280589795,0.464124539443394,-0.401497483619281
"1G24",0.27111790678765,0.319748988263041,0.355627544077507,-0.422231148746489,0.15050684590692,0.77382616038563,0.78751086079358,-0.563225599543883,0.292797935685117,0.966186874449661,-0.738249078808002,0.409697978500789,-0.794868703346056,0.458211611536182,-0.470763863027778
"1G6T",0.60033865027984,0.573384406264673,0.560767032113583,-0.576498031544306,0.0417318038618799,0.770137287242992,0.745312192416266,-0.520249118427433,0.272697604740944,0.986223825116764,-0.743278370588308,0.382599596240995,-0.774015843654598,0.403516609490127,-0.301841977020827
"1G8O",0.618649931299443,0.530056699875933,0.5397394507281,-0.408543781879927,0.182711378153234,0.831478450541411,0.840598988934428,-0.652798928713563,0.318222078538122,0.986611864783079,-0.798391624754148,0.461467985632095,-0.81981714331938,0.486297670902045,-0.541325899591672
"1GA8",0.415152074705333,0.466981570546266,0.464323475893446,-0.489525970086398,0.159212838332847,0.823296245626902,0.838399687199487,-0.683798205629115,0.387033909929402,0.973374952811501,-0.794971291799001,0.475468496931124,-0.826442827088718,0.520261117902751,-0.527438343529468
"1GAL",0.426505565057535,0.414560287794792,0.407138868467703,-0.469545330968378,0.0676779531709059,0.796011642025785,0.789812517766538,-0.584014346961764,0.230106174797411,0.986597621302986,-0.715662905397259,0.334378044921518,-0.735513382451578,0.356874060190448,-0.262002173828197
"1GCU",0.435555804048039,0.375973337526418,0.376040403999907,-0.36970347509776,0.104052994729118,0.80847890052765,0.814955709137401,-0.659524382173514,0.309314850999792,0.977071468068831,-0.765014321413221,0.435127070642597,-0.809015867641415,0.476405557920144,-0.492936081354724
"1GOG",0.504656617196581,0.453838066239512,0.448532453780228,-0.269326152551737,0.126495226401932,0.798117718437667,0.783486715420254,-0.594403404491736,0.309635528039424,0.985028181389175,-0.729802604956209,0.449750384880254,-0.755414386074936,0.479633620798706,-0.380013264241992
"1GP5",0.498438191227086,0.51122202266535,0.496409104736367,-0.417103037376079,0.16933220384801,0.841766971547303,0.835107526602624,-0.66467875655549,0.399378508983383,0.980486663866444,-0.750639122014217,0.459454801160018,-0.791595690295615,0.510409626309059,-0.586879043563045
"1GQ8",0.612570882928752,0.55539535556801,0.576862266993969,-0.44692274303614,0.254637126696796,0.79587367914368,0.804797789003415,-0.607193108187507,0.497564744324229,0.972858431689588,-0.71973114346278,0.585092161996085,-0.776286567839305,0.627303228453664,-0.624600911502298
"1H19",0.597226417350112,0.572335586895217,0.576494396434421,-0.59487235676808,0.0444335993943061,0.811029488562774,0.815397923748469,-0.532317166253878,0.304723465002274,0.987456307425955,-0.688000385784234,0.374227479387206,-0.706385190937249,0.403288113295557,-0.255610411215527
"1H3I",0.324399358545756,0.283961417009109,0.268666994839098,-0.192568524126119,0.00425097235359663,0.811868754410201,0.813709377566016,-0.661661391846467,0.380595218420236,0.972973725534367,-0.740128463242447,0.450446698547016,-0.795856042492596,0.50832757395047,-0.453183839502265
"1HKA",0.400977225473992,0.461708621245355,0.464330402877124,-0.431656936987301,0.120360251219082,0.809540163802947,0.806311757736106,-0.651259053272261,0.396866571433053,0.973726023578531,-0.756099031534362,0.472793267201346,-0.803099293603652,0.52229742065988,-0.584069851562419
"1HPL",0.650643558169304,0.627032206738902,0.616840398608713,-0.548220239575406,0.260777497274781,0.810545610513192,0.804430534288673,-0.591658712482766,0.417497537471868,0.983178495935052,-0.715512315843445,0.492061798278991,-0.741087741776331,0.52418213993858,-0.398675765230692
"1HPM",0.345389861901442,0.317105874323085,0.326025083467638,-0.547408556554509,0.0462862880568888,0.794513870840354,0.783241060950831,-0.500796355859589,0.25046780887846,0.976584019472685,-0.68057319733863,0.355755015842475,-0.708223117898354,0.404700880199576,-0.310374775570168
"1HQC",0.279419427257068,0.305024331248673,0.297923371229749,-0.309497808510691,-0.0780240953526404,0.793471478149358,0.798937937699674,-0.611074449518926,0.275388596534287,0.969495848510514,-0.656570515375259,0.355034707261048,-0.724487873014515,0.397076157550493,-0.371705141800928
"1I1E",0.453556225995164,0.436916766762181,0.43679011942454,-0.260066653365488,0.198918113992929,0.835146513501273,0.837058421630709,-0.547787771315393,0.343673201456883,0.98829921613784,-0.624229072788931,0.429727875730024,-0.634677731381062,0.452039173657071,-0.321542071973255
"1I1I",0.40244674474462,0.4077537735205,0.411698908076273,-0.386919867592199,0.0473243006655133,0.799834674606895,0.807563560783211,-0.519240546824567,0.243796665536943,0.981233657228418,-0.651297975831392,0.310241172614793,-0.680727447832627,0.35050795250025,-0.348587188197904
"1I9A",0.430981957751985,0.52727953801383,0.544832629666021,-0.495280267744084,0.297058494145211,0.783969728757135,0.803685746556938,-0.701056874160322,0.328503431943952,0.973991668861102,-0.73660831373343,0.403726120938026,-0.805857050014191,0.45761652564486,-0.428749018102709
"1IDJ",0.578415777951337,0.555923744049871,0.551740247431397,-0.502369893188185,0.239202793093315,0.778030419440921,0.775181817381076,-0.563550987379593,0.35117906262127,0.978165265427601,-0.705030805600649,0.506000990970245,-0.755746270302407,0.543058138037875,-0.533304902459549
"1IG8",0.495600504107324,0.58354724268077,0.564624818493499,-0.558315743362652,0.148837835553841,0.83694518274992,0.827162996566245,-0.541839784011902,0.325718460651224,0.981893889126908,-0.684672074257114,0.401961050559435,-0.701365759159938,0.438513941314175,-0.427410789541314
"1IM5",0.616392976137847,0.628499027090995,0.611277631435429,-0.51322350839811,0.0635441527106287,0.805527482457094,0.77660174970773,-0.640959973217835,0.293335683956311,0.974164012416769,-0.760757302432343,0.387065207569766,-0.814799234305263,0.446077362852017,-0.48427364087532
"1INP",0.38475925991626,0.390887908367907,0.377827709110909,-0.40321292098817,0.198465976340717,0.82580198735005,0.816745282980576,-0.686933043331521,0.466662760951497,0.982363643246961,-0.790833812291316,0.521312883131486,-0.830780152652334,0.55732305210804,-0.523081816459951
"1IU4",0.35295145136025,0.346851581893495,0.364509455697946,-0.269065051806802,0.0530508359522349,0.830392864880249,0.843896677952399,-0.656983881695417,0.312902152096599,0.974885562845207,-0.69442599276405,0.341048388135334,-0.745597774021331,0.383371859931862,-0.41300500486921
"1J00",0.503349607819943,0.451337001197931,0.421448054856866,-0.376717799015722,-0.128125296807239,0.795543301620515,0.805359170866451,-0.617305745102355,0.242060656899345,0.975121411873264,-0.801696149146805,0.39248353703479,-0.818829597058449,0.437157283081791,-0.430994505716678
"1J09",0.447617637320271,0.420471392956776,0.396294267663922,-0.478788257575247,0.0606786956597968,0.792362369960861,0.787027258155717,-0.543583468637002,0.286077312930623,0.969291319077211,-0.659230244259353,0.359712671312916,-0.703391761172554,0.419165854397933,-0.345740873732293
"1JH6",0.498251472284621,0.505290279706181,0.498786891750695,-0.417790864752191,0.100333597997577,0.823225725222273,0.845459085020916,-0.694922388845041,0.366696568439172,0.979809344587808,-0.762283583594771,0.414392728154638,-0.801740574891278,0.457483040362683,-0.492015390180527
"1JMS",0.48435417051938,0.486161103078132,0.479572390053617,-0.491156436689712,0.116048723598397,0.804919492804297,0.803003185008935,-0.547502424144219,0.324679439545541,0.974099516184861,-0.667364613640543,0.402668909064174,-0.707385365819655,0.442032952002558,-0.47418841829663
"1JOA",0.43596179351303,0.412688488960165,0.398327852533939,-0.441833846547116,0.0786106742383205,0.831644658208163,0.830750881086413,-0.585662533143649,0.300140951748966,0.9777503852461,-0.670749004242329,0.392333933465352,-0.685026210621343,0.427305721801711,-0.372135980209753
"1JS4",0.548533742667103,0.501882902236832,0.505075234455399,-0.550670961119794,0.207863365726784,0.792165866624337,0.776642686313101,-0.575494575345554,0.294619069852432,0.982931341733069,-0.750372522390068,0.426930550072638,-0.782670238172207,0.457982956614399,-0.33700629176011
"1K30",0.431937551199794,0.338137357669827,0.348962393011137,-0.417360724363053,-0.114621707524061,0.832947229951368,0.840752516249993,-0.647013207786689,0.242698145129747,0.978022551368758,-0.73830388073746,0.350354884767263,-0.764625486240943,0.385239390380481,-0.307982360166393
"1KL7",0.482744242518065,0.51838121502245,0.512222266655228,-0.652445430387207,0.0617163679000552,0.818915821421472,0.82595634741692,-0.618358243632494,0.35868271800297,0.98664260372218,-0.719159617566785,0.381322294072151,-0.737613718946529,0.407572591571312,-0.333727447941758
"1KNP",0.535557523271688,0.555159878995113,0.552986011113999,-0.543508385096609,0.122807620308438,0.800777061877982,0.794322059247163,-0.623348124394064,0.237744196559739,0.985509755011513,-0.721709434649016,0.333245170117513,-0.739358628360859,0.371947542622216,-0.278597248486119
"1L1D",0.663280677272075,0.592766169384445,0.603155932014074,-0.54447609383923,0.329659623747369,0.820874440566019,0.814038630986699,-0.724659517886968,0.384607980882239,0.966512481033267,-0.80661953629087,0.442790747117818,-0.860273453340041,0.495568227559219,-0.486516529393828
"1L1L",0.398685301410304,0.364936830073298,0.357288493927467,-0.454920881675059,0.027712015853897,0.8023506592748,0.800114882877284,-0.564853263485684,0.274819769014949,0.981916600818747,-0.688682384925208,0.392202523848562,-0.703821370233817,0.415268253288734,-0.298685557852739
"1L6P",0.514778779814383,0.47975397800194,0.476323729238076,-0.265860536018677,0.00897706034342084,0.820323991873421,0.839442069863093,-0.6421826310798,0.435341379665017,0.962886915050187,-0.691701786792254,0.484307166059975,-0.761865572165927,0.544111774720851,-0.596144280138961
"1L7N",0.553289270456147,0.561213306639651,0.527105471693716,-0.507122738812704,0.0471168646851015,0.827628081570559,0.799271125247023,-0.608875593943133,0.205400674775105,0.984576911074434,-0.748157569981372,0.321964999962842,-0.762782491597581,0.363295690560516,-0.335098248190624
"1L7Q",0.467861622145184,0.346886895925009,0.341891196956445,-0.224471088403843,0.100443035039396,0.787132209200218,0.787119500002124,-0.601168229871336,0.351188884608501,0.983390404619635,-0.732717153576131,0.453200407578908,-0.757404708443818,0.491129657734049,-0.335221395918785
"1L8T",0.401061989051724,0.454199250768404,0.433566355337389,-0.538292690489857,0.109409766145269,0.804953393933664,0.798657839831132,-0.579582065686324,0.33335962361756,0.980321857174878,-0.734009337751136,0.437928794597904,-0.759409530930959,0.488556096939095,-0.464274532369284
"1L9X",0.545918470514447,0.498694065704265,0.510008486788429,-0.577179282926139,0.182990512913366,0.841435872621845,0.833932254968276,-0.703873443207986,0.33826014053518,0.987641141587202,-0.803678241792503,0.471234893795548,-0.822754202207751,0.494009968760646,-0.493735953522116
"1LBA",0.590334012001159,0.512631874411879,0.515492704272624,-0.553252201811835,0.0692116865130659,0.795828379747233,0.761366160517593,-0.634665921162986,0.258530073359292,0.970817204884401,-0.820769981174214,0.350076405537454,-0.850890509707565,0.406537839575512,-0.401032218547778
"1LDM",0.474283939100087,0.461600625746315,0.437223105740065,-0.482485162767253,0.142722127903637,0.823600534490461,0.810750833074118,-0.674551991858686,0.370697164225714,0.977970866556365,-0.794390014925067,0.447971268959421,-0.820881456699602,0.485548776329056,-0.441502986144753
"1LJL",0.479909429263971,0.573156775548585,0.558785321571743,-0.530128348499541,0.085820390890792,0.776174156295554,0.793971222696089,-0.656829944420926,0.321148147601585,0.979367308485767,-0.805470306027297,0.392912142892691,-0.833766260797405,0.447374535655556,-0.476242562996812
"1LVH",0.517560339545306,0.476817841995511,0.457448835006246,-0.594013717838835,0.0613011154509303,0.84794160239269,0.842018975780142,-0.643559502544192,0.338410684179107,0.967811572985947,-0.708152716911818,0.364310751762032,-0.730245027997711,0.442609627572939,-0.376650934230762
"1M53",0.576432486939549,0.569884559620523,0.579478611772131,-0.577066721418842,0.132040368035336,0.810034905069926,0.803956901049312,-0.602298360254006,0.290970342429001,0.988216491432123,-0.759617633378122,0.32522638714228,-0.779626236180231,0.358538006402361,-0.319776007595517
"1MBB",0.499452781479655,0.50278204341716,0.494790829737571,-0.604512264974214,-0.00839146212335014,0.82627421717404,0.819491128769795,-0.575134834771113,0.247026841918114,0.977749324508604,-0.67150229821966,0.365147972146859,-0.703025980875471,0.40729583999754,-0.171344732283802
"1MJ9",0.433116244401053,0.456995556278789,0.45071137287379,-0.528511520111762,0.0830969420909218,0.857085689960076,0.858864283074295,-0.654399968858964,0.399555612883023,0.978871793704649,-0.78477341747346,0.478862522730105,-0.793742537777118,0.501503454627819,-0.475163031991515
"1MLA",0.493696482359653,0.511934258846081,0.498317207508867,-0.524803253747638,0.0844257222611395,0.741292452124447,0.737185107143044,-0.526330592633947,0.182917706580214,0.977710795402704,-0.729139605835931,0.34840363144027,-0.774520267427178,0.387162317606536,-0.360896590872814
"1MRQ",0.521937374311066,0.5044151091253,0.504362103794343,-0.461107515922823,0.187626426332304,0.83288421388013,0.823649757250464,-0.623211196505045,0.329719521562963,0.98182532966089,-0.752536004726295,0.423021189734059,-0.792067828643906,0.451275890044335,-0.445494823688314
"1MUD",0.570218633949804,0.471742439149834,0.48391921647826,-0.429767958904199,0.120942238146182,0.766587430429629,0.758647952852018,-0.60352402022756,0.314406841982661,0.970450454395672,-0.724606433533798,0.442495576670929,-0.769917267346131,0.502707633012277,-0.507846795306835
"1MUG",0.503080169903561,0.464527017927625,0.435401357792588,-0.461456468891085,0.0486754147178103,0.836385790680153,0.831448992507503,-0.706766756605135,0.424882945924895,0.969652174445636,-0.746102498178133,0.438642907387991,-0.794105731369667,0.496093758632645,-0.572548808314168
"1NDH",0.495463895119013,0.438201506235779,0.420942352546534,-0.403501704491907,0.0702803191790452,0.794706491334648,0.803476350255082,-0.609412718662502,0.33200755668343,0.976382935677909,-0.726133378052764,0.385485729543295,-0.770908947594442,0.442264776449271,-0.419633815261109
"1NDI",0.605817109594152,0.600963367602862,0.599789806123621,-0.498412562151428,0.14744735150524,0.836645748728071,0.84403950342322,-0.626028229240501,0.313699813975059,0.987503850862116,-0.715992361581025,0.366831650548638,-0.736414654653361,0.393668679588984,-0.363544404066282
"1NLU",0.54252049889659,0.51553385883131,0.506855920751564,-0.541606212907113,0.130326271291426,0.796637260967433,0.788400139083201,-0.680746944597748,0.311100059152985,0.980855025726767,-0.807509734161047,0.466316425189859,-0.841160939991399,0.497981652686859,-0.418488770103508
"1O8A",0.598287148278932,0.553159511003097,0.539034865034496,-0.428775973635218,0.0398454861957714,0.823640708908704,0.810709359045507,-0.579685007269246,0.217337996719957,0.984230866491064,-0.707685966179203,0.302817800121621,-0.733751661065539,0.34220059576824,-0.280375277902654
"1O98",0.50851146079549,0.551820752732226,0.54127048013093,-0.630329348255232,0.0388269490529656,0.831110587275868,0.811943217816539,-0.580502870516893,0.332002349201118,0.987446836725371,-0.759661664603371,0.413841146274437,-0.777837493444824,0.441500556593827,-0.313174021274866
"1OG1",0.524758903682671,0.522731285287278,0.52382690598494,-0.463186280450854,0.157720774863397,0.820208426152105,0.793733068809807,-0.62718155375106,0.244274317430097,0.970200739426094,-0.78213482345368,0.371152773323205,-0.830024716375569,0.430362032096539,-0.419825460853308
"1OGO",0.156638158514659,0.130946483123868,0.114191334465737,-0.0854885487933367,0.027744679016769,0.804267106983204,0.785167877348246,-0.638749611031178,0.376893579883945,0.984432735312345,-0.765919002916905,0.497836813232955,-0.795611723917337,0.527502936300752,-0.463427216951821
"1OJ4",0.596073188751472,0.587432242664511,0.571842020644839,-0.625036713959598,0.193407605274081,0.820120359808077,0.814858658264113,-0.629053749623124,0.333657981245975,0.978448945029321,-0.746003450453823,0.432180716871769,-0.752919050017249,0.472355491919349,-0.41404964953029
"1ONR",0.63224192436064,0.663348183117781,0.678701436773772,-0.722443988477778,0.182833023667849,0.798643858551024,0.813772358437879,-0.629097761374246,0.273614641128374,0.981605640164268,-0.781119688918768,0.354559476778591,-0.805823808253411,0.38910985223384,-0.394153863595542
"1OPM",0.460476591224636,0.412626602809192,0.427935224454698,-0.366226801013352,0.232752023002811,0.831088328276572,0.825155882639442,-0.6169885289666,0.515997043305008,0.979636276830339,-0.732881079453025,0.619314854611621,-0.783282029176443,0.65354819796272,-0.572357717230982
"1OXA",0.383062436122215,0.324174033417303,0.319946611031969,-0.274905872833619,0.185607325108813,0.799419563279902,0.790723278305716,-0.582500611455168,0.308683580332143,0.975794924607185,-0.707944244722137,0.403133675676295,-0.738756191656606,0.445172654985394,-0.369371278808973
"1OYG",0.452708285003877,0.451064349616533,0.441768923929857,-0.454652533469576,0.158357744912941,0.828125127381991,0.801689437554218,-0.642677248990298,0.311751219957493,0.986877780181203,-0.805619512892112,0.437809559545634,-0.829355826669344,0.470587765302503,-0.413376345427076
"1P1X",0.569307973306816,0.517082394465558,0.501794995177774,-0.534922174079946,0.0777504778619313,0.793136080953407,0.778334457186535,-0.642430374885998,0.303770751544517,0.978880429416417,-0.77174319854358,0.417686915152465,-0.803505208138016,0.455652670212324,-0.441764770623454
"1P3D",0.512689682181613,0.532827428304246,0.518181406472995,-0.56312202311908,0.106662912157588,0.789978616536935,0.773296823382695,-0.524479928942624,0.360092533441269,0.977635037138028,-0.691788423823609,0.438617254659277,-0.713755088093259,0.485879409860771,-0.384984575393419
"1P5D",0.54342481447919,0.563861826208528,0.557874087614499,-0.581063365680735,0.0812962292052693,0.817913504719487,0.812595502858504,-0.587835369694926,0.333909662779753,0.983562358538807,-0.73979410939904,0.436212291334572,-0.770164691513634,0.468573302724116,-0.350207213129118
"1PA9",0.41799858578087,0.477106064574183,0.472586843412528,-0.510377482246715,0.0327721622552274,0.804587921735152,0.796333999906007,-0.640694449049056,0.27859406528684,0.971926534456036,-0.788094827557811,0.396698060112667,-0.829996191186368,0.430465454051557,-0.361744511092439
"1PII",0.61235665558941,0.629183220027106,0.6300480675422,-0.521923881422561,0.269788134763787,0.777806656121813,0.780385758394375,-0.561624307883151,0.379693011992234,0.981606587250519,-0.726703905576637,0.52183434884537,-0.740077806156752,0.549487624875401,-0.485387393314287
"1PKN",0.406581859430113,0.410690967365746,0.390858869023754,-0.461403054710539,0.0541261885711434,0.829909993388655,0.828762405370095,-0.630319486778094,0.280753311866049,0.980210553061327,-0.686452169704552,0.319145910077617,-0.723163243935655,0.360524488299238,-0.337849785529867
"1PMI",0.497140721464323,0.485227460434288,0.484800695219464,-0.567850775861931,0.0824552421034817,0.834369574975808,0.828446531600738,-0.631759931141643,0.383494336730751,0.984713919170749,-0.736988277254215,0.447750137517053,-0.76586115684975,0.479386438792914,-0.38286108406094
"1PP4",0.5166717105072,0.491824701835479,0.478389139327571,-0.408680085495649,0.0420948213290507,0.790724586874287,0.760160436561041,-0.589798613403764,0.255331957567804,0.971749464811164,-0.746008759556644,0.407955750614447,-0.800835823365666,0.463348155340642,-0.42765339148943
"1PS9",0.532856938682636,0.502404606196908,0.506749326818347,-0.56556046874959,0.0836013245309183,0.809580282512903,0.793296550169202,-0.526792705092803,0.278843642512604,0.98170736070709,-0.667758577627937,0.362378910429625,-0.691927664725588,0.407508915372557,-0.282566255159415
"1PTD",0.471201057298358,0.527970154283569,0.521054237367475,-0.5604752058349,0.232224731335233,0.817284677685123,0.832813581042667,-0.688017601576924,0.366134234111811,0.985099466716709,-0.770492913397819,0.363638791493703,-0.810245524367195,0.39686813733411,-0.443841463134289
"1PUD",0.457823565044393,0.446477467282034,0.445970228005707,-0.447150081625925,-0.0370565305151524,0.818596296002941,0.797998270619556,-0.611425093470133,0.240476230366819,0.977044635248484,-0.758342018935369,0.348487359059619,-0.779771259399942,0.376656470703949,-0.281121888330427
"1PYL",0.509135320325487,0.430484880325328,0.455320459830507,-0.245682550682323,0.0646182516097199,0.762479750760895,0.794458035377218,-0.628149496080627,0.398514006722858,0.944251167098875,-0.731232703533833,0.529797048533369,-0.817408407583355,0.570453179710823,-0.724636496224134
"1Q91",0.431169439502328,0.417400828916709,0.405149604860802,-0.431394608276185,0.0925971918574788,0.834085505583479,0.847386520678257,-0.654709437776582,0.471102074014927,0.970455618517632,-0.733720591070097,0.489121688108928,-0.775732507370049,0.534674788704342,-0.544435617426542
"1QAM",0.33399501802365,0.349038205154777,0.348256952732293,-0.362648488263183,0.0883417625880981,0.824310507539341,0.828910585242126,-0.607901282513616,0.377018471357571,0.98833654077909,-0.719250971458173,0.455235903340441,-0.736644860678861,0.471982811427498,-0.46516007040802
"1QAZ",0.120995593964192,0.129014608455547,0.112991473859809,-0.0192702945895721,0.0599471312591439,0.788550365534423,0.777821014547671,-0.599826007326007,0.29753445514522,0.978030454398889,-0.784003748107985,0.423334330191837,-0.82174738457357,0.473732648752095,-0.54905633001892
"1QBA",0.511660962983429,0.486130916721777,0.489316097379641,-0.440437302565807,0.130708504839823,0.795860302346589,0.781478767054125,-0.555811146985928,0.249492497044248,0.981942482704002,-0.684645897504062,0.342720163371628,-0.721086575335088,0.375431012030562,-0.217900365691909
"1QFM",0.516301648032231,0.506082523807108,0.504153348208906,-0.447448062973309,0.109604693611521,0.806316475306584,0.808514438105063,-0.555877878751349,0.344904155866332,0.983561649105789,-0.678470364559585,0.447510749470447,-0.693771876875034,0.478107842597679,-0.389811613003205
"1QGX",0.524226305189452,0.499774430701803,0.49049550728182,-0.515782069665404,0.1540738617112,0.818427100338701,0.813254785511823,-0.69804201885824,0.41412438981741,0.987057346559857,-0.808562331690252,0.526844535479554,-0.829492613909934,0.550995908664002,-0.512375515981384
"1QJE",0.336554296462902,0.331833052896518,0.322010602380439,-0.278481551349707,0.0620269484454496,0.784667994749674,0.790147009645881,-0.573404448092998,0.362672973054541,0.981077894865681,-0.759081995950031,0.476422584876326,-0.790228618334862,0.508671800513758,-0.510341174805847
"1QK2",0.523146022934,0.47711823890262,0.467819467798573,-0.505641050664621,-0.038053481334248,0.826844129085197,0.823313180911219,-0.662898126484264,0.217058752268251,0.979683101190879,-0.741763786413527,0.344284805091122,-0.78213483129623,0.378338700046258,-0.28725937601631
"1QWN",0.483626251238918,0.499405625164003,0.50519672092001,-0.495843866397291,0.13156997348382,0.807219822077287,0.802200655583428,-0.574595901688001,0.2434567102901,0.988818479149756,-0.705754235481779,0.358128146125289,-0.729361385728337,0.387608076544717,-0.353654596599606
"1R1J",0.495522983888182,0.490132994013284,0.498197087618571,-0.379165900581969,0.0416604957913473,0.829027880968212,0.831949963051755,-0.520294404163999,0.251751900383365,0.985288972950275,-0.637504791932162,0.337863589932871,-0.660208770791179,0.364283767743826,-0.291200197269792
"1R44",0.557571164793172,0.647534040459951,0.644967718288042,-0.562254153126505,0.0442940863490203,0.807140851605287,0.799134051593561,-0.583944395468883,0.202404578658435,0.977950332516129,-0.749344669519085,0.29556275038698,-0.804627712591835,0.333558053940529,-0.448624321486723
"1R4Z",0.588256587042692,0.535430820041842,0.535199058441596,-0.467257063054658,0.222240779244265,0.823922059039957,0.814920298115442,-0.701198920343983,0.396955315850378,0.980017138604673,-0.792834361843614,0.460313263725317,-0.833084251256768,0.497240772562849,-0.576233256647984
"1RBN",0.612857693627888,0.606216616342232,0.610823168580198,-0.474389255634318,0.195619369637368,0.792633092179902,0.809043078299307,-0.670659323367427,0.350751064466724,0.95461632680007,-0.770980476338789,0.401438818074698,-0.835255391496029,0.467431357589297,-0.52724425995484
"1RDD",0.509878300009541,0.480795351595866,0.491730132721381,-0.363236207729694,0.0325108667828626,0.813916638080581,0.824732125838937,-0.665279881408914,0.292214780446571,0.972662558273673,-0.738086085700126,0.34334041202286,-0.781013053388076,0.372506083274225,-0.387931113790568
"1RU4",0.385266907918174,0.402264967976758,0.39371712963122,-0.3189610560066,0.128948614902689,0.802835028511302,0.804768513448499,-0.609422121388259,0.400529622214296,0.980947722586404,-0.710534308051192,0.509714182096135,-0.755301279491125,0.545005993146093,-0.576136834314508
"1S3I",0.392580432256256,0.385437724592847,0.387224296218114,-0.451695466396107,0.0765051273496978,0.827077642659468,0.795639116641725,-0.596160051228072,0.346552347174295,0.971649869929656,-0.70923386037318,0.439670758153373,-0.75862709739551,0.493488903922444,-0.488644490936405
"1S95",0.549627147691043,0.533338718978481,0.532804104181133,-0.553185848307016,0.105586288885788,0.852334248400106,0.841679614871491,-0.693259594436065,0.330479574939811,0.986212621620735,-0.799817856225637,0.413875260432036,-0.828995360202645,0.449120788509293,-0.429509917788416
"1SCA",0.704389346100245,0.647507918806183,0.632643723331259,-0.619706482444231,0.221579977266226,0.790623684762301,0.765257101454965,-0.673783151155414,0.333610998382193,0.980694863922022,-0.801499523123732,0.483311794545442,-0.833521690926066,0.512787149169515,-0.503339301288492
"1SLL",0.32616814082626,0.255747734166175,0.256506251379557,-0.134293702883945,0.168404481359996,0.804345526752768,0.805426897259572,-0.569924537646461,0.353882001666012,0.981709056522474,-0.713778091454268,0.431360094466348,-0.740674845792935,0.461085580610523,-0.259952497197879
"1SML",0.441977137196419,0.393781325066666,0.370960016984592,-0.33534068818031,0.0405279485260434,0.840989131009208,0.848812507257444,-0.726497503032544,0.387116406892369,0.973754434667772,-0.794880363706501,0.427987519786584,-0.829790614871513,0.471666082348825,-0.389271570757867
"1SNZ",0.58441526954827,0.539967971898989,0.50938744931786,-0.359295011621559,0.166651988975533,0.80969983611348,0.794625660608717,-0.580101524937579,0.410477002928105,0.982430795601728,-0.738216129597159,0.447971083851526,-0.779147643351869,0.479321996879721,-0.381661887213961
"1TAH",0.485696429632627,0.532051142181443,0.515415606613047,-0.498950605357554,0.128118249768716,0.798197371335939,0.788191563174159,-0.668607574672279,0.314299103520769,0.98162284254405,-0.790116054679799,0.416357386845578,-0.823097346371232,0.444804545989497,-0.337812156448211
"1TLP",0.572568404179944,0.55429660961215,0.549439350245355,-0.532855858765838,0.210561277413705,0.75277918557239,0.728932120163652,-0.554682137200206,0.354959959986201,0.975628667016648,-0.772058369975719,0.474196700454362,-0.817300512331974,0.515284791563673,-0.421518661283944
"1U3F",0.386360483962206,0.424941462501331,0.428616075179637,-0.462209042855555,-0.0129298791965196,0.8059194656326,0.814096463056349,-0.692816236584005,0.366331188978558,0.977108465358868,-0.770263685887468,0.372491346264165,-0.818650260521422,0.436071030128062,-0.417268196899554
"1U5U",0.100270556250914,0.0889922748758676,0.0892323633993974,-0.101561778268047,0.00638768790852691,0.809186486127174,0.816051351014826,-0.635528691737071,0.237962133599658,0.981682449222072,-0.745064309224673,0.306313947883987,-0.77187687082017,0.339271989357046,-0.322452197770192
"1UAS",0.592208610243258,0.511684340283258,0.510208742689506,-0.547739993573278,0.0737887977142899,0.755978639312526,0.752859888815505,-0.607071155379262,0.294362643150455,0.979691583884715,-0.737002074576232,0.426228274682511,-0.766975999052187,0.459571767559705,-0.380871339588675
"1UN1",0.522102839676239,0.476035463895902,0.471995035759378,-0.448266780505733,0.239328707877699,0.791084982384339,0.789662502298952,-0.632955228924231,0.375258193969395,0.978401087729426,-0.771207244119916,0.461142660907969,-0.806793097316789,0.510591041664685,-0.647035580241413
"1VID",0.450985773297996,0.4577167222202,0.440571055457552,-0.432685961368872,0.102143332882359,0.802431788242827,0.792519523335055,-0.659783777608341,0.328237893859444,0.978821000937309,-0.806070317818131,0.479873869243948,-0.830185104231946,0.505031011620649,-0.499899248754011
"1VLB",0.432281409671291,0.355071948054558,0.330809560440057,-0.240748437149051,0.0465900834773158,0.790112784251759,0.771926126477067,-0.565639094607623,0.221628144458809,0.987768484217744,-0.684392337317782,0.342107140713055,-0.705553588781472,0.365746926068421,-0.12546871032377
"1VNC",0.280374541895062,0.292655412164111,0.290804007742274,-0.245575262965542,0.0676381204332847,0.796599551406523,0.787675247494612,-0.665974618843092,0.374712623771029,0.987177478926907,-0.808583085526562,0.497039621245624,-0.826878520266708,0.512564299902741,-0.515045150000227
"1VQ1",0.547473665751521,0.562591154821294,0.564578939883848,-0.580312850088321,0.0553739016404082,0.817760940837591,0.822468189799069,-0.590478992461403,0.260915714605482,0.967823299682579,-0.682142539257403,0.320836228066629,-0.728935491016418,0.385609334621657,-0.342583898001294
"1W0H",0.490870145654532,0.541949069074963,0.539413238028569,-0.527491464714337,0.134247137419781,0.788969887186773,0.760171667697869,-0.564017372510509,0.256061061186243,0.973073386755937,-0.738285420881724,0.333339090797832,-0.785566236831389,0.365956719080562,-0.468092258993762
"1XQW",0.58314686365019,0.493423839705671,0.482018022638644,-0.439815384865455,0.0154785105446178,0.843023154330691,0.84380099187108,-0.691340624411869,0.247802303411426,0.986735514318075,-0.794242403080279,0.354026729923522,-0.819632785737889,0.375915434604792,-0.340565487250566
"1Y9M",0.500624683760372,0.480859417877235,0.482686538357246,-0.554743883134587,0.174291059241009,0.792904192597101,0.776775309891337,-0.62000104553296,0.322742610297819,0.983998936996799,-0.742528468837786,0.45512229365674,-0.769557211390157,0.491583799111362,-0.429738917651997
"1YON",0.511553101905271,0.501802600799773,0.476926561322437,-0.451294752671121,0.144773027548066,0.828649928313022,0.825280477363623,-0.643110221893612,0.353375079596965,0.977504533916902,-0.74993334239604,0.439688286201835,-0.780762853694432,0.480447413695206,-0.439874613068403
"1YSC",0.630005147429272,0.590671974421128,0.591059375467338,-0.572220561093418,0.0763604288609553,0.813718140481522,0.821105029197594,-0.692743041763091,0.294768087419927,0.985093220821663,-0.758215066436649,0.348525228611016,-0.780062693248211,0.374759899354751,-0.390739227295576
"1ZE1",0.330451746863018,0.37082057219264,0.336415091504946,-0.415924074818903,0.11501166554869,0.788543284360708,0.780030856864827,-0.607393081287013,0.378480691459895,0.977532169743469,-0.704637863747486,0.452489081811879,-0.731269832101801,0.490679794447374,-0.481427774755764
"1ZIO",0.496836078464657,0.54137903112124,0.527903146717841,-0.530425312537825,0.0198811291630252,0.777119361578469,0.781545943560343,-0.592810637128483,0.271323960210543,0.960840389181476,-0.701879527615062,0.389016926440481,-0.758760410901188,0.448135927774337,-0.443127303985497
"206L",0.501221493201575,0.486631550519984,0.499434581254265,-0.379520971437906,0.249293935261585,0.727751075121845,0.739621704661752,-0.529116053522562,0.243061536119097,0.964485488042242,-0.666710508574707,0.363639897122772,-0.729305118654572,0.415061216165385,-0.543456364806886
"2A0N",0.324624025427923,0.38143424516922,0.337349064940413,-0.484461908698296,0.00611826226790044,0.825706280837022,0.803807239700587,-0.645695313982167,0.324565900686678,0.981070884606728,-0.782413742784162,0.494246639546138,-0.792007826639956,0.541645146488725,-0.553029052828174
"2ABK",0.444898290794507,0.434676671291857,0.427998252559018,-0.461437992404463,0.176311862124721,0.777366821862026,0.782192570003663,-0.580228918894751,0.340087003063139,0.970564577496949,-0.717642001510247,0.405501340321439,-0.755940743510275,0.463458499395866,-0.529315448485273
"2ACY",0.499639758983954,0.492196263496103,0.444960116751963,-0.285815390885669,-0.0830965426273072,0.853456370882188,0.827829710419728,-0.690810907305753,0.317982820195224,0.964391457062141,-0.747957367157895,0.397967339567607,-0.831167193083436,0.48113765933541,-0.626386038811267
"2AYH",0.521832243805914,0.451300939022825,0.45011926722982,-0.390229910567833,0.276686383744723,0.779861907057404,0.759199936618068,-0.578799464905057,0.407686394004594,0.961335445411439,-0.726580875548082,0.477155606869667,-0.812133202417978,0.556165172397839,-0.630630101863316
"2CPO",0.234222513746431,0.170225970819171,0.151882324049898,-0.116708585182826,-0.104744557747938,0.819972912479411,0.814194060791125,-0.670850953021948,0.337021221710231,0.975173433131427,-0.761299862308141,0.395707748976773,-0.803607972463748,0.433790741858357,-0.496425091183143
"2CPU",0.598788283358954,0.567170537839544,0.564461649072168,-0.503166990049205,0.112103329338904,0.786582688909176,0.771429698073187,-0.59417951883996,0.293032430161541,0.978795015369228,-0.756262264999343,0.390544607964468,-0.79126022925406,0.424280208499192,-0.365265506577918
"2DLN",0.57438888974913,0.57749415281174,0.569288360412573,-0.649410417899839,0.202779732074374,0.820440865964459,0.809193789353567,-0.622585822923178,0.221396776284538,0.970662568305491,-0.730773824375619,0.334335556025084,-0.771676881282947,0.384251701847474,-0.312942490408474
"2EBN",0.317965133458091,0.235311076566018,0.251446421198249,-0.336916752632097,0.118680745883679,0.790092530248619,0.787383117066875,-0.634332087482569,0.306685880091088,0.975250413105254,-0.777461191211217,0.416170624810774,-0.809159416820872,0.457297714892756,-0.555361681948085
"2ENG",0.605477846396012,0.513641699116486,0.493150714304749,-0.448173372192058,0.139194892731984,0.81962337979351,0.795334335771884,-0.648383502110292,0.297006351677902,0.969430739470246,-0.782420538327419,0.395014520437185,-0.82722687240407,0.452398238764792,-0.440557366527903
"2F61",0.482135232694261,0.480162475595384,0.487028034246177,-0.470070520284552,0.0998517884607297,0.823942981064418,0.826364136710226,-0.655131038856536,0.351220138944217,0.988159250315509,-0.767500969703359,0.454014712197647,-0.796124979861914,0.484435248237768,-0.456036906722939
"2F9R",0.32649844581476,0.273591697162519,0.272740995925759,-0.23621722742328,-0.0499293378166908,0.786334226590388,0.778375627871009,-0.643814376875904,0.293261103583392,0.978197102197655,-0.793258702605622,0.456758250258672,-0.838061998932747,0.515671439376901,-0.553217208317337
"2NLR",0.414575941864718,0.313972422326947,0.308080050029419,-0.286562902991861,0.143762088445004,0.743324805243168,0.73617681553445,-0.582761667172113,0.336574737007676,0.968641060114804,-0.772648087667042,0.508491359727004,-0.831039507083138,0.563113917671244,-0.594469651115722
"2NMT",0.491073633061314,0.475583010889411,0.491671762355022,-0.42873435195703,0.266797154662869,0.811996157979629,0.822436964506131,-0.659411436378793,0.440250895002967,0.98264212496679,-0.745652889998,0.464932810531441,-0.76504647398232,0.490376215883375,-0.435071113826445
"2PEC",0.300674607176245,0.39576299434675,0.392436952955174,-0.422031949226476,0.256124961226049,0.790925246246881,0.786896444863462,-0.565599886421416,0.280313543499753,0.980436084882581,-0.718832254871611,0.402657699821904,-0.758770946821639,0.44480116533681,-0.513244285566849
"2PIA",0.568058533951813,0.598178386490694,0.578260264453423,-0.533083301890999,0.208895301667131,0.787531391783551,0.781862042444657,-0.585099698148256,0.353403904093808,0.970851770835776,-0.696912685304885,0.400068948820307,-0.740716834032625,0.448496599985236,-0.353353280882509
"2PTH",0.429224118067684,0.391001063413908,0.368360255595509,-0.38194780794985,-0.0370393719802524,0.815103761662404,0.782888419267043,-0.606281048020939,0.243412665139159,0.966313153263302,-0.771114265772939,0.392446452163363,-0.833285426911536,0.470530442643252,-0.519356210655577
"2SQC",0.524706632218902,0.517699945457776,0.516428882892302,-0.474290689544298,0.0849540121103551,0.818977531918217,0.815780203606862,-0.602017080430318,0.258340650429253,0.98608694065455,-0.723024075405494,0.314185004812985,-0.73836159435493,0.351796187620926,-0.274503099596487
"2THI",0.213152023804949,0.226603735447989,0.20169589800829,-0.107372912231499,0.0824689764647187,0.821737920135783,0.822627509476602,-0.638112629977685,0.271527054170995,0.980477107824259,-0.748738031995259,0.377280904147395,-0.784084164068963,0.407953110277085,-0.389377160197985
"2TPS",0.476704137296808,0.503139493609254,0.499539266279317,-0.527650224712899,0.130721076302472,0.807443076750918,0.801449924979613,-0.677943679908515,0.371955360242595,0.976055142880148,-0.794535381413813,0.425633535596132,-0.833041532729969,0.477511940140142,-0.560340122954034
"5EAT",0.436516565407587,0.369111877063004,0.382279747713882,-0.195225733684686,0.164047425937521,0.798938497273487,0.808565734058431,-0.556121279125565,0.323105256983103,0.985607932565055,-0.700946346328908,0.381289613476045,-0.72553030594453,0.415797276387294,-0.398249597951074
"7ATJ",0.661757726227513,0.654375923197533,0.644728657305299,-0.541879882580366,0.0845012421138102,0.822434582613558,0.810854555188587,-0.59858312608909,0.30508826946018,0.979336028255992,-0.734453127901838,0.379241606966809,-0.770063508697071,0.406487665544924,-0.382589260532712
