"pdb","p.seqent_ddgent","p.seqent_asa","p.seqent_rsa","p.seqent_wcnca","p.seqent_hbe","p.ddgent_asa","p.ddgent_rsa","p.ddgent_wcnca","p.ddgent_hbe","p.asa_rsa","p.asa_wcnca","p.asa_hbe","p.rsa_wcnca","p.rsa_hbe","p.wcnca_hbe"
"132L",2.37377021917947e-13,1.46960879782228e-10,8.00219594744748e-11,2.9591037532024e-10,0.0139058154416868,6.15863870951852e-23,5.88791938492048e-22,0,0.000165460338789758,9.35283502753077e-70,2.70941921598866e-23,2.45394258805717e-07,7.18172420164978e-31,9.88336836848064e-10,8.27362724932076e-10
"13PK",2.28684536995363e-23,1.31876150048334e-21,1.07792191407905e-20,4.51437812548444e-33,0.781301864701049,7.72112332174295e-97,6.40257152770552e-91,0,6.48929296892009e-08,1.92566235618051e-317,5.17567138252275e-81,5.31320406695429e-13,1.44642362450821e-88,2.53961891980569e-15,3.79055649014355e-12
"1A26",0,3.55560224727336e-31,3.60506353609292e-32,0,0.0324561281669316,1.80651453487951e-86,1.76072975055641e-88,0,6.06319383421015e-06,7.50247361362112e-247,3.92998761068054e-53,7.22468584418955e-11,1.74363216560163e-64,1.38150612595918e-14,1.09414473425443e-18
"1A2T",2.74166230495468e-09,8.22655638686737e-09,2.48805376115432e-08,3.20243713526926e-06,0.384218228651815,4.79250229246304e-37,1.15381506746826e-34,0,0.026908174467403,2.37943918514041e-85,2.07169851924536e-31,0.00027612026312619,4.72952851850156e-38,9.1127236542274e-06,9.03103370700447e-07
"1A4L",3.62000250422261e-29,7.53162856459862e-28,1.36762788009086e-26,5.40573642451658e-23,0.548169606387415,3.25887261901887e-86,1.43488702579373e-83,0,0.000689135121006706,4.36823739351249e-281,2.82257599135831e-75,2.83112672516249e-07,2.90857519969687e-82,3.10571588232482e-09,1.35151825889981e-10
"1A65",1.09583317801339e-38,5.65297207962935e-40,1.09036674571485e-39,1.14508920190327e-30,1.41234523911743e-11,4.4582404291824e-113,2.47610453027444e-101,0,9.63558015578548e-17,0,1.79583504347846e-98,1.30124363767824e-29,2.75897948167352e-112,1.7021015504722e-34,3.81620965243733e-22
"1A8H",3.35614526396233e-09,6.62957925692651e-10,8.67268168664851e-10,9.00447660829625e-09,0.00492871757074826,2.08266656072517e-110,2.23996459834869e-117,0,3.60796107864178e-15,0,1.84928106948924e-69,1.53058398532111e-18,3.23263619769246e-79,9.08723444159625e-24,2.0734644423413e-21
"1A8S",5.70598577071863e-22,6.15569747687712e-12,2.50587014847418e-12,4.45587500245267e-13,0.356085326663492,1.51786103664503e-60,1.50933412498109e-57,0,3.7412781633435e-06,4.72326283268293e-187,1.89950344195048e-65,6.18278591025653e-13,5.36480491542302e-77,1.43490638232409e-15,3.93276095610873e-10
"1AF7",6.49435488106675e-22,8.81215298491724e-20,1.67925380389996e-22,2.77474659998883e-29,0.00193871803856048,4.664711175316e-67,2.37629628769181e-70,0,1.82743136160864e-12,1.52231655731568e-181,5.03537725695842e-45,1.56813470898576e-17,1.62025254571001e-53,2.10511751566444e-21,5.64822841024794e-14
"1AGM",2.96953084444788e-30,1.91270126264449e-19,2.24741093151485e-18,1.16572418601975e-09,0.636468941571104,6.08145315367589e-95,4.46003537270962e-97,0,1.76816904049305e-15,0,2.38045099516104e-97,8.26060205561949e-25,1.94745190911251e-110,1.08168471942964e-27,2.94703983348911e-27
"1AGY",6.78087178743972e-23,6.10809604006135e-16,1.65777452861197e-14,1.78393214658038e-11,0.146849596469211,4.80290896015196e-49,6.27986856376674e-47,0,3.03410416844522e-07,5.75515085265579e-137,5.07157971939579e-50,4.32021136686739e-12,3.4985103334074e-62,2.00306076182675e-14,3.16161337379031e-20
"1AH7",3.30193456889077e-12,6.2436771861415e-13,1.05222070578163e-13,1.96393472530408e-13,0.0724777636120261,4.98141515896962e-52,8.45719050058671e-59,0,5.46016790900679e-08,4.56656052843039e-184,8.01283583811905e-53,5.76467825478282e-12,5.28195826707936e-60,6.08550669547073e-14,6.44131716682153e-16
"1AJ0",1.49196806536717e-14,2.04427459652694e-16,3.58188440999809e-15,7.19613748814602e-18,0.742252183975358,6.65170511423556e-60,1.6079964397306e-56,0,5.73057816340668e-08,2.15424412968249e-195,1.32236617935435e-59,2.84391446523219e-12,4.64037119340289e-68,1.19912494035561e-14,1.11804602533995e-14
"1AK0",3.93765418850551e-25,8.91868232627542e-29,5.2578990949478e-30,1.72529826534533e-21,0.00488639351583524,1.26895009113143e-54,6.8522139032981e-55,0,1.707379586853e-05,3.25480009357967e-173,1.72897498909834e-51,8.03792723465632e-12,9.96145932715775e-62,6.62995930020692e-15,3.66422409409914e-16
"1AKO",1.8459808571952e-15,3.23999223977012e-14,1.03707271274515e-14,3.02597740105936e-13,0.868779339058277,1.08566313465934e-76,5.54115105195409e-75,0,8.20545994689823e-08,1.72018609169198e-202,9.87988022420647e-61,3.61394957790243e-11,3.90096776671973e-70,2.15292910824444e-12,7.83546469000024e-15
"1AMY",3.9867912363261e-21,2.16384686095089e-18,1.19897862789326e-19,8.51261850706665e-19,0.139172331714077,5.37373736549131e-87,7.6874521700795e-83,0,7.45989942173604e-06,7.74405890986638e-269,1.97894334855346e-74,2.92172315230561e-12,1.6359631099026e-87,7.61525387753134e-15,3.40283404470823e-11
"1AQ2",1.3754512305279e-37,1.54613769494559e-38,6.0259092691706e-38,4.30561483098832e-50,0.0230225851860255,8.72250785047951e-127,3.776342312959e-123,0,1.41249718687889e-16,0,6.63963197575995e-99,1.30478695698133e-30,2.4948061118388e-110,4.67219048136635e-34,3.21797284630966e-26
"1AQL",1.61815413474194e-39,7.59717652061539e-37,9.78867239874327e-36,4.215232612515e-30,5.65340749587367e-05,2.24249491502714e-133,4.76289967500676e-134,0,3.4961651483314e-13,0,5.88845662438466e-92,4.21943688113092e-24,5.40990040141925e-102,2.03775368464984e-28,6.08829691195196e-20
"1AST",3.66205174208204e-22,1.98579112465853e-17,1.25206273825893e-19,1.55717137814665e-15,0.299924772728081,4.0220007186022e-44,5.75016210112453e-43,0,0.00310343309494585,5.37541113076036e-119,2.43784664487109e-35,1.2192707110567e-06,2.23587106120011e-47,1.97224272015446e-08,4.58198538373849e-08
"1B04",1.23485924835635e-13,2.61444603720365e-14,1.05172727096364e-15,5.63121548604295e-14,0.39846793019943,2.55375788707929e-73,1.07563809085135e-79,0,4.96667939705805e-06,3.53346351625059e-198,2.6874160165949e-44,2.52852806993826e-08,3.69546347879482e-53,6.30459836682499e-11,2.25103423841499e-07
"1B2R",6.44226005361775e-16,5.51594822104664e-16,4.53178346824087e-15,2.73486025179539e-15,0.00748887904459804,3.64894554339235e-71,3.00518936666288e-63,0,2.85504360372927e-10,7.71142649377315e-190,2.98204449164957e-55,8.83402488377884e-20,3.56408419429025e-68,1.8428154113054e-23,1.00777791771765e-16
"1BBS",4.24491719818691e-35,7.13013223006992e-36,1.10644247081741e-32,7.76343928392607e-27,0.000995754506023743,1.30763230915645e-74,1.53272270933513e-66,7.54467296855194e-27,6.38146608693128e-10,3.441068022941e-233,1.25565800934207e-59,1.24429244103014e-24,1.36038263914696e-64,4.98644130490027e-28,3.62521123983451e-17
"1BF2",1.44350628698754e-28,7.96212142639611e-25,5.27102443759809e-25,2.28333443215876e-31,0.022959530489126,5.51015803770494e-138,8.34837093383251e-132,0,5.257553470002e-18,0,8.86506379618134e-136,6.16057549662319e-36,2.39552431605979e-155,2.93480717812814e-41,5.23069990005218e-24
"1BG0",3.51509611893807e-33,1.46492610964075e-29,1.12988216642445e-30,1.18476453824262e-34,0.0224809346501179,3.51738051826219e-76,2.01582502350428e-74,0,0.000112399700214719,9.80387019630277e-252,9.20416036138804e-63,5.42815818070635e-11,1.05006742367415e-72,1.4849505086985e-13,3.11522423675985e-09
"1BH2",3.4801947868923e-19,6.45358901259188e-20,2.03895120016662e-23,7.02019543423113e-22,0.229368204001746,5.96237991708072e-72,3.70160059226476e-79,0,1.53884241111857e-09,6.39502899415352e-224,1.23911597409841e-48,5.88404039912434e-16,4.0857076659922e-54,4.3186973390088e-18,5.23554628237143e-13
"1BOL",8.52422981328685e-15,3.2995123977682e-13,1.35112059798098e-13,4.50263895568225e-09,0.0751437726847464,4.70574587009027e-43,2.07459721027246e-40,0,9.46176181923929e-05,1.93450819777336e-132,3.07225941455127e-37,9.9474678504261e-11,1.19545077055548e-49,1.67180577003857e-12,2.16593617550212e-16
"1BP2",2.13367171719872e-15,3.90524372169731e-13,4.84130577717877e-12,1.34826433070502e-10,0.150659114866887,6.8124455450397e-32,1.14111828213879e-30,0,0.0708959503024873,5.71608232601748e-78,2.22848017089083e-20,0.0121200439119036,9.68874225548354e-25,0.00227081782096862,2.38035836163813e-08
"1BQC",3.95518870078888e-20,3.45721571054665e-20,4.52205707132146e-20,2.35398723999658e-20,0.00357421267641569,9.15323386348664e-63,1.65683163284554e-59,0,2.29287678381467e-07,5.6682852541054e-205,1.41225518601361e-69,3.91809241926842e-13,5.51467953808258e-82,2.99886040358194e-15,1.55548259849125e-15
"1BS0",1.39943373795261e-18,1.84087714332679e-22,4.42686195864621e-21,9.76128050343014e-21,0.682787038474474,1.13669989639412e-82,1.93200781622534e-86,0,2.12157084862937e-09,5.50325968674216e-255,6.23508387309282e-67,1.88286943645849e-11,2.92127667626886e-77,4.97551088084814e-15,1.03688522525902e-06
"1BS4",5.04407068877351e-12,1.47628287602913e-12,1.06112280399838e-12,9.98672630578339e-13,0.210897329977961,4.98988667261335e-44,4.64165299151234e-44,0,1.38229081156493e-05,1.06023451380626e-116,1.51130227957779e-32,8.56180311589427e-08,5.39805632832557e-38,7.93080374460921e-10,2.29032969042652e-08
"1BS9",2.66528999399053e-17,5.84616237315459e-12,8.72846856512403e-12,2.19584395476768e-09,0.0511412008894371,1.26748663891296e-43,2.16365372913505e-38,0,1.09518891482657e-05,5.84374195094653e-137,6.13167765576237e-45,8.97179422427063e-14,5.99285042019067e-55,2.96576850833227e-16,1.16291387320699e-16
"1BT1",2.58111804201644e-23,8.55873598302261e-25,6.38555553214464e-25,4.00875332419835e-17,0.0398941742669692,1.34989510966548e-88,8.48926954762506e-89,0,2.39155196861141e-07,1.37883862246257e-249,9.08509874731488e-76,1.38081032392085e-10,1.00776457345331e-87,4.99787509362144e-13,7.05902761795661e-17
"1BU7",4.29287037784666e-22,9.67404715526673e-17,7.20556866010009e-16,2.75070615808853e-10,0.0457310207770838,2.98711833803885e-123,4.91085369680402e-121,0,8.41145428778984e-14,0,8.92858144391052e-75,1.07710687039767e-21,6.27470426826588e-81,2.23149230390339e-25,1.23409094561581e-21
"1BVV",7.86220750818226e-14,3.54045105570715e-10,1.27913439368985e-09,1.1034982624621e-06,0.00356817080956537,2.35493758478261e-39,1.35131723326952e-36,0,3.48220884395369e-06,3.44499329107731e-112,1.76377492020803e-39,4.4102531243638e-15,1.14849539867786e-51,8.43967548914809e-18,1.12794710014056e-16
"1BVZ",7.35356606122165e-40,1.66467120860745e-33,8.98071641711088e-37,5.09461407519829e-30,0.000701797269583114,2.08723009366001e-140,5.33098278252277e-136,0,5.7662533836781e-18,0,1.14539149292318e-80,6.37817043455587e-21,3.85547096707159e-91,4.63398984521928e-27,6.74288132799438e-20
"1BWL",7.18514673252225e-31,3.76924803138004e-27,2.5963796906476e-26,2.57929215798235e-21,0.457678995378497,7.0538008018293e-95,2.40325940112144e-91,0,1.34227346292294e-05,1.61451054726107e-296,5.5810487732792e-78,8.39843748974226e-09,4.64195603911959e-86,2.34325202631885e-09,4.29741288708903e-10
"1BWZ",4.39503481996157e-21,1.67141966597929e-21,6.05166638283771e-19,1.4414859551281e-22,8.99656763022769e-06,4.3333218300466e-71,2.85130044962612e-61,0,1.93944929253496e-16,1.0363397269516e-190,3.36398546597202e-48,1.77409041366869e-25,1.33058180266993e-52,4.00180695166712e-29,3.20460050029816e-20
"1BYA",9.07596582894694e-36,1.14573888728381e-35,3.97230964595779e-35,7.90127156529339e-23,0.222352602142307,2.93443108710106e-114,1.49572876819251e-109,0,2.08666145808682e-11,0,2.38945451021813e-80,3.16774480117224e-20,9.11153109522303e-90,1.31661677911152e-23,5.37054625904276e-20
"1BZC",8.09907997500766e-28,2.38656120312364e-28,2.39919133075251e-29,4.77163793600553e-30,0.0272442161929975,1.60514797888055e-89,1.47812204568775e-89,0,2.90038520165304e-11,4.17418659508295e-238,4.65645535603859e-66,2.16631110385448e-13,3.82090365256353e-72,8.66611217499613e-15,8.56193544165781e-11
"1C82",0,8.01674684942081e-41,3.99781802820729e-41,0,6.08864838202802e-09,6.48809357597652e-187,7.03913196075615e-195,0,1.47797662850963e-35,0,2.80450238252719e-118,7.0477940422862e-49,3.55930640022825e-125,1.05179639786915e-52,6.03144199590421e-30
"1CA2",3.97268875985799e-35,1.71151512670335e-27,4.75363949260849e-29,2.09912738402499e-21,0.0359461714441314,1.85167229375519e-62,1.44292374233589e-61,0,7.01396113361753e-09,2.52277171105699e-179,3.37401193453973e-57,1.2157580275208e-13,2.35117001526987e-66,1.5382341090311e-15,4.16324786077666e-17
"1CB8",0,2.08778298922035e-46,1.79069909923166e-46,0,6.97113464897215e-06,1.49419886216901e-157,2.08731450837462e-158,0,3.58337028926679e-19,0,9.67145357287313e-104,6.53228010076066e-32,7.49439486368168e-114,5.63895553273376e-35,1.1077882278711e-15
"1CBX",3.23713910385044e-20,1.17163214971009e-19,7.60234964246217e-21,8.61754601872605e-20,0.163765387921906,9.00834596128061e-58,4.50216300654212e-54,0,6.19502002321572e-07,3.04235845576339e-220,1.73813717980243e-67,7.49877817091449e-18,3.80460576057346e-80,6.38389690500685e-20,2.25371129822956e-21
"1CDG",5.21159687576089e-40,1.2099448587438e-26,2.30501602275276e-27,3.49029332832369e-11,0.00674743381295165,4.64368993539659e-132,1.34926092514092e-122,0,4.70983774351229e-14,0,5.05418481725061e-99,7.32488442292076e-23,1.05207117942464e-113,2.15987114051593e-27,2.34566106116857e-14
"1CEL",6.28645716331941e-57,3.15357341961399e-40,3.76461605178638e-40,3.79212402244909e-30,4.59636656316379e-06,6.21279743787334e-107,6.22959727956399e-99,0,3.6976847980793e-12,9.37237337986228e-298,2.95237138359437e-80,3.1562796885723e-25,1.56531927189431e-92,1.36469803612116e-28,3.32503562315055e-16
"1CHD",6.45321856623307e-15,2.77893766153568e-13,6.83942912826287e-12,1.46237345669084e-08,0.291974618232291,1.96864676103771e-54,6.16379967916886e-50,0,7.56639981883804e-05,1.49505594963179e-132,2.78630487431025e-43,9.63987030650635e-11,4.80883786731373e-54,6.40331516719199e-13,9.30269425802245e-13
"1CHK",2.31558848141316e-16,1.16662922924058e-12,1.01583878328196e-11,2.57248058118829e-07,0.0110538449868359,2.66770799194875e-51,7.63450034060836e-45,0,2.36086508652456e-10,4.56054659561239e-139,2.32106828094662e-38,1.31357703767695e-16,7.30442052350052e-50,3.38391950012151e-21,2.76528202777268e-20
"1CM0",1.0387038373991e-08,1.09474434069126e-06,3.64855199795408e-06,0.000115400285257266,0.0622949422899334,1.05336975951127e-38,1.42330875474632e-36,0,2.11513491590688e-08,3.24589904977265e-102,1.05715361213635e-40,2.93205561398887e-14,3.54009122850061e-47,8.99891439472332e-17,9.64559890513925e-21
"1CNS",1.20245595670386e-35,3.2747230974747e-25,1.05091380147554e-24,6.31085915482607e-16,1.43915995783435e-05,3.97158163330882e-54,1.68488620394606e-48,0,1.50467509932654e-12,5.09895042757148e-150,3.65273766773142e-47,4.04067890173538e-17,1.3185761484969e-59,5.96952692676532e-20,9.79602249808236e-21
"1COY",9.15345107146428e-26,3.62005206720793e-19,1.58948735452571e-18,1.78996820572048e-27,0.00507833334094913,1.41605420570527e-105,1.53704444279337e-99,0,5.16624509563046e-12,0,5.81765341437423e-73,3.68387728925442e-19,3.38305392760124e-80,1.26759422619845e-22,2.25487285751121e-13
"1CQQ",0,7.02285813352053e-09,3.92589625148274e-07,5.53580475647426e-05,0.0203330524454278,4.14790374412594e-46,2.50572545750527e-40,0,3.91787772610293e-10,2.68944488022861e-114,3.76430684044263e-45,5.76759470198499e-17,4.03996063177818e-55,8.16196214973376e-21,4.94997241545208e-16
"1CVR",2.10432923910859e-20,2.77339617019817e-16,6.28227123544063e-16,5.56135580807132e-15,0.0859026452410038,5.02459832888505e-100,7.86919113579239e-98,0,7.65275492689926e-09,0,1.38785584559433e-86,7.86089004911668e-17,3.46791320720092e-97,1.833551072474e-19,3.77675571244802e-15
"1CWY",1.81158181178135e-42,7.1686909759418e-38,1.41105999299802e-39,3.03600862756532e-45,0.916258531134868,3.60343323558896e-116,7.1635128131341e-118,0,3.61602669893333e-06,0,2.27853650695066e-74,3.56056258841649e-10,6.90869506173155e-85,5.60196737951215e-13,1.39727640122445e-07
"1CZ1",0,1.34795083236707e-34,8.31664274296499e-34,0,0.0256709295932914,2.68671769715946e-92,2.76542385424377e-89,0,5.72326257190304e-05,1.35923874100995e-290,2.99539410280573e-87,2.43674887202474e-12,1.26575812896678e-99,4.14611964246965e-14,1.51545649769295e-13
"1CZF",1.73509776781598e-25,1.50371853705781e-20,6.4106039137912e-18,1.41567228549661e-10,0.286130739350425,2.24599497302734e-68,2.14182126978898e-62,0,0.000714580089963707,1.90839770918259e-228,1.26494179212524e-45,4.91549310661001e-11,3.49666297151306e-56,1.14112174395546e-14,5.3662235885649e-23
"1D1Q",2.01261799289875e-11,1.40601141790645e-11,3.85274505031212e-11,7.22934245977172e-13,0.040478486065757,9.59690699583559e-43,2.93183714339971e-37,0,2.02036023487854e-08,3.82551520861443e-114,2.45594907384819e-36,6.20677857929061e-12,2.28604696809937e-42,1.06017026971184e-13,4.95540874006945e-16
"1D4C",1.51931572257678e-30,1.55195338155598e-29,8.61836341475512e-28,3.10484419255629e-25,0.055235466611798,1.44541563014547e-136,1.12260262663389e-130,0,2.24076935125803e-09,0,1.86966107171744e-89,1.19601357374707e-18,8.0928122350284e-99,1.02877278199325e-20,9.68892563850344e-12
"1D6O",1.00132459602874e-10,6.35624786635594e-08,8.06693377921199e-06,0.00194302146649449,0.134338521337127,1.35643855005499e-26,3.50921871104313e-23,0,1.93935010839388e-05,5.04583582998559e-55,1.53823567886977e-19,1.22490086123778e-06,7.72387081033239e-27,7.67714972888595e-10,4.22714256153067e-12
"1DDJ",1.4241121744127e-25,3.14177027725595e-23,8.80467833488897e-21,2.02082354016026e-27,1.55996142044677e-05,3.7721441282168e-63,1.03727238506876e-64,0,5.66782950313743e-14,1.84697480052279e-177,8.79988200508119e-60,4.96859820504084e-19,4.73671265454417e-68,4.15607318786672e-22,2.27082586809284e-19
"1DGK",2.12549258737801e-62,2.28520581378219e-64,2.00919745320639e-60,2.29139207678894e-47,0.00599421721218112,1.35225574458392e-231,2.65445659307111e-218,0,9.69158772444527e-21,0,8.56154506941705e-130,7.95547156991521e-37,8.33181942882725e-138,4.96539247612886e-42,3.95189319981518e-24
"1DGS",7.60862014957994e-23,8.17273763326251e-27,9.61908108815817e-24,9.15896335164721e-22,0.997053209366486,1.85530052965752e-133,4.64606841395997e-134,0,4.6642812536508e-09,0,3.92612707992222e-59,2.0876160628504e-14,1.936531743522e-69,2.27905005708527e-18,6.14170660581245e-13
"1DIN",8.4882951160698e-17,2.69595008351056e-21,3.91908742503017e-21,1.11600747440169e-19,0.000192043252294381,4.7857587054817e-52,9.26369028916962e-55,0,3.5240126433341e-08,1.04805812356695e-162,9.81426426649846e-63,5.45830068622803e-14,2.66880334523523e-71,2.65042074430701e-16,1.90447883101311e-13
"1DNP",1.69207608484068e-40,3.56433571740193e-35,6.46991226608185e-41,4.96839529038988e-36,0.00280245560510861,2.67558287612617e-115,6.79822262129573e-123,0,3.89335561281239e-06,4.94065645841247e-323,1.17051836449455e-58,7.71693967059370e-11,3.66006682932286e-67,2.16800495250964e-13,1.17565220613189e-07
"1DVE",0,1.26910341640708e-16,1.3363384048938e-17,0,9.75055859977925e-05,2.70367276303681e-55,8.21929270068439e-60,0,5.68998913764339e-08,1.6698526003363e-144,1.16652413233442e-38,6.36141850787746e-11,3.29223000254715e-46,1.40216004907374e-13,1.18657126389797e-19
"1E0C",5.80910757660042e-22,8.70149642118871e-19,6.7474546979443e-19,2.58039249226883e-15,6.67040082310881e-05,6.75918423189066e-74,3.14215021251454e-73,0,5.85270089005262e-14,4.04105101498166e-174,1.56710042192936e-51,5.57049892333623e-21,1.9496740784658e-60,1.15328861526662e-25,1.74456015212068e-21
"1E1A",2.39059506636367e-11,3.36262876628475e-10,1.54934989146189e-09,2.41601420985744e-09,0.00021529692049935,4.44818278072354e-82,3.31021653244622e-77,0,1.30663079201186e-11,7.25833254879485e-251,2.78399659123538e-73,6.05496013078876e-25,4.92994856098805e-84,1.94654182952275e-27,1.79652326171526e-22
"1E6E",4.08214827921586e-33,2.5247329942882e-36,2.30845133543528e-36,5.79594418773429e-55,0.0356624782515314,1.99816755712108e-108,4.20054974910977e-108,0,3.20251240607728e-10,5.08079038225415e-309,4.59066882295517e-63,4.11141182638091e-16,1.19778980458565e-73,3.17458130580719e-19,1.50515441870855e-14
"1EB6",0,1.33064512611452e-11,2.49919101854206e-11,3.44060387603372e-07,0.304668225010602,1.87562758564587e-31,3.13724556598459e-30,0,0.000961981743826009,1.5786045445718e-124,3.86545211557818e-41,7.42747793172267e-12,1.95563381801779e-46,1.06446255793565e-13,1.74774584879559e-19
"1EH5",0,5.26017847853923e-25,2.58457194146663e-24,0,0.579820987491565,2.05565304410364e-62,1.6851624252998e-66,0,2.07727274371385e-06,3.60966984988371e-197,2.92680980940433e-58,5.62182693880461e-08,1.12819305209308e-68,4.58802395037188e-10,3.25814087920047e-09
"1EUG",7.03617873404598e-26,1.63783141769047e-25,2.52133497663788e-23,6.7078813988925e-24,0.28453358827234,8.6207206511215e-58,1.98257126229181e-54,0,0.00030868457224933,8.65553906986024e-152,8.07711075634111e-48,1.18112257712416e-06,1.96222660324778e-55,3.09910963218817e-08,3.17908868625579e-06
"1EUU",1.05486411219106e-08,2.54525483692772e-09,3.15584229221624e-09,0.131947291640497,0.00893771742280453,1.54962443606823e-134,2.92854156935943e-124,0,6.93947427779598e-19,0,2.42873729336695e-80,9.45839181828287e-35,4.73444030730129e-94,4.19502817239804e-43,8.69005203850491e-24
"1EX1",1.2334401387299e-51,5.39972402043008e-36,1.07170586448737e-36,1.81107871224662e-28,0.0331780696847303,1.39737370324023e-132,3.90393918053491e-131,0,3.3589881678999e-07,0,3.54651579965278e-98,1.47429195897775e-18,8.36576022359768e-109,7.0595583676977e-21,5.79554021882383e-13
"1EXN",0.00053212954539432,1.67724561126486e-05,1.17896136881235e-05,3.12466258762157e-07,0.047742329497936,9.41996737980793e-64,6.58269099576987e-64,0,8.28065511058969e-08,1.1051297253217e-183,5.29455094331633e-46,1.18541943959846e-12,9.8414371031229e-50,1.36304775924834e-14,1.34552024772602e-08
"1EXP",1.041088938325e-22,2.1610738472549e-21,5.10210813269567e-22,1.12381774420816e-20,0.149015475686224,1.81960252520128e-63,1.55868106168268e-66,0,6.03786547508044e-06,3.12306054945117e-200,2.33909323527622e-60,1.92669089731795e-10,9.1080975128661e-74,2.41650530357832e-12,1.30080767041018e-13
"1EYP",4.94279065026413e-08,7.78178773670014e-07,1.66544199921693e-07,0.000311813280429398,0.00643464925368084,1.18859487473122e-54,2.43547973237594e-51,0,1.82341094753884e-10,2.68174201655228e-144,3.98422449725822e-45,5.25990045451873e-18,2.13572569743633e-52,6.42372414725962e-21,2.22189551543969e-17
"1FF3",6.11065213476659e-19,3.80473490592541e-14,2.36625274512061e-14,3.05061675245808e-12,0.0150450549483136,2.29983043748562e-47,7.07558536468739e-48,0,7.62563240858991e-08,4.51734417098798e-131,1.91653847183891e-43,1.13546211703391e-14,1.02932449025492e-52,9.38731761995756e-18,2.20558880137086e-17
"1FGH",1.38134115678476e-64,1.54425113561904e-61,1.19837722198828e-58,3.77926772185484e-84,0.00544283594529697,7.48147767423137e-157,5.64199492168675e-146,0,1.6669575481402e-16,0,2.8737872967195e-119,1.87884157581294e-33,1.49215671352651e-123,1.09244428861954e-38,1.51851819680212e-17
"1FHL",0,2.73839089276103e-20,5.99849473674012e-20,0,0.0173635602800657,3.07559971938735e-72,3.79573233747496e-72,0,1.39463361692377e-07,1.93796820565509e-245,1.01981059205224e-69,4.61067655632611e-12,1.15030258123189e-81,1.45240734329181e-14,7.29794481293797e-21
"1FOA",0,8.98406520294657e-32,4.98648150331518e-32,0,0.00669580403735006,1.55336589918457e-87,1.8749109452656e-92,0,1.88529897575823e-10,2.21050198913917e-235,3.90712773921439e-71,3.39805044708582e-16,4.22211398080077e-82,1.1320330761838e-19,1.11618217679902e-14
"1G24",7.31992874252156e-05,2.2371351348094e-06,1.17750086147439e-07,2.51453616810456e-10,0.0292227160802501,3.99139335399144e-43,1.32359955817229e-45,0,1.6133718861771e-05,2.08463256676824e-124,2.01603118010254e-37,6.62285659114206e-10,5.14770302174339e-47,2.68832635380785e-12,5.57971571861554e-13
"1G6T",3.64683975164036e-43,1.08943150160103e-38,9.85219603161647e-37,3.47781534078462e-39,0.389683195871626,5.17328159140508e-85,7.74663778273471e-77,0,1.01978603799301e-08,0,3.28642755324669e-76,2.46866599293784e-16,2.20344961786945e-86,3.75775593647022e-18,1.91379890003883e-10
"1G8O",1.05492808926946e-31,3.41447925897174e-22,4.24239968947804e-23,5.68056992772217e-13,0.0018834371782775,1.00293266735342e-74,7.25408243376704e-78,0,3.55933298159943e-08,1.65450419526651e-226,9.65037105765584e-65,1.52999257022373e-16,5.65989472851679e-71,1.92286179442506e-18,2.99511942266898e-23
"1GA8",1.0265149286405e-12,4.39275957944032e-16,6.75729521205833e-16,9.75803496620675e-18,0.00864892858976446,4.07569036099569e-68,7.33130969765186e-73,0,4.08469909169981e-11,4.03219019573646e-174,2.48421447445593e-60,1.08285063280195e-16,4.56825340996895e-69,3.3836098222426e-20,8.28336050448707e-21
"1GAL",4.40113450716779e-27,1.54988327777831e-25,1.31954341776758e-24,3.39846297351963e-33,0.103173140714442,2.35677987212869e-128,5.06880128907642e-125,0,2.02358493421563e-08,0,2.61729670184536e-92,1.2107838242732e-16,5.66838078371817e-100,6.83621177132651e-19,1.416916624623e-10
"1GCU",0,3.08680196473541e-11,3.06010078429413e-11,9.45957360119716e-11,0.0758560248251469,9.85766104645571e-69,1.11952402609966e-70,0,6.82183071592139e-08,7.21388557135168e-197,2.31817085956138e-57,6.42038752163338e-15,6.84508816409862e-69,5.97811515163383e-18,2.77413661092709e-19
"1GOG",1.36844174406681e-42,8.67859124157195e-34,5.95656935689813e-33,4.41728154650894e-12,0.00135427919695211,2.69523062698582e-142,9.69453189032285e-134,0,1.15228176945138e-15,0,2.68070472239904e-107,3.83938961734657e-33,4.68995696451841e-119,4.52005573103534e-38,2.20077572346053e-23
"1GP5",3.96006594110746e-23,1.96300217320073e-24,6.30667171142888e-23,5.37238314087006e-16,0.00157108891530049,4.04680024673952e-94,2.62653938652507e-91,0,1.11117713887005e-14,4.2038396662676e-245,6.93805853691233e-64,1.79650922849655e-19,1.3910101146456e-75,2.38497104861549e-24,2.09536686807988e-33
"1GQ8",3.84326857908745e-34,3.93439576542295e-27,1.32897115998671e-29,5.09015261454014e-17,4.24565649272652e-06,7.75781253321092e-71,1.43755714138132e-73,0,2.70663358977254e-21,6.35480299088124e-203,5.16313960688834e-52,1.33941781613757e-30,2.72420308121085e-65,3.45466326944771e-36,8.35499109285265e-36
"1H19",3.12136488509697e-60,2.26887233891441e-54,2.57798263494554e-55,1.17681778541553e-59,0.273201671209097,1.08031338174929e-143,1.82574596426777e-146,0,1.42142555651703e-14,0,1.03637851596883e-86,1.0300119513479e-21,2.60606462110029e-93,2.92219805909482e-25,1.48512344042453e-10
"1H3I",1.31946886100217e-08,7.7340761069471e-07,3.08264063326702e-06,0.000922298595985837,0.942240443763299,5.63477931839484e-70,1.55879041940338e-70,0,1.55869032032191e-11,2.79559926459441e-187,4.4778741830986e-52,4.78931331783328e-16,2.29194103075072e-65,1.17294631329191e-20,3.02931460851519e-16
"1HKA",1.7800573687229e-07,1.02140389015779e-09,7.98327634362497e-10,1.49048656642574e-08,0.131971296780404,6.45649681397557e-38,2.092171295978e-37,0,2.43627467826079e-07,3.72806351504743e-102,1.59053948289749e-30,3.55226606335129e-10,6.59525830667003e-37,1.94523659722573e-12,7.92589441104909e-16
"1HPL",2.1280030331519e-55,1.96496661104655e-50,2.02900902378192e-48,1.37757857226549e-36,2.05042908218636e-08,6.45614215462882e-106,3.70118616602034e-103,0,2.29461369213446e-20,0,1.23372361951534e-71,9.36764162070564e-29,2.33834935311571e-79,4.6912634352802e-33,1.47742023467273e-18
"1HPM",4.96418147657044e-12,2.81996862797996e-10,8.24856832203579e-11,6.18915331685379e-31,0.369500749083285,1.81301541383483e-83,1.29006199971158e-79,0,8.12410842244223e-07,5.30500875293269e-253,9.72014959913065e-53,1.01618879094654e-12,8.14145629097926e-59,2.49592788956519e-16,6.94412264384111e-10
"1HQC",4.84979449383927e-07,3.47829850122111e-08,7.41393346060748e-08,2.1367368374916e-08,0.167839334629779,2.93357529015063e-69,7.1325753820884e-71,0,7.17354498695965e-07,1.4036776507647e-192,4.19602021106771e-40,9.26970240345627e-11,2.36687507929948e-52,2.65348599092312e-13,1.00522718169892e-11
"1I1E",2.66015068160765e-66,3.96543012005219e-61,4.33085034388955e-61,2.43706421194203e-21,5.96453041731601e-13,0,0,0,5.45929019015701e-37,0,6.03324829806484e-140,5.5694183799633e-59,4.94230713498714e-146,8.10147638271816e-66,2.42830417919232e-32
"1I1I",2.78405648605235e-27,4.99482557275644e-28,1.36483813807081e-28,3.56254124688158e-25,0.222932704183815,4.05197480171235e-149,3.55844451049307e-154,0,1.8720713065425e-10,0,1.61863985370276e-81,2.6513739778593e-16,1.0944874899212e-91,1.1743800401106e-20,1.96050773497887e-20
"1I9A",2.62005752011733e-09,6.55025791638209e-14,6.46216833957832e-15,3.21709502998899e-12,6.55060572104808e-05,1.16675168217717e-37,7.48345457143169e-41,0,9.06501639995714e-06,1.77092347710343e-113,3.38279521273751e-31,3.02174777765615e-08,3.1647076605119e-41,1.92985097678691e-10,3.22779821010399e-09
"1IDJ",1.92781969759433e-33,1.65466016345574e-30,5.496688058854e-30,2.36196481203252e-24,4.58036677451425e-06,4.58192260275468e-74,3.36400248818307e-73,0,7.3807647378229e-12,1.13659891069053e-245,3.12763033859669e-55,9.76375175475962e-25,1.2944946498066e-67,6.29545704648071e-29,8.96310561858626e-28
"1IG8",1.93393044584508e-30,3.81630238978096e-44,7.63456398494567e-41,8.64630882919371e-40,0.0012261979492241,2.45653228592601e-124,5.78369280183053e-119,0,4.71565263263292e-13,0,3.82729758082304e-66,1.22281484487687e-19,1.13896525635628e-70,1.84012390010123e-23,2.99032422347706e-22
"1IM5",4.11124477195498e-20,4.57135508013475e-21,1.01111753658061e-19,2.0444851907787e-13,0.398076660132637,4.39919763118587e-42,2.33260513855115e-37,0,6.74538899917443e-05,2.58173702095495e-116,4.63420281683243e-35,8.67891733647226e-08,9.0737205106685e-44,3.89807897557466e-10,6.49764113125271e-12
"1INP",1.4586491173232e-15,4.71768605361833e-16,5.08334390983765e-15,4.53337747936327e-17,6.42250310655557e-05,4.79979088602257e-101,4.33102204661515e-97,0,5.03510689323805e-23,6.08501699816722e-292,6.89920685395213e-87,2.97543875956419e-29,2.5595583650187e-103,5.10386918727169e-34,1.7888567290033e-29
"1IU4",3.81555288208319e-11,8.63580287879187e-11,7.73058027076812e-12,6.74319873086201e-07,0.335948233574567,1.4296736847433e-85,5.57390748251006e-91,0,5.95710741413838e-09,1.14299878383758e-216,5.96837902278228e-49,1.84823547934547e-10,5.9906272892697e-60,4.95880999733255e-13,4.56973958878837e-15
"1J00",1.07848859020187e-12,3.24195211767427e-10,5.71367226191546e-09,2.56022803559485e-07,0.0901410654856021,1.03828470736309e-39,2.28093496509058e-41,0,0.00120925984652726,8.81767765238499e-116,9.72243847962948e-41,7.14279632892557e-08,8.35871099774898e-44,1.30937619319305e-09,2.35496505738447e-09
"1J09",1.937330582505e-24,1.78968326467118e-21,4.74870835907812e-19,3.44118041196879e-28,0.190067935662017,4.45215340447348e-102,8.26071041477725e-100,0,2.8915626315801e-10,4.86488966974414e-286,1.11931312456291e-59,9.63965937656939e-16,4.30874335437263e-71,2.44766155722005e-21,1.38004874561144e-14
"1JH6",0,4.0364929823746e-13,8.92791555485778e-13,6.82052094606273e-09,0.178983215772108,7.03849621559833e-46,1.20948163645523e-50,0,3.8303247550771e-07,4.38954463691468e-127,1.18074766617286e-35,6.65877076753145e-09,7.18514851871803e-42,9.5147801605304e-11,2.00469341607547e-12
"1JMS",1.41847132080932e-22,9.37397567433648e-23,4.19540041946537e-22,2.94442976652058e-23,0.0276896350619123,3.73702477922438e-83,1.78191110049601e-82,0,2.77754037360691e-10,3.08457559056801e-233,9.43340808867835e-48,1.82475044381729e-15,6.73259911057036e-56,1.18548343948604e-18,1.39399973382771e-21
"1JOA",4.08049487147988e-22,9.05466729181644e-20,2.06939659625449e-18,9.76098460934741e-23,0.0973045588609077,1.70120559944542e-115,4.95057337359259e-115,0,9.76270941605305e-11,2.77583307488381e-303,1.34142313939264e-59,7.30825880514593e-18,4.62169496605856e-63,3.19636816002186e-21,4.26355566263231e-16
"1JS4",7.96811582048417e-49,6.45803432192308e-40,1.75201801868102e-40,2.87702434913121e-49,2.48752126626113e-07,1.98392716091374e-131,3.97091462686846e-123,0,1.3984705426255e-13,0,1.67211480309618e-110,3.38862972050993e-28,2.86365327440626e-126,1.05767761042532e-32,1.55902072419293e-17
"1K30",6.23999946148949e-18,3.68932961124261e-11,7.811536628687e-12,9.85695225855954e-17,0.0289985730028309,8.42169315400803e-95,3.18781762883625e-98,0,2.8940378616516e-06,6.74712797255307e-248,1.02036608459971e-63,6.36955902325681e-12,7.27702812494727e-71,2.73660330784232e-14,2.04831230047748e-09
"1KL7",1.00131660297796e-30,6.13675094494165e-36,5.4109094439019e-35,2.53052426651613e-62,0.166963162054457,6.61097845953017e-123,8.3688417905635e-127,0,1.02158517328374e-16,0,3.01997942135275e-81,7.43582584768741e-19,1.7230280606043e-87,1.49419425562225e-21,1.49930101764843e-14
"1KNP",1.34178687840968e-40,4.25649183130164e-44,1.06790272084435e-43,5.44940991597343e-42,0.00467509642583891,2.12066525156592e-119,3.69888383762522e-116,0,3.11702871846742e-08,0,3.0372994398983e-86,3.47216195098563e-15,1.38438238199817e-92,8.42816816981832e-19,6.93082736801183e-11
"1L1D",2.39300036810835e-19,7.75269101618084e-15,1.96866434483058e-15,2.48659891063195e-12,6.17024814566611e-05,7.12828024898658e-36,7.59907403006465e-35,0,2.29329566488212e-06,1.39076993841504e-84,8.89929308375699e-34,3.43292960660127e-08,8.55650224512414e-43,3.60298879038627e-10,8.32479490505101e-10
"1L1L",9.87782704628007e-29,5.22816645309626e-24,5.17151283249894e-23,6.5128777454609e-38,0.458761203040197,2.06574789643884e-162,7.41287563172544e-161,0,6.85230136918971e-14,0,6.37776734883082e-102,8.81601304288923e-28,2.76130548028233e-108,2.91955001788411e-31,3.05454311705983e-16
"1L6P",1.53596087950669e-09,2.58018802261991e-08,3.34516679003813e-08,0.00320516224217207,0.92215096191621,1.17097812010995e-30,2.64049498507282e-33,0,6.03007052041873e-07,1.5614436909425e-69,1.57960040784573e-18,1.81989130243474e-08,3.42861186429873e-24,1.11652133839173e-10,5.43087957457888e-13
"1L7N",5.35818409563373e-18,1.42171879874503e-18,3.37487786189728e-16,6.31706705910582e-15,0.500207561785945,2.55892875955952e-53,3.21050501952674e-47,0,0.00298742919806971,3.55423044116915e-157,2.23937472197099e-38,2.23638520107873e-06,1.12085174338776e-40,7.43919322588456e-08,7.99570897706128e-07
"1L7Q",2.12476769895545e-32,1.37251444860631e-17,4.22674039128994e-17,5.911637449586e-08,0.0163520268168435,1.63507375000177e-121,1.65974869639669e-121,0,5.12596309615887e-18,0,3.54732544390193e-97,2.87563697270215e-30,2.03872315150814e-107,5.31497593054046e-36,1.83896157936843e-16
"1L8T",1.38926160430575e-11,8.61379078650731e-15,1.76911993438056e-13,3.68701185361247e-21,0.0765278710529785,4.15349155410882e-61,1.67563090220975e-59,0,3.02993973253865e-08,6.17609187191513e-186,9.27631849522566e-46,9.49720501392597e-14,1.22671410228287e-50,3.49277933505349e-17,1.82523737895953e-15
"1L9X",9.04872785957348e-24,1.63216737851043e-19,1.78906926923728e-20,5.57744737729178e-27,0.00181886192552339,1.96986781258561e-78,8.24508828210617e-76,0,3.86124835350685e-09,3.11871786324815e-232,1.96202719708133e-66,2.51255096329064e-17,3.87142188538069e-72,3.98051573203418e-19,4.19184484331726e-19
"1LBA",4.44248206005495e-15,3.72154569249125e-11,2.77597159090183e-11,4.43093125650415e-13,0.406484704107726,3.51734229982255e-33,6.85742219285448e-29,0,0.00162867293176958,3.45428901347472e-91,7.76772967383661e-37,1.48095339744753e-05,4.31317906757095e-42,3.54965682453858e-07,5.2697909949823e-07
"1LDM",7.40805391812229e-20,9.12873609249257e-19,8.57822106436046e-17,1.38008174675273e-20,0.00953712159969428,1.55705615997705e-82,4.89455048006434e-78,0,3.7229361385662e-12,1.4654715014508e-224,8.74304930850926e-73,1.21049057704029e-17,1.49262384499959e-81,7.28132346793e-21,3.96607106070169e-17
"1LJL",7.58398009310694e-09,1.03089833887732e-12,4.88751176671347e-12,8.79412469900891e-11,0.331625468448808,2.07338370643892e-27,1.91125865144633e-29,0,0.000194951566998628,9.23984994414977e-91,7.18666143311572e-31,3.76446295015676e-06,8.03583969995015e-35,9.48648954103979e-08,1.02176731500685e-08
"1LVH",1.79147915321753e-16,6.87378264739461e-14,8.92098763001729e-13,2.26068832893274e-22,0.365510870066624,5.14319284398286e-62,2.35006064523212e-60,0,2.69797889585608e-07,1.34823437230732e-132,8.46295687835247e-35,2.61767854435822e-08,6.25798379177105e-38,5.71528191614585e-12,7.9903433391072e-09
"1M53",1.51822546007439e-50,3.39629376437404e-49,3.49164076740493e-51,1.11940206235871e-50,0.00180770947958487,1.55957884013915e-130,3.80502525133074e-127,0,2.60564177537239e-12,0,1.37948212957776e-105,3.65237012194821e-15,1.08135183964916e-114,2.61544009764632e-18,1.10075073220978e-14
"1MBB",7.4775600031772e-23,3.49878123388074e-23,2.13605567943248e-22,2.96496139230041e-35,0.877480582581932,2.89174186376487e-86,1.00644270888259e-83,0,4.03032136673657e-06,2.51660673255456e-231,6.42118445388046e-46,3.66251088847187e-12,5.68468020356144e-52,5.10269265456374e-15,0.00151763420250024
"1MJ9",6.55214820838029e-14,1.71300701155942e-15,4.59551237982351e-15,4.80541687086037e-21,0.170981825122062,4.90846439055254e-80,1.02195503747029e-80,0,6.92150110803687e-12,7.54637615384959e-189,3.06357237961327e-58,4.69792701214361e-17,1.86831752126884e-60,8.56462394809044e-19,8.79121094790683e-17
"1MLA",3.82026946760819e-20,8.94183242397998e-22,1.50709589596519e-20,5.50067434841441e-23,0.141289742198798,2.10065631470718e-54,1.60601701077074e-53,0,0.00133421951339474,1.88613873075236e-207,7.74465741076704e-52,3.93097792288127e-10,3.18007195946297e-62,2.40079518264245e-12,8.18410149711756e-11
"1MRQ",5.74385448072027e-24,2.9899792062484e-22,3.02490420063563e-22,2.07626403819476e-18,0.000701136815001113,1.79742326113627e-84,4.53345786100782e-81,0,1.25161076228373e-09,9.54195860461882e-234,3.45161939463498e-60,1.87328698265817e-15,8.68182754705092e-71,1.30615431673707e-17,3.74748415382915e-17
"1MUD",8.39460583269959e-21,7.20508488622734e-14,1.30826028265443e-14,1.57685046914596e-11,0.0701901902262029,8.76628068687965e-45,2.23296512503261e-43,0,1.49103902939527e-06,1.12377277981762e-139,6.47518904167851e-38,3.32465807501774e-12,2.16952803432657e-45,8.20678761572787e-16,3.73417779956553e-16
"1MUG",0,3.27735358788812e-10,5.07930901959795e-09,6.64517920192082e-10,0.534690499949293,2.04702393770269e-44,1.86449269173987e-43,0,1.28475432376486e-08,1.24320343101043e-101,1.34479165728642e-30,3.79147006970395e-09,4.40955739654952e-37,1.23748508974576e-11,9.38892633641205e-16
"1NDH",3.93713613378291e-18,4.27474755456024e-14,5.08202929587204e-13,5.39358990889208e-12,0.249777780338066,4.78328878922404e-60,2.61819690260353e-62,0,2.27753546854839e-08,2.27388082006535e-180,1.67195173327557e-45,5.37829021278555e-11,1.9895615893475e-54,2.33773108881539e-14,6.09649749381418e-13
"1NDI",5.56222217985258e-61,8.6457451327284e-60,1.66665572026263e-59,9.56269733062212e-39,0.000304018667495258,2.02906027896608e-157,7.03561427502306e-163,0,4.46640007639148e-15,0,8.89899231326209e-95,2.0155574778855e-20,6.88360134952416e-103,1.57072736210076e-23,4.62969872148707e-20
"1NLU",1.50305309425649e-29,2.24473229718253e-26,2.05591432645655e-25,1.94647566747519e-29,0.0123400940227593,4.98749072196069e-82,3.11024033125941e-79,0,1.0630234601076e-09,3.70100911339751e-262,6.37809511876206e-86,2.8819389709481e-21,9.58330973184453e-100,1.85589985733314e-24,4.91021657591823e-17
"1O8A",5.12824030330282e-57,2.56989800237717e-47,1.4181978076866e-44,4.50731868832491e-27,0.340626818491588,5.07594110302015e-143,4.14447357526278e-135,0,1.45089860443366e-07,0,2.36676931697784e-88,1.22587616510954e-13,4.35675171455744e-98,3.26407958870651e-17,7.90050832487778e-12
"1O98",7.96576529914546e-35,6.71193185334226e-42,4.42266366569274e-40,1.00291852588395e-57,0.382035538012744,2.65791598911039e-131,1.29172488205992e-120,0,1.45850272924847e-14,0,8.37368934178691e-97,1.76520525246778e-22,2.43475150336085e-104,1.07313987334774e-25,4.80015683046754e-13
"1OG1",0,4.8878548788886e-17,4.09696274340772e-17,0,0.0184328104279494,1.62099373217028e-55,1.29763318293492e-49,0,0.000230281695244382,4.84600487649993e-138,2.71286984975966e-47,1.08513668590801e-08,5.86689512568101e-58,1.81007113798564e-11,6.20450917884035e-11
"1OGO",0.00016904139831707,0.001698397336138,0.00625636918695491,0.0409674822098353,0.507822445953769,6.13652732816735e-131,1.01202030498818e-120,0,9.5491262804488e-21,0,1.97298351985992e-111,3.73784790141024e-37,3.57412362221103e-126,2.7432948557907e-42,8.5119924235167e-32
"1OJ4",4.89957258956688e-28,4.3269872134807e-27,1.87591126581415e-25,1.99848436728501e-31,0.00121648530377852,1.23319747275147e-68,4.39148375639303e-67,0,1.25553977005773e-08,1.94026472249439e-190,1.79028931171182e-50,4.93434194700277e-14,6.86428451423826e-52,8.43335712957716e-17,6.71900435127958e-13
"1ONR",1.12368701517271e-36,1.95625130259771e-41,5.31335150170869e-44,2.97788198272607e-52,0.00109544100061391,3.15412368132034e-71,5.44948068500956e-76,0,7.84531049396649e-07,7.05244899293525e-228,3.39474359497755e-66,8.59175345055295e-11,1.95412749043599e-73,7.26979420698888e-13,3.45108333229386e-13
"1OPM",1.12408339117751e-17,3.56607263491974e-14,3.10145766335633e-15,2.83968845796322e-11,3.49670176851585e-05,1.79415065153188e-80,2.23138300287566e-78,0,1.71801400047106e-22,8.02319001023719e-217,1.87925121349443e-53,3.21625755390318e-34,1.50736907312421e-65,3.81387540014372e-39,2.24979126612143e-28
"1OXA",1.55923994386023e-15,2.58498836072051e-11,4.81346810815087e-11,2.0232108657004e-08,0.000178907717554516,9.11230830966332e-91,1.73055053974434e-87,0,2.40686698987379e-10,7.5887394739858e-267,1.53424019846985e-62,3.5153934686427e-17,1.03820971672413e-70,5.18644369509188e-21,1.79143267420451e-14
"1OYG",1.28349458004012e-23,1.93869846224302e-23,1.9151285488894e-22,7.85775892201362e-24,0.000858076546338537,3.5745172753892e-112,6.15244174921572e-100,0,2.26018032121435e-11,0,1.23132673690424e-101,4.97368877802682e-22,8.57237482669177e-113,1.24827069253979e-25,1.37136624289252e-19
"1P1X",7.07750388325004e-23,1.70401395609475e-18,2.38262456573738e-17,6.6014817608737e-20,0.220561143042759,2.49380207724074e-55,4.78882954255065e-52,0,9.8240009376135e-07,5.37583636602991e-173,1.15310820135768e-50,5.63549997948272e-12,8.5590676110861e-58,3.21399205806078e-14,2.29317529537999e-13
"1P3D",1.83088276238509e-31,2.71318493966013e-34,3.23429560228615e-32,6.33556527021589e-39,0.023802771369547,5.19679762066938e-97,1.71781007629581e-90,0,3.41665880764518e-15,8.00708517303074e-305,3.37756721336432e-65,1.55115160415783e-22,3.89500330434063e-71,5.60135165539326e-28,2.59820951076748e-17
"1P5D",3.0495548420082e-36,1.83996573665816e-39,1.70295586099673e-38,2.37744949695721e-42,0.0835783309836868,1.4036748927283e-110,4.87585050390842e-108,0,2.75578053749363e-13,0,8.28738572745063e-80,1.6367852083479e-22,2.61920021801738e-90,3.70365046367971e-26,1.5164635674161e-14
"1PA9",3.17062059078564e-13,2.88645117099415e-17,6.27604564575735e-17,6.56519149331915e-20,0.585690323884018,1.19955356249719e-64,1.97764539349131e-62,0,2.28476507277973e-06,4.20677872945168e-176,2.56732988685281e-60,5.95163712153993e-12,3.37602706696194e-72,5.16322636513139e-14,4.74360338215105e-10
"1PII",7.28662563733447e-48,3.38029986150223e-51,2.24934615886131e-51,6.02839264060184e-33,5.59914985124203e-09,8.35794713440503e-93,8.34557147072738e-94,0,5.99359659534831e-17,0,2.13512052250155e-75,6.2061813735125e-33,1.48844385813722e-79,5.1201084615365e-37,4.29511973955105e-28
"1PKN",6.98861188667436e-22,2.4654947754956e-22,3.30187183482713e-20,1.83916326252045e-28,0.220561613802165,7.30237151023015e-132,3.48271539881146e-131,0,9.1474123318591e-11,0,7.39032840042422e-73,1.23808411124797e-13,2.48847823766189e-84,3.19467856106431e-17,3.44504102623544e-15
"1PMI",7.59994004655014e-29,2.28185608909424e-27,2.57127003793796e-27,6.31239795657254e-39,0.0840566337641006,2.26188261470599e-115,2.46460795979329e-112,0,7.27636064487787e-17,0,1.59490494659656e-76,4.42251935466267e-23,4.94637282989215e-86,1.15289286861188e-26,8.25488667668691e-17
"1PP4",2.65721357213593e-17,1.35258685747115e-15,9.95290783123837e-15,8.56566399907541e-11,0.522577479681065,3.87532093186261e-51,3.79794104033204e-45,0,8.07874497679515e-05,7.60249895891967e-147,1.14386004653001e-42,9.31329249932163e-11,2.40570200319452e-53,8.40115377884247e-14,8.89540957603186e-12
"1PS9",1.74631449789965e-50,3.3610464848822e-44,4.65881825773571e-45,5.4909416152003e-58,0.0303620460618768,6.36639954337652e-157,2.62841867384628e-146,0,1.89505624106238e-13,0,7.82497347101688e-88,2.98254114004046e-22,9.91607634598688e-97,3.12403343093397e-28,8.75969138001234e-14
"1PTD",9.13473463115237e-18,1.20078991722041e-22,5.29693079739768e-22,6.96643912737333e-26,5.49007709588504e-05,2.34635422638846e-72,1.71845859998066e-77,0,8.0514343509019e-11,8.10089007175196e-227,1.93420689175483e-59,1.10363594555064e-10,3.46460838228312e-70,1.31727474251925e-12,1.01845883410784e-15
"1PUD",1.13236807377389e-20,1.26144277528443e-19,1.4020443527921e-19,1.09620549681985e-19,0.476118124943246,4.02398958897473e-91,2.19576851505389e-83,0,2.71141173305404e-06,1.42626506469049e-250,9.40057140161069e-71,4.62047002793254e-12,2.97778486591896e-77,5.52223956067173e-14,3.47878671218467e-08
"1PYL",1.37423643651504e-07,1.3345273734105e-05,3.55080323255543e-06,0.0164030567997037,0.533853895321098,2.79204192471222e-19,7.44046044948927e-22,0,6.33895383257668e-05,1.16906455602172e-46,3.96382604739252e-17,3.37391845654002e-08,5.31188546375733e-24,1.59017182276451e-09,1.03383704146287e-16
"1Q91",5.07748063258129e-10,1.40585219697565e-09,4.63317906753805e-09,4.96117032972143e-10,0.199087535894629,1.71677997747135e-51,1.10976635701568e-54,0,4.13515967901196e-12,1.64664416360229e-120,4.64190706337509e-34,4.60501361105562e-13,3.03636885168742e-40,9.73670958383334e-16,2.29770462845909e-16
"1QAM",1.57035490158416e-07,3.88623451271849e-08,4.18619103800931e-08,1.02974715076184e-08,0.177121004906767,1.70501288999789e-59,1.03364133971087e-60,0,2.36457869848186e-09,1.91561953897633e-192,1.01230519625696e-38,2.00809168312869e-13,1.85543915955069e-41,1.93558216052914e-14,5.09829848434755e-14
"1QAZ",0.0233840636651048,0.0155811414949354,0.0343342183077472,0.719015820957068,0.262666669235415,1.10332440108697e-75,2.20629984285584e-72,0,1.31847498962081e-08,9.55518511564137e-240,2.91441181512629e-74,1.07486065998547e-16,2.99112351096809e-87,4.89883117176414e-21,4.99857966670447e-29
"1QBA",2.01575626645677e-58,4.29035774574749e-52,7.44574005670313e-53,5.06368861545439e-42,0.000123250987663577,1.02814548697195e-188,1.51263583202451e-177,0,1.21663740475455e-13,0,1.07394802276877e-119,4.69725580395222e-25,1.45076406874153e-138,4.15187019436843e-30,1.11097016848824e-10
"1QFM",2.74057166084266e-49,4.0334521927797e-47,1.01564097669632e-46,5.26302847353474e-36,0.00357030341967628,1.76841584236214e-162,4.8953785894486e-164,0,4.00237742928959e-21,0,3.1002724867126e-96,5.13413504701548e-36,2.65323973731798e-102,1.50684976983276e-41,5.29256602397602e-27
"1QGX",2.21228282983438e-26,9.11461747653478e-24,7.91014228443255e-23,1.86997485852438e-25,0.00366080463053991,1.03332347736396e-86,8.83427689241774e-85,0,4.21759587177607e-16,6.84101981313487e-282,4.44133831478506e-83,1.12747922130524e-26,4.63438564377826e-91,1.69032017612535e-29,4.35046817239863e-25
"1QJE",4.21663921271568e-10,7.61207562738724e-10,2.51990277779214e-09,3.08569409894211e-07,0.263385899842393,1.81293220272213e-69,4.49560412327379e-71,0,1.33445156907141e-11,8.08997421300549e-234,1.50365071751571e-62,6.22863217316349e-20,4.25119238801691e-71,6.38339366709716e-23,4.38042126543174e-23
"1QK2",6.8321567822346e-27,4.91559084865536e-22,3.86096119379874e-21,5.87491596296967e-25,0.469816627001982,3.01959202780572e-92,8.17641342035799e-91,0,3.03139143275857e-05,5.43917875397853e-254,1.31614278732216e-64,1.53908902784163e-11,3.68567630910604e-76,8.47873235694624e-14,2.51801524574263e-08
"1QWN",1.45681794281311e-60,4.51326259714873e-65,8.70186420370974e-67,4.93130232412908e-64,2.63696995721697e-05,6.04145060095922e-234,6.62042873357469e-229,0,3.79562791753756e-15,0,1.16750251514127e-153,4.77766365059247e-32,4.95833858030443e-169,1.0773935275153e-37,3.06066358337587e-31
"1R1J",2.1052651535343e-44,2.42924623267412e-43,6.15560084806122e-45,3.22169109900556e-25,0.27238777816426,2.38661010322423e-177,1.04459946875632e-179,0,1.59963274517331e-11,0,1.18838328388672e-80,4.80094248434641e-20,2.44173235781196e-88,2.88388273477691e-23,4.53814708607806e-15
"1R44",6.74638833079056e-18,2.14708155204458e-25,3.80976566454147e-25,3.11736698568097e-18,0.531355756844059,1.1641660850261e-47,4.40593950760521e-46,0,0.00386692567348873,5.27484942650301e-138,1.17427688442675e-37,1.95065655892061e-05,3.70836464887055e-47,1.22852926178096e-06,2.14379971321764e-11
"1R4Z",4.77793455289842e-18,1.14322473672818e-14,1.17945215606086e-14,4.28652978220386e-11,0.00278947972292903,1.60050503202764e-45,8.61297165321545e-44,0,3.76747887893324e-08,4.46080060046069e-126,6.44404677150188e-40,8.98881094173399e-11,2.17893855516171e-47,1.43664279633147e-12,3.17782971999817e-17
"1RBN",3.87557323522207e-14,8.59327580303157e-14,4.95609375108403e-14,2.60773854586845e-08,0.0294548066322945,5.50594614471715e-28,6.15902807233324e-30,0,6.49977728111215e-05,5.05047425534824e-66,1.15274054912521e-25,3.82160134316069e-06,1.76001646098584e-33,4.41921653161341e-08,3.15102600232121e-10
"1RDD",1.23334405634538e-11,2.42284126179129e-10,8.17139235591755e-11,3.39558597682503e-06,0.687988092153788,6.51239811923034e-38,1.03806375620746e-39,0,0.00022473332595232,6.37205262041925e-99,6.20941187064928e-28,1.22183362311264e-05,4.2902297193273e-33,1.81461485476427e-06,6.12209207526076e-07
"1RU4",9.45088032713957e-16,5.44728515631413e-17,2.77938355642914e-16,8.37187335847209e-11,0.00983184014657908,2.00847548328182e-91,3.48953871609326e-92,0,7.61251459322199e-17,2.4957415032774e-285,1.00030108499962e-62,7.77728078246745e-28,4.85827447524931e-75,2.52944189581419e-32,9.50913823152561e-37
"1S3I",9.39056271719908e-13,2.59439361182423e-12,2.01671197867387e-12,7.69273226028762e-17,0.18123239325415,2.70072216760292e-78,2.30127338962253e-68,0,4.32558472210902e-10,4.44662300844852e-193,3.16168815168519e-48,6.07193489501928e-16,1.06503844631756e-58,3.00254686690402e-20,7.88708962924428e-20
"1S95",5.70518438029682e-27,3.26875107394826e-25,3.71948196424337e-25,2.28676029149437e-27,0.0576279001448364,1.18419384373978e-92,3.52270338192226e-88,0,1.07524636776823e-09,1.23698141772743e-253,2.31850884020355e-73,7.71134098276088e-15,2.87749825905368e-83,1.73011569769741e-17,5.62397483005494e-16
"1SCA",2.21890191064239e-42,5.91150232083186e-34,4.85156842008829e-32,1.85813415331399e-30,0.000218081049656241,6.91952616236348e-60,5.83167227065894e-54,0,1.51396568768798e-08,8.1537942453027e-195,1.09974315667693e-62,1.91280354571906e-17,4.72269851052505e-72,8.90258808300713e-20,5.26900396362227e-19
"1SLL",2.91469455715522e-18,1.33570230765249e-11,1.1570310455095e-11,0.000454995497628653,1.02570872116211e-05,3.2674306130441e-155,6.12268326943015e-156,0,1.83624882698059e-21,0,8.31493136921154e-107,3.82237288356595e-32,4.84921023770539e-119,4.81425421304066e-37,5.99010462276439e-12
"1SML",3.79673859093861e-14,2.67762069873156e-11,4.21218590502607e-10,2.06263861472299e-08,0.510442773847021,2.1895957939241e-72,4.86672705456085e-75,0,6.12163737818107e-11,9.91432003445945e-172,3.21455636084932e-59,2.84082404172565e-13,7.90368305840439e-69,3.85750811092565e-16,4.69487609446106e-11
"1SNZ",6.82146808843993e-33,1.9974897518836e-27,4.12349114732487e-24,6.40034791672153e-12,0.001926081862393,3.63447026271642e-81,4.06108551571415e-76,0,2.0535923934479e-15,2.06887578706232e-251,1.95594655173384e-60,2.20740214527635e-18,2.34355486693591e-71,3.66361801062768e-21,2.26031577989062e-13
"1TAH",3.15290456633552e-20,1.22159721210156e-24,5.60124460839401e-23,2.01925187082085e-21,0.0223067536899717,1.55456272862239e-71,1.36378311837394e-68,0,1.01322095977201e-08,2.21335867722589e-229,3.8123101419755e-69,9.17352017834755e-15,1.21797572080791e-79,7.42167668262896e-17,6.28802757752933e-10
"1TLP",6.40157092920395e-29,7.54008011027848e-27,2.55128054567166e-26,1.41455250124673e-24,0.000162892398033021,5.68772853881499e-59,1.29906447009405e-53,0,8.15548563162231e-11,6.75395319951903e-209,8.99322625502898e-64,4.02733453478809e-19,3.65449643342269e-77,7.87703238683416e-23,4.82780129494461e-15
"1U3F",3.22472605211294e-07,1.41621421669126e-08,1.02968347425858e-08,4.65451928279154e-10,0.869476406311539,1.01838532023264e-38,4.44927729738588e-40,0,1.4055421272419e-06,8.29052195617501e-111,1.8144809422247e-33,9.03116988490842e-07,7.2723770644832e-41,5.33026123780417e-09,2.72212664122898e-08
"1U5U",0.0552939161302169,0.0891171489812797,0.0882544646394832,0.0522137334738353,0.903067798476293,4.41822264358444e-86,1.10887016040389e-88,0,4.16045128291296e-06,3.39736655791078e-264,5.34576026220783e-66,2.1699475970808e-09,1.36289408372636e-73,2.60680128740586e-11,2.66173581989557e-10
"1UAS",1.22366495633376e-35,1.51454987835908e-25,2.1929864931499e-25,9.94652231272579e-30,0.161219282892745,3.12288449791604e-68,2.23944409637963e-67,0,1.14161812830008e-08,2.52112188755861e-253,3.23961975493272e-63,2.06857791195812e-17,2.35236459620448e-71,2.57151868484578e-20,6.08199754130496e-14
"1UN1",4.50357686417115e-20,1.65847309827361e-16,3.21806513438736e-16,1.32944797968553e-14,7.81940187205867e-05,1.67722952127655e-58,3.7164512232305e-58,0,2.35720956675401e-10,1.87582535898371e-183,6.65929889850348e-54,1.82934238546193e-15,1.66204509241751e-62,3.9430360872768e-19,4.61574786498523e-33
"1VID",4.56039256260853e-12,1.99382301627855e-12,1.583712660345e-11,3.95348903908991e-11,0.137318890372866,3.34976133964631e-49,3.31600013018859e-47,0,9.64782064887066e-07,2.52581607434948e-147,5.80493416245844e-50,1.14751713116974e-13,1.88305917539405e-55,3.46117424377693e-15,7.23767118974258e-15
"1VLB",1.36061594283185e-42,2.4363264328705e-28,1.32986255329615e-24,1.99934627237968e-13,0.1609290295526,1.42087615372864e-194,3.06490064575013e-180,0,1.48297663974883e-11,0,2.61507467597962e-126,2.65895536671576e-26,1.65538458081027e-137,4.32628847596172e-30,0.000151596057803828
"1VNC",7.26818730656694e-12,7.72488864924912e-13,1.09071511799513e-12,2.33354623985534e-09,0.104879162408691,1.39681299760397e-127,7.61208146900922e-123,0,1.21837475112662e-20,0,2.50415244139462e-134,2.85617172446193e-37,1.32405057273158e-145,6.61613538588373e-40,2.43669431237481e-40
"1VQ1",5.73355189869055e-22,2.35592340429374e-23,1.52957275987753e-23,4.50939989410343e-25,0.371095744392978,1.45553448564616e-64,6.66752164826047e-66,0,1.82203488233684e-05,2.02604238816953e-158,2.36524086068983e-37,1.0399678933372e-07,7.50212135315237e-45,9.42347305705212e-11,1.1784646870676e-08
"1W0H",3.69600669838468e-13,3.33413050115378e-16,4.85855521802371e-16,2.73636029033636e-15,0.0620107221591457,1.77121975049596e-42,8.33529869668938e-38,0,0.000313672801540111,2.52726095195364e-124,1.12915884370781e-34,2.04006951643608e-06,6.88334804592684e-42,1.5424559676881e-07,5.8932506905907e-12
"1XQW",8.16291775010247e-28,3.35210848413954e-19,2.80672266315689e-18,3.78818074521832e-15,0.792961547104896,1.52117740611309e-79,7.89799085965153e-80,0,1.96830672693706e-05,1.89327320429471e-229,2.83902339956317e-64,5.47214675171911e-10,1.20746194354206e-71,3.63390721987105e-11,2.62490099783268e-09
"1Y9M",3.79201370952181e-34,2.8461113665511e-31,1.5712381844768e-31,4.66731338663112e-43,6.77915245739521e-05,7.09856433209719e-113,1.72375346852419e-105,0,5.35814317594863e-14,0,1.09906740028438e-91,8.47542952081497e-28,2.20876122388376e-102,8.26785942821333e-33,1.19284708231647e-24
"1YON",7.1168318906765e-21,4.98420075176391e-20,5.44037890505528e-18,4.66669791028943e-16,0.0132740497735391,4.71492441870906e-75,6.10060203263611e-74,0,5.15827518866238e-10,4.68801294093089e-198,5.62862256851607e-54,3.10782720947728e-15,3.52641330554786e-61,2.86523233111255e-18,3.01636539222191e-15
"1YSC",6.0292325169694e-48,5.99018518312832e-41,5.16611338129899e-41,5.50883019594187e-38,0.117720962843255,8.92649198518063e-101,4.31685951168171e-104,0,6.92821238179272e-10,1.97626258336499e-322,7.60379092718118e-80,1.81216419487993e-13,2.37464282100037e-87,1.74203428215613e-15,8.30591496616242e-17
"1ZE1",2.78792669944685e-09,1.78508486185523e-11,1.38235042049482e-09,2.58303335350835e-14,0.0437020840545017,1.42019813028479e-66,2.90049404568931e-64,0,6.30206078682183e-12,5.81146606686845e-209,1.63434507196684e-47,5.95891796331326e-17,8.88484547694543e-53,4.58146085380728e-20,2.8285759057181e-19
"1ZIO",6.28198750043992e-15,6.36171069775771e-18,5.70520353944249e-17,3.81222459793306e-17,0.770894848516822,4.0340045406141e-45,6.065796516358e-46,0,5.12176224817608e-05,8.31886273946212e-122,1.61763973197393e-33,2.97756842093502e-09,6.70793779991448e-42,4.07502492598601e-12,7.49650158822854e-12
"206L",1.09576017644543e-11,5.18025042976349e-11,1.33065416166303e-11,6.33435695733561e-07,0.00137864170780922,5.37844387944574e-28,2.58682535090038e-29,0,0.00182957703205261,2.02805173936974e-94,3.51980748977058e-22,1.97076130037059e-06,3.64835636771839e-28,3.98005870625784e-08,7.87027109135046e-14
"2A0N",1.43668176265568e-07,4.08325843085013e-10,4.26767902915796e-08,3.54393808455281e-16,0.923164318872739,7.47307638636574e-64,4.28559497185226e-58,0,1.44448758040241e-07,1.50804104361373e-179,3.93148353984955e-53,7.24794247342714e-17,2.76262011649131e-55,1.54634165948241e-20,1.65364995966444e-21
"2ABK",1.18860648519099e-11,3.89560878810049e-11,8.28380535375536e-11,1.59813468777179e-12,0.0102879599794794,5.94607841481345e-44,7.94497088774585e-45,0,4.13986618751775e-07,3.4345129479118e-131,1.10304743958688e-34,9.34523385281502e-10,2.54604771605924e-40,1.24139577494334e-12,1.23799492352134e-16
"2ACY",1.62749623608921e-07,2.64038184984658e-07,4.42154750572769e-06,0.00433233144553957,0.415950140235048,6.4035618296824e-29,7.738012881325e-26,0,0.00141916389312176,2.98287446449008e-57,8.80248367251705e-19,4.94785674811737e-05,3.28772773765753e-26,5.30679296007553e-07,5.26330212084641e-12
"2AYH",2.40909148168437e-16,3.90758799831952e-12,4.51373084838932e-12,3.39689145174991e-09,4.05577683503691e-05,5.14735733494798e-45,2.06745140943124e-41,0,5.62850756225715e-10,1.04929318413264e-120,2.09341812620235e-36,1.44420680948587e-13,1.67435407382172e-51,8.95376085904161e-19,3.94512711534845e-25
"2CPO",4.44090684250149e-05,0.00320096447364245,0.00863621403287677,0.0441020328533353,0.070989940554986,1.07406848141829e-73,7.25228343719683e-72,0,2.38763925318908e-09,7.48190294355542e-196,1.22699969644283e-57,1.30368168347835e-12,1.12578494492537e-68,4.19813355976564e-15,6.01654222909419e-20
"2CPU",1.74796362902549e-49,1.77012721682092e-43,5.40463925567326e-43,3.97365226330268e-33,0.0125706313238947,2.74043580449662e-105,7.54454246214785e-99,0,2.93893936037793e-11,0,6.9777038146858e-93,1.74641859376775e-19,2.20167113129895e-107,4.75402381764775e-23,4.5408414953823e-17
"2DLN",2.94509555405926e-28,1.2986135031321e-28,1.10939270898744e-27,4.88785691929653e-38,0.00035720350526551,8.54657749318267e-76,3.4605325818328e-72,0,9.39968563487682e-05,3.17843510896539e-190,2.42934209015386e-52,1.99727518828181e-09,1.06116150721813e-61,3.3240606281509e-12,2.2323514888118e-08
"2EBN",4.84966979965917e-08,6.03286919901287e-05,1.74331038725646e-05,6.73402637708039e-09,0.0453023149553345,4.22571455415614e-62,2.10100366491385e-61,0,1.27403883929609e-07,1.61016404061223e-187,6.14647008999578e-59,2.29992166244121e-13,2.59842772804072e-67,3.91232737462205e-16,1.84014297288316e-24
"2ENG",6.79292472750746e-22,3.38597021411835e-15,5.82154243096604e-14,1.60106525851145e-11,0.0465379071026549,5.28970928438261e-51,5.16063873519377e-46,0,1.52901651668928e-05,7.81641884395637e-126,1.25497379735852e-43,4.59309215928872e-09,1.01118464288191e-52,9.77549555583732e-12,3.83090560343537e-11
"2F61",0,5.00002555493173e-30,5.77115517378216e-31,0,0.0260137781035036,3.44823995945348e-124,1.55051187791359e-125,0,7.10631313099508e-16,0,1.20082945607921e-97,1.20810944584465e-26,4.66470850437696e-110,1.3118542114227e-30,6.77253724653203e-27
"2F9R",1.67012008079181e-08,2.75599385276924e-06,2.96748743168903e-06,5.63921079911595e-05,0.401063332577998,3.88456063313464e-61,3.68716009202529e-59,0,4.64772819359162e-07,3.21420146115502e-195,6.29196362631629e-63,4.27793809236197e-16,1.91230546643253e-76,9.16470098299212e-21,3.00178246757662e-24
"2NLR",1.24255768331507e-10,1.81573415000835e-06,2.88732903652844e-06,1.44514124463645e-05,0.03227009900729,2.76267258658547e-40,3.64229521435853e-39,0,2.78849176221852e-07,5.03516818139514e-135,2.66850359625545e-45,5.32904111291754e-16,5.79240113754216e-58,5.68846245767903e-20,1.3272549939309e-22
"2NMT",5.34661264699707e-27,3.34088658668774e-25,4.53823541668028e-27,2.68675441024671e-20,2.61159825368908e-08,2.93773212947692e-100,5.96388650936565e-105,0,1.96247518537433e-21,2.05689000787662e-309,4.6503861229952e-76,5.08718003238876e-24,2.69554404411798e-82,6.4701036081519e-27,6.44626128936835e-21
"2PEC",8.67474180479803e-09,1.19971318850842e-14,2.08208800572716e-14,1.23321610054064e-16,1.11765223443966e-06,1.18048150922925e-76,2.25780650129321e-75,0,8.89126716099568e-08,3.76731517681612e-249,3.21103913310114e-57,3.75077451532334e-15,3.84934876819214e-67,1.6652267448304e-18,4.77974842836373e-25
"2PIA",7.99962365191633e-29,1.55602448801522e-32,4.88674395971305e-30,5.76750731299422e-25,0.000163418535825097,4.90444338069696e-69,1.98502761436819e-67,0,7.09691223777754e-11,5.82663619279716e-200,5.56996185302564e-48,9.09355787787904e-14,4.69988256333362e-57,2.72899630612299e-17,7.14431922918934e-11
"2PTH",4.71265386840974e-10,1.88643216919129e-08,1.35906301186437e-07,4.23054798432388e-08,0.609070802950925,3.67479384649319e-47,3.17196498152715e-41,0,0.000647059819880873,1.55551197638342e-114,2.65064770445913e-39,1.65445583436681e-08,4.74269113492037e-51,5.02650117598897e-12,1.00488444505496e-14
"2SQC",2.28799167725896e-45,5.2180776734069e-44,9.13057887158512e-44,2.90666506515998e-36,0.0340039604039231,6.22198418620662e-152,8.30547702668639e-150,0,5.88316190860896e-11,0,7.80086754756898e-102,9.70505690487294e-16,2.48995431431677e-108,1.37563772823608e-19,3.12026818673951e-12
"2THI",4.34079783622288e-05,1.34117412381215e-05,0.000111527703328572,0.0411763776237987,0.11727332876235,6.11300856498576e-90,2.70935571280886e-90,0,1.54435822107059e-07,2.23109657263947e-256,2.89397148320911e-66,1.08772345094225e-13,1.42674451119909e-76,5.98459758798923e-16,1.49080113845741e-14
"2TPS",3.17938977479426e-14,6.62716126936623e-16,1.14519871399462e-15,1.34077094674437e-17,0.0496808591162965,3.02037863072639e-53,6.49416511753823e-52,0,7.97281573257623e-09,2.17785157403089e-150,1.96915021300669e-50,2.32843665690967e-11,1.63029339409708e-59,2.83851836760347e-14,4.39968261498532e-20
"5EAT",3.68994424263677e-26,1.2915188194025e-18,5.89295533890447e-20,5.73223978486744e-06,0.000144315618600989,3.96379456135959e-119,3.63290644433884e-124,0,2.15838138022139e-14,0,7.93595422667726e-80,7.46946223205648e-20,4.61012318123681e-88,1.17903355195419e-23,1.14948469535056e-21
"7ATJ",8.55824365453371e-40,1.16074728759809e-38,3.14522254218663e-37,1.12623045338557e-24,0.140932962521621,3.24822529687286e-76,1.79935335411637e-72,0,5.43629624616087e-08,2.22570372238727e-212,6.08426639280714e-53,7.1966580731896e-12,4.23905858934371e-61,1.45242431952061e-13,4.54140169888442e-12
