"parameter","mean_sp","median_sp","quantile05_sp","quantile25_sp","quantile75_sp","quantile95_sp","stdev_sp"
0.1,0,0,0,0,0,0,0
0.2,0,0,0,0,0,0,0
0.3,0,0,0,0,0,0,0
0.4,0,0,0,0,0,0,0
0.5,0,0,0,0,0,0,0
0.6,0,0,0,0,0,0,0
0.7,0,0,0,0,0,0,0
0.8,0,0,0,0,0,0,0
0.9,0,0,0,0,0,0,0
1,0,0,0,0,0,0,0
1.1,0,0,0,0,0,0,0
1.2,0,0,0,0,0,0,0
1.3,0,0,0,0,0,0,0
1.4,0,0,0,0,0,0,0
1.5,0,0,0,0,0,0,0
1.6,0,0,0,0,0,0,0
1.7,0,0,0,0,0,0,0
1.8,0,0,0,0,0,0,0
1.9,0,0,0,0,0,0,0
2,0,0,0,0,0,0,0
2.1,0,0,0,0,0,0,0
2.2,0,0,0,0,0,0,0
2.3,0,0,0,0,0,0,0
2.4,0,0,0,0,0,0,0
2.5,0,0,0,0,0,0,0
2.6,-0.00138776056338028,0,0,0,0,0,0.0129170606411635
2.7,-0.00858645070422535,0,-0.1168222,0,0,0,0.0371868923317868
2.8,-0.0241893098591549,0,-0.173788,0,0,0.000196399999999989,0.0667053168288235
2.9,-0.0316751737089202,0,-0.2136826,-5e-04,0,0.0039305999999999,0.0793805993196811
3,-0.0324411643192488,0,-0.214843,-5e-04,0,0.00291579999999996,0.0809442637665785
3.1,-0.0338041924882629,0,-0.214843,-0.012578,0,0.00291579999999996,0.081256582002284
3.2,-0.0330711126760563,0,-0.2209684,-0.026638,0,0.0247104,0.0826938015798798
3.3,-0.0374670845070423,0,-0.214843,-0.057429,0,0.0323453999999996,0.0820982673429215
3.4,-0.0468374788732394,-0.014094,-0.214843,-0.082242,0,0.0423027999999997,0.0846835124083037
3.5,-0.0560092769953052,-0.046294,-0.2209684,-0.097103,0,0.0506154,0.0854966714405231
3.6,-0.0628480469483568,-0.05178,-0.2309116,-0.114257,0,0.0686792,0.0887566792183841
3.7,-0.0762429389671361,-0.070244,-0.2380388,-0.133737,-0.017426,0.0588531999999997,0.0897165183556488
3.8,-0.0962558497652582,-0.091605,-0.25141,-0.140198,-0.039589,0.0211525999999999,0.0818726223797419
3.9,-0.108659220657277,-0.103453,-0.2558216,-0.162826,-0.043792,0.007889,0.0854520816242534
4,-0.118676957746479,-0.116218,-0.2536052,-0.174812,-0.064163,0.0108495999999999,0.0818242323445022
4.1,-0.127182079812207,-0.125705,-0.264719,-0.181202,-0.074127,0.0171308,0.0826463073985823
4.2,-0.138530159624413,-0.142705,-0.274966,-0.188933,-0.083291,0.00402519999999999,0.0842174445918313
4.3,-0.153055708920188,-0.158751,-0.2832266,-0.224248,-0.091194,-0.0118822000000002,0.0864947610126838
4.4,-0.168833915492958,-0.169545,-0.3024724,-0.226989,-0.108325,-0.027906,0.0844747668014136
4.5,-0.187232737089202,-0.186057,-0.3224588,-0.248545,-0.128476,-0.0441444,0.0856785019771774
4.6,-0.206436596244131,-0.208617,-0.3603896,-0.267669,-0.148411,-0.055594,0.0909438579702635
4.7,-0.220797328638498,-0.224165,-0.3557962,-0.275822,-0.160398,-0.0745308,0.0900255881923168
4.8,-0.240448915492958,-0.245221,-0.3883622,-0.3042,-0.177347,-0.0926636000000001,0.0946013122772498
4.9,-0.259479549295775,-0.262656,-0.4066994,-0.328731,-0.195627,-0.1063954,0.0965077583831245
5,-0.281070544600939,-0.28901,-0.4351356,-0.345411,-0.225782,-0.1126694,0.0988000796523728
5.1,-0.301878389671361,-0.312548,-0.4505082,-0.367631,-0.23921,-0.1240286,0.102182737551654
5.2,-0.323439037558685,-0.331151,-0.4747366,-0.392531,-0.261418,-0.1386092,0.103130044192466
5.3,-0.341101286384976,-0.350311,-0.4933312,-0.418109,-0.288379,-0.1544684,0.104169027934183
5.4,-0.356828258215962,-0.372047,-0.505901,-0.426849,-0.301737,-0.1739562,0.102112799652547
5.5,-0.369979328638498,-0.388683,-0.5101354,-0.43873,-0.316471,-0.1914162,0.100088549865244
5.6,-0.381803802816901,-0.400138,-0.5233876,-0.452835,-0.323724,-0.1968936,0.102063181775599
5.7,-0.390960117370892,-0.404637,-0.53391,-0.458858,-0.333288,-0.2131808,0.0996989979521867
5.8,-0.398844370892019,-0.407922,-0.5327172,-0.470371,-0.344328,-0.2220416,0.0994032762816542
5.9,-0.404316309859155,-0.411778,-0.544278,-0.472271,-0.34939,-0.2154192,0.100015196440519
6,-0.411017272300469,-0.421702,-0.5491446,-0.478835,-0.352809,-0.2369798,0.0998730870760252
6.1,-0.416071352112676,-0.419153,-0.5581614,-0.484242,-0.357182,-0.236043000000001,0.0990485064239442
6.2,-0.419068488262911,-0.426777,-0.5627292,-0.482581,-0.363178,-0.2504422,0.101278465304478
6.3,-0.420921882629108,-0.432766,-0.5687544,-0.487544,-0.369955,-0.2406038,0.101227502106386
6.4,-0.423980126760563,-0.432856,-0.5786856,-0.488909,-0.37317,-0.2335744,0.102147443217699
6.5,-0.424801342723005,-0.439187,-0.571576,-0.492062,-0.375654,-0.2325682,0.102391984476877
6.6,-0.427374962441315,-0.440204,-0.581832,-0.496631,-0.373673,-0.2311768,0.102682874447911
6.7,-0.430396042253521,-0.441723,-0.5721978,-0.496954,-0.376776,-0.2371536,0.101278829010084
6.8,-0.431446600938967,-0.441705,-0.5760656,-0.493891,-0.377998,-0.2392692,0.100873434952838
6.9,-0.434529882629108,-0.446762,-0.5756858,-0.503197,-0.383062,-0.2445466,0.102347205215183
7,-0.436549755868545,-0.449999,-0.5800804,-0.50987,-0.377506,-0.2497158,0.10291046473227
7.1,-0.439198830985916,-0.449442,-0.5839124,-0.51416,-0.380049,-0.2496884,0.103312875985594
7.2,-0.441360765258216,-0.454412,-0.5863762,-0.517059,-0.380359,-0.245848,0.104024885570311
7.3,-0.44463685915493,-0.454335,-0.591487,-0.516503,-0.383299,-0.2529596,0.102976592122524
7.4,-0.446948333333333,-0.459561,-0.5998948,-0.519859,-0.387579,-0.2585798,0.104567091998782
7.5,-0.449731192488263,-0.463501,-0.6032864,-0.523342,-0.387595,-0.2537944,0.105618462871798
7.6,-0.452628272300469,-0.467901,-0.6022842,-0.523636,-0.392659,-0.256953,0.105323223556001
7.7,-0.455335112676056,-0.471341,-0.6028756,-0.525014,-0.398207,-0.2596406,0.106195350077006
7.8,-0.456793389671362,-0.469533,-0.5979742,-0.527197,-0.404041,-0.2568158,0.105961048817448
7.9,-0.458753295774648,-0.474481,-0.5944212,-0.528952,-0.406418,-0.2654876,0.105801410624989
8,-0.462259478873239,-0.476275,-0.602148,-0.533178,-0.409302,-0.2769002,0.106088888892784
8.1,-0.465439281690141,-0.476932,-0.6062728,-0.533043,-0.412446,-0.2777342,0.1065608977196
8.2,-0.467780920187793,-0.48397,-0.6113232,-0.536977,-0.415483,-0.2725144,0.107436893516517
8.3,-0.470247126760563,-0.485794,-0.613307,-0.54035,-0.418373,-0.2789484,0.10609317062992
8.4,-0.473546798122066,-0.489206,-0.6180084,-0.543062,-0.42435,-0.2860044,0.106349782459445
8.5,-0.476251248826291,-0.489974,-0.6186556,-0.548346,-0.429647,-0.286889,0.107528516053242
8.6,-0.47824485915493,-0.490786,-0.6205038,-0.552165,-0.430712,-0.2832864,0.107880612205043
8.7,-0.480691624413146,-0.48891,-0.6208352,-0.554487,-0.438654,-0.2790666,0.107910327589885
8.8,-0.483028943661972,-0.493981,-0.6194204,-0.554445,-0.433033,-0.2851954,0.107540021771654
8.9,-0.484963995305164,-0.496947,-0.6299632,-0.557276,-0.43667,-0.2853636,0.10751770013994
9,-0.487343868544601,-0.49835,-0.6334542,-0.560232,-0.441703,-0.2820306,0.108743013297804
9.1,-0.48865485915493,-0.499574,-0.6289444,-0.556498,-0.442404,-0.2820638,0.108509054688906
9.2,-0.489933338028169,-0.503245,-0.6363306,-0.567557,-0.441501,-0.2816782,0.110149521414476
9.3,-0.490845183098592,-0.503939,-0.6378976,-0.563658,-0.435983,-0.278712,0.11053886654258
9.4,-0.491182084507042,-0.503953,-0.6352044,-0.56459,-0.440319,-0.2823798,0.110846365211479
9.5,-0.492132610328638,-0.509046,-0.6380226,-0.565967,-0.439472,-0.2831384,0.111277798534913
9.6,-0.493174070422535,-0.509848,-0.6373654,-0.570774,-0.444613,-0.2824754,0.111629297317859
9.7,-0.49360182629108,-0.510966,-0.6393308,-0.57043,-0.44518,-0.2842296,0.112391237335038
9.8,-0.494960638497653,-0.514096,-0.6424922,-0.568181,-0.445036,-0.2896666,0.11216414254197
9.9,-0.495423990610329,-0.508163,-0.6460842,-0.568101,-0.446512,-0.2910422,0.112315498322343
10,-0.496373737089202,-0.507142,-0.6487774,-0.569242,-0.446702,-0.2941976,0.112763419915854
10.1,-0.497055502347418,-0.511843,-0.6477604,-0.573888,-0.444474,-0.2873836,0.113377531586748
10.2,-0.496891361502347,-0.510708,-0.6454254,-0.572588,-0.446819,-0.2895154,0.11302724793137
10.3,-0.496283093896714,-0.5078,-0.6439734,-0.57306,-0.444824,-0.2894402,0.112763426485436
10.4,-0.496587751173709,-0.50996,-0.6425622,-0.573265,-0.443675,-0.2895882,0.112495727332654
10.5,-0.496045159624413,-0.514163,-0.6424756,-0.57514,-0.442746,-0.2862454,0.112475616191524
10.6,-0.496033985915493,-0.51101,-0.6404222,-0.575449,-0.442871,-0.287081,0.112718652067985
10.7,-0.496237417840376,-0.512394,-0.6417582,-0.571959,-0.445473,-0.2877292,0.113670443628612
10.8,-0.496445920187793,-0.512148,-0.63932,-0.574758,-0.447011,-0.2884832,0.113521333613614
10.9,-0.496148305164319,-0.511939,-0.641988,-0.576174,-0.445835,-0.2888358,0.113561263185343
11,-0.496139985915493,-0.509672,-0.6408798,-0.575476,-0.443829,-0.288154,0.114042513110304
11.1,-0.49573061971831,-0.509723,-0.6420436,-0.572785,-0.442891,-0.2929024,0.114180092923834
11.2,-0.496094910798122,-0.511074,-0.6406042,-0.575726,-0.444458,-0.2968298,0.114034315436753
11.3,-0.496615892018779,-0.510739,-0.643071,-0.571794,-0.440691,-0.3013206,0.113114187647623
11.4,-0.496093338028169,-0.510623,-0.6431338,-0.573134,-0.441806,-0.293237,0.113303404388054
11.5,-0.496916384976526,-0.510593,-0.6419996,-0.577101,-0.443125,-0.293873,0.11326291123762
11.6,-0.497178183098592,-0.510258,-0.6413586,-0.577405,-0.444296,-0.2985904,0.112909108987237
11.7,-0.496849323943662,-0.512871,-0.6401322,-0.574719,-0.443301,-0.3008382,0.112976068794241
11.8,-0.497759215962441,-0.513433,-0.6408164,-0.576786,-0.443739,-0.3031906,0.112967789882489
11.9,-0.497306333333333,-0.511614,-0.640563,-0.578421,-0.444457,-0.30706,0.112810694648897
12,-0.49724203286385,-0.510961,-0.641713,-0.578879,-0.446586,-0.310654,0.112527185409202
12.1,-0.496887840375587,-0.512508,-0.6424324,-0.579882,-0.446928,-0.3078092,0.112593974244674
12.2,-0.497106375586854,-0.51222,-0.6419238,-0.582842,-0.449424,-0.3099018,0.112644435323787
12.3,-0.497047117370892,-0.51226,-0.6415238,-0.582699,-0.445792,-0.3102076,0.112803068465266
12.4,-0.497927746478873,-0.510155,-0.6430406,-0.584815,-0.448517,-0.3149742,0.11265118463388
12.5,-0.497371774647887,-0.509629,-0.6424862,-0.582348,-0.446679,-0.3152544,0.112657739573068
12.6,-0.497689892018779,-0.511934,-0.6426534,-0.581358,-0.448648,-0.3136358,0.113038603610534
12.7,-0.497718422535211,-0.509502,-0.640851,-0.581127,-0.449247,-0.3135198,0.112848145957257
12.8,-0.497358197183099,-0.507217,-0.6429812,-0.579445,-0.445728,-0.3130668,0.113238271382958
12.9,-0.497404990610329,-0.505655,-0.642848,-0.581058,-0.448657,-0.308862,0.11344324469348
13,-0.497518126760563,-0.50868,-0.6443772,-0.580521,-0.446742,-0.3082896,0.114161497132219
13.1,-0.497778215962441,-0.508767,-0.6471214,-0.578323,-0.445792,-0.3082128,0.114383419968165
13.2,-0.498253638497653,-0.509566,-0.6463036,-0.579313,-0.446991,-0.3090556,0.114259147470745
13.3,-0.498434666666667,-0.508056,-0.6481846,-0.581105,-0.445872,-0.3092898,0.114539939845777
13.4,-0.498455084507042,-0.50834,-0.647674,-0.579598,-0.443683,-0.3099694,0.114550262014526
13.5,-0.498583469483568,-0.510638,-0.6475926,-0.576333,-0.443003,-0.3095968,0.114733711389844
13.6,-0.499259333333333,-0.511335,-0.647472,-0.578614,-0.450112,-0.3093818,0.114995544032812
13.7,-0.499356610328638,-0.511645,-0.648783,-0.577463,-0.448991,-0.3120386,0.114797112460412
13.8,-0.499838751173709,-0.514826,-0.6471134,-0.577991,-0.44765,-0.3116894,0.115089319699753
13.9,-0.500186840375587,-0.514407,-0.6478092,-0.576307,-0.448811,-0.3127534,0.115204991141725
14,-0.500366267605634,-0.513236,-0.6472346,-0.578922,-0.448523,-0.313012,0.115701111677194
14.1,-0.500771990610329,-0.514992,-0.6503428,-0.581212,-0.447812,-0.3071122,0.11584476090327
14.2,-0.500939929577465,-0.514274,-0.6479076,-0.579286,-0.451398,-0.306936,0.115801282803449
14.3,-0.500730389671362,-0.5134,-0.6489648,-0.581113,-0.449124,-0.3062616,0.116144425587865
14.4,-0.500609976525822,-0.513552,-0.6495552,-0.582497,-0.450568,-0.3047308,0.116329546367346
14.5,-0.500767821596244,-0.516416,-0.651009,-0.58192,-0.450335,-0.305331,0.116343297720485
14.6,-0.500608901408451,-0.515316,-0.6499094,-0.581253,-0.445254,-0.3028418,0.11644884227879
14.7,-0.50047979342723,-0.515299,-0.6492206,-0.582422,-0.446234,-0.3005678,0.116320566842137
14.8,-0.500629248826291,-0.51361,-0.6505052,-0.581041,-0.445543,-0.3026642,0.116527333140629
14.9,-0.500487577464789,-0.515749,-0.6501018,-0.582863,-0.447902,-0.3009516,0.116712739645977
15,-0.500494887323944,-0.514448,-0.6521472,-0.581384,-0.445601,-0.3018692,0.116891160275059
15.1,-0.500218474178404,-0.516518,-0.6524564,-0.580458,-0.447284,-0.3027082,0.117063270328266
15.2,-0.50033165258216,-0.518031,-0.6507458,-0.579885,-0.444654,-0.3015042,0.117141034054309
15.3,-0.499984464788732,-0.515568,-0.6502156,-0.578575,-0.442704,-0.3013288,0.117007289109966
15.4,-0.499818084507042,-0.513137,-0.6505,-0.578726,-0.44472,-0.2988084,0.116909785816996
15.5,-0.499676079812207,-0.515015,-0.6510054,-0.578634,-0.443116,-0.2988486,0.117120052604832
15.6,-0.498966784037559,-0.515076,-0.650894,-0.578375,-0.44331,-0.2993554,0.117073412229695
15.7,-0.498485657276995,-0.515716,-0.6492942,-0.579952,-0.443967,-0.299074,0.117121844917775
15.8,-0.4983659342723,-0.514849,-0.6493762,-0.578903,-0.442222,-0.2998372,0.117126736649437
15.9,-0.498505929577465,-0.514988,-0.6478586,-0.578452,-0.444061,-0.2996178,0.116878444364784
16,-0.49804265258216,-0.514851,-0.648316,-0.578498,-0.445194,-0.2976176,0.116890646559531
16.1,-0.498020488262911,-0.514762,-0.6496726,-0.57916,-0.44415,-0.2945176,0.117163128414464
16.2,-0.497768394366197,-0.511029,-0.6492716,-0.576832,-0.445961,-0.2930688,0.117151357415107
16.3,-0.497457525821596,-0.511139,-0.6506264,-0.577422,-0.442708,-0.2925776,0.117207706293408
16.4,-0.497052352112676,-0.511486,-0.6510994,-0.576844,-0.443953,-0.2946888,0.117191583296701
16.5,-0.497130023474178,-0.51193,-0.6513052,-0.575738,-0.445361,-0.2925556,0.117342878309294
16.6,-0.496791478873239,-0.511908,-0.6493868,-0.574596,-0.444363,-0.2919328,0.117557260449021
16.7,-0.496484117370892,-0.511518,-0.650336,-0.575173,-0.446864,-0.2918104,0.117585615252953
16.8,-0.4963359342723,-0.511524,-0.6517322,-0.575464,-0.444363,-0.2885496,0.117730213617011
16.9,-0.495909051643192,-0.510234,-0.6518924,-0.57615,-0.441661,-0.2900386,0.118018667587442
17,-0.495622131455399,-0.510204,-0.6504414,-0.576228,-0.442682,-0.2901106,0.118334182026571
17.1,-0.495362323943662,-0.508179,-0.6503636,-0.577307,-0.439321,-0.2891284,0.118292887638529
17.2,-0.495340474178404,-0.508764,-0.6507204,-0.575562,-0.442173,-0.2876994,0.118486123071779
17.3,-0.495204779342723,-0.507843,-0.6507912,-0.57578,-0.439983,-0.2861246,0.11863426322058
17.4,-0.494971544600939,-0.507421,-0.6496994,-0.576161,-0.441076,-0.28712,0.118518539700822
17.5,-0.494571338028169,-0.507269,-0.6501494,-0.574714,-0.44066,-0.2845872,0.118672530894015
17.6,-0.494340671361502,-0.506311,-0.6492572,-0.575775,-0.438714,-0.2834996,0.11876061112756
17.7,-0.494150474178404,-0.507353,-0.6501628,-0.574717,-0.440008,-0.2825092,0.11878235986985
17.8,-0.49391103286385,-0.505176,-0.6492954,-0.574191,-0.441027,-0.2817962,0.118988929928272
17.9,-0.493397112676056,-0.505822,-0.6500868,-0.574606,-0.440498,-0.2799832,0.118998059642047
18,-0.492892610328639,-0.504457,-0.6515478,-0.573978,-0.438352,-0.2773484,0.119270414125519
18.1,-0.492510892018779,-0.503308,-0.6516248,-0.575267,-0.436748,-0.2767124,0.119291451158111
18.2,-0.492113657276995,-0.502541,-0.6514328,-0.573988,-0.437262,-0.27485,0.119619707529185
18.3,-0.49176614084507,-0.502122,-0.652671,-0.575104,-0.435969,-0.2738608,0.119791007648143
18.4,-0.491545990610329,-0.50166,-0.6534532,-0.575564,-0.435246,-0.2729276,0.120039730439197
18.5,-0.491342384976526,-0.499978,-0.6529706,-0.577567,-0.436083,-0.2724534,0.120210649543664
18.6,-0.490877169014085,-0.500727,-0.6525674,-0.577402,-0.432532,-0.2705178,0.120411158361398
18.7,-0.490644765258216,-0.500723,-0.652624,-0.577619,-0.433932,-0.270588,0.120531231766197
18.8,-0.49017261971831,-0.500906,-0.6509522,-0.577312,-0.434637,-0.2696954,0.120673299564111
18.9,-0.489657150234742,-0.500112,-0.6518448,-0.57595,-0.431428,-0.2697574,0.120852231921904
19,-0.489132676056338,-0.499236,-0.6511392,-0.575624,-0.431861,-0.269613,0.121085131330225
19.1,-0.488690962441315,-0.49903,-0.6519136,-0.572964,-0.428802,-0.2704152,0.12104254506647
19.2,-0.488229699530516,-0.500235,-0.6508968,-0.572739,-0.427105,-0.2667048,0.121251807536318
19.3,-0.488073488262911,-0.500059,-0.6512404,-0.57344,-0.425491,-0.2673348,0.121245357907777
19.4,-0.487481849765258,-0.501181,-0.6498384,-0.571171,-0.424342,-0.2679038,0.121406899606459
19.5,-0.487115262910798,-0.498896,-0.6502534,-0.571307,-0.428442,-0.2676238,0.121538416559688
19.6,-0.486741248826291,-0.498934,-0.6492018,-0.572338,-0.426836,-0.2665876,0.12174944877307
19.7,-0.486368779342723,-0.497729,-0.6474568,-0.571238,-0.425212,-0.2644982,0.121829962627794
19.8,-0.486204530516432,-0.497166,-0.6478122,-0.571783,-0.425558,-0.2634832,0.122004143347927
19.9,-0.485998483568075,-0.496377,-0.6475386,-0.572496,-0.424397,-0.2620436,0.122158650783099
20,-0.485329178403756,-0.497025,-0.6475436,-0.571697,-0.426046,-0.2620236,0.122362244385638
20.1,-0.484758680751174,-0.497948,-0.6466456,-0.570403,-0.42733,-0.2613858,0.122501731601437
20.2,-0.484167084507042,-0.496996,-0.6463462,-0.570368,-0.42714,-0.2603204,0.122809556677457
20.3,-0.483778483568075,-0.496443,-0.6452612,-0.570003,-0.424506,-0.2588066,0.122968925001346
20.4,-0.4835950657277,-0.495019,-0.6452602,-0.570393,-0.42555,-0.2589066,0.123011498489443
20.5,-0.48328720657277,-0.495321,-0.6433836,-0.572247,-0.426502,-0.2565218,0.123205330057318
20.6,-0.482779107981221,-0.494277,-0.6428134,-0.573914,-0.424312,-0.2556006,0.123536923122628
20.7,-0.482367971830986,-0.494614,-0.643234,-0.571931,-0.424205,-0.2569498,0.123552983138467
20.8,-0.481879830985915,-0.494069,-0.6440718,-0.572515,-0.423126,-0.2570624,0.123783301072653
20.9,-0.481512009389671,-0.49289,-0.645602,-0.572226,-0.423287,-0.2569114,0.123821517344942
21,-0.481057948356808,-0.492084,-0.6441544,-0.570654,-0.420387,-0.2569954,0.123809421047378
21.1,-0.480683539906103,-0.491661,-0.6436264,-0.570417,-0.421644,-0.2567418,0.124045214185418
21.2,-0.48028134741784,-0.491099,-0.643549,-0.56981,-0.421846,-0.2559314,0.124371667502302
21.3,-0.479978028169014,-0.48974,-0.6418808,-0.571031,-0.42105,-0.2551618,0.124508099407792
21.4,-0.479587835680751,-0.488999,-0.641442,-0.570822,-0.417447,-0.252494,0.124755319375856
21.5,-0.479188985915493,-0.486996,-0.6423508,-0.572104,-0.417505,-0.2491052,0.124994169249273
21.6,-0.478727737089202,-0.486807,-0.6432482,-0.572261,-0.415279,-0.2437524,0.124984506307127
21.7,-0.478249502347418,-0.484518,-0.6419228,-0.570902,-0.416994,-0.242653,0.12523593735078
21.8,-0.477861370892019,-0.48616,-0.6437532,-0.56985,-0.415517,-0.2426138,0.125450962576936
21.9,-0.47732038028169,-0.4852,-0.6432996,-0.570728,-0.415879,-0.2405814,0.125631437514138
22,-0.476985666666667,-0.484202,-0.6436998,-0.568969,-0.413723,-0.237823,0.12559305773352
22.1,-0.476452370892019,-0.483136,-0.6428468,-0.566701,-0.411184,-0.2365856,0.125983605946045
22.2,-0.475919366197183,-0.483569,-0.6423668,-0.56919,-0.411034,-0.237056,0.12611511410151
22.3,-0.475518676056338,-0.482811,-0.6410022,-0.567958,-0.411725,-0.2358848,0.126102987349152
22.4,-0.475202539906103,-0.48181,-0.6406562,-0.56511,-0.413444,-0.2349232,0.126168819904256
22.5,-0.474702713615023,-0.480887,-0.6396144,-0.564733,-0.413749,-0.231877,0.126469986087265
22.6,-0.474345004694836,-0.479697,-0.6396358,-0.563961,-0.410931,-0.2305206,0.126704141160246
22.7,-0.474088765258216,-0.480236,-0.6383546,-0.565945,-0.411382,-0.2289258,0.127015231451955
22.8,-0.473609042253521,-0.481485,-0.6385944,-0.566019,-0.41362,-0.2275302,0.127050562879706
22.9,-0.473062497652582,-0.480481,-0.6378894,-0.566492,-0.411807,-0.2245196,0.127316465861967
23,-0.472735661971831,-0.482257,-0.637717,-0.565853,-0.405787,-0.2235806,0.127487011359975
23.1,-0.471954633802817,-0.481716,-0.6355728,-0.564014,-0.407056,-0.2220702,0.127661237109203
23.2,-0.471770882629108,-0.4835,-0.6354776,-0.562958,-0.407349,-0.2201732,0.127924564043676
23.3,-0.47126282629108,-0.484287,-0.6353538,-0.561971,-0.407871,-0.220772,0.127971271255792
23.4,-0.470825647887324,-0.483017,-0.634759,-0.563002,-0.409259,-0.2203894,0.128244403257089
23.5,-0.470139338028169,-0.480056,-0.6351462,-0.562283,-0.408189,-0.2198034,0.128535757257074
23.6,-0.469716305164319,-0.479212,-0.6342276,-0.56282,-0.409403,-0.2187846,0.128623335219092
23.7,-0.46914817370892,-0.479897,-0.6333074,-0.561706,-0.407367,-0.2163604,0.128555520138932
23.8,-0.468933948356808,-0.478959,-0.6323832,-0.560105,-0.404722,-0.2161472,0.128633265815461
23.9,-0.468343938967136,-0.478444,-0.6318988,-0.558631,-0.405058,-0.2153296,0.128856129431974
24,-0.467669948356808,-0.477357,-0.6317914,-0.557805,-0.403825,-0.2155006,0.129228957030755
24.1,-0.467175178403756,-0.475689,-0.6322516,-0.557607,-0.40491,-0.2143144,0.1296632443382
24.2,-0.466729145539906,-0.479121,-0.6308224,-0.557027,-0.404216,-0.2132278,0.129957213513418
24.3,-0.466379892018779,-0.476462,-0.6309772,-0.557544,-0.400489,-0.2112052,0.130089165367787
24.4,-0.465746117370892,-0.475299,-0.631086,-0.557002,-0.399623,-0.2122796,0.130289781773025
24.5,-0.465355342723005,-0.475178,-0.6305656,-0.557629,-0.403569,-0.2101348,0.130258367141203
24.6,-0.464763507042253,-0.473376,-0.6301598,-0.555958,-0.403502,-0.2093224,0.130235084617316
24.7,-0.464316117370892,-0.473541,-0.6305332,-0.555447,-0.402634,-0.2089854,0.130240867766482
24.8,-0.463926469483568,-0.474086,-0.6298838,-0.555531,-0.401039,-0.2101434,0.130243787219428
24.9,-0.463292906103286,-0.473443,-0.6296754,-0.553945,-0.401626,-0.209842200000001,0.130455611640225
25,-0.462839690140845,-0.474189,-0.628828,-0.555709,-0.403224,-0.2067954,0.130529568018051
25.1,-0.46241144600939,-0.474643,-0.627854,-0.555192,-0.400057,-0.2078448,0.130624869557372
25.2,-0.461906610328639,-0.475864,-0.6292168,-0.555841,-0.399639,-0.2059862,0.131048146388859
25.3,-0.461434769953052,-0.475211,-0.6281288,-0.556192,-0.401669,-0.2062144,0.131157594414228
25.4,-0.46092976056338,-0.473451,-0.6285378,-0.556393,-0.401268,-0.2047176,0.13149012395798
25.5,-0.460373765258216,-0.471485,-0.6279842,-0.555792,-0.400712,-0.205524600000001,0.131599827008156
25.6,-0.459913521126761,-0.471325,-0.6270414,-0.554559,-0.399629,-0.204860000000001,0.131835586388687
25.7,-0.459314671361502,-0.471265,-0.6275316,-0.554216,-0.399042,-0.204683600000001,0.132008895203984
25.8,-0.458974460093897,-0.47188,-0.6254196,-0.553365,-0.397511,-0.203235200000001,0.132063739211286
25.9,-0.458353384976526,-0.472576,-0.6255922,-0.553503,-0.396554,-0.201633000000001,0.132133961915308
26,-0.457955319248826,-0.473077,-0.624411,-0.553161,-0.397604,-0.200836600000001,0.13226668566136
26.1,-0.457596399061033,-0.472033,-0.6270366,-0.554241,-0.397697,-0.198760800000001,0.132530557557584
26.2,-0.457259638497653,-0.472464,-0.6262602,-0.554475,-0.397646,-0.199158600000001,0.132519921841023
26.3,-0.456606431924883,-0.471761,-0.6264942,-0.554296,-0.39522,-0.199478400000001,0.132698066361235
26.4,-0.456126741784038,-0.471173,-0.6251608,-0.552472,-0.39588,-0.197183400000001,0.133146647117124
26.5,-0.455589863849765,-0.47092,-0.6253082,-0.553551,-0.394719,-0.195420600000001,0.13346090440701
26.6,-0.455086600938967,-0.468577,-0.6249146,-0.551732,-0.394739,-0.196117600000001,0.133596490368669
26.7,-0.454765131455399,-0.467172,-0.6250838,-0.551246,-0.396626,-0.197367600000001,0.133912903406773
26.8,-0.454176943661972,-0.466063,-0.6252752,-0.552658,-0.395278,-0.196537800000001,0.13443151040381
26.9,-0.454066079812207,-0.467627,-0.6253668,-0.553334,-0.396274,-0.196846400000001,0.134648917041369
27,-0.453458258215962,-0.467731,-0.6248844,-0.552521,-0.393595,-0.197327400000001,0.134807100453931
27.1,-0.452943807511737,-0.466891,-0.625206,-0.553264,-0.393015,-0.195639200000001,0.135146299477659
27.2,-0.452307291079812,-0.467329,-0.6258548,-0.552209,-0.390788,-0.195120200000001,0.135487140065756
27.3,-0.451721643192488,-0.46436,-0.6250552,-0.551931,-0.390578,-0.195444600000001,0.135645933892819
27.4,-0.451321150234742,-0.463795,-0.6240168,-0.551035,-0.390946,-0.193353400000001,0.13558046721825
27.5,-0.450660215962441,-0.464032,-0.6243024,-0.550148,-0.391621,-0.191216000000001,0.13591572934779
27.6,-0.450383356807512,-0.46219,-0.6244032,-0.549434,-0.392152,-0.192879000000001,0.135974121814696
27.7,-0.449743661971831,-0.46264,-0.6248222,-0.549708,-0.39234,-0.190518400000001,0.136185012665548
27.8,-0.449162990610329,-0.461973,-0.6250294,-0.549705,-0.390492,-0.188900000000001,0.136486593348598
27.9,-0.448560812206573,-0.460762,-0.625213,-0.550066,-0.391276,-0.1878498,0.136653883974836
28,-0.44803338028169,-0.459903,-0.6264864,-0.548399,-0.389859,-0.1857666,0.136899639043142
28.1,-0.447339774647887,-0.45871,-0.6253676,-0.547713,-0.390273,-0.1853326,0.136985134763298
28.2,-0.446842389671362,-0.458634,-0.6244758,-0.546986,-0.389247,-0.1859712,0.136911312423385
28.3,-0.446302300469484,-0.457815,-0.6243096,-0.545404,-0.387764,-0.186154,0.137098430001139
28.4,-0.445605328638498,-0.456862,-0.6253644,-0.546032,-0.386195,-0.1860078,0.137069079074891
28.5,-0.445113901408451,-0.456073,-0.6249906,-0.544359,-0.385508,-0.1853246,0.137217774696485
28.6,-0.444486122065728,-0.455696,-0.6240454,-0.545585,-0.384377,-0.1843688,0.137326195615514
28.7,-0.444069798122066,-0.455117,-0.623111,-0.544058,-0.383822,-0.1831646,0.137396822751198
28.8,-0.443527370892019,-0.455959,-0.6236164,-0.544117,-0.382477,-0.184349,0.137872692055739
28.9,-0.443044948356808,-0.455065,-0.6236986,-0.541125,-0.380862,-0.1836216,0.13799699831259
29,-0.442452272300469,-0.45323,-0.6228974,-0.539153,-0.380415,-0.1828924,0.137994807259874
29.1,-0.442024633802817,-0.452136,-0.6228148,-0.539888,-0.380073,-0.183966,0.138026918507878
29.2,-0.441362286384977,-0.450876,-0.6239674,-0.539742,-0.380531,-0.1835022,0.138288033651832
29.3,-0.440809600938967,-0.451012,-0.6236564,-0.539054,-0.380836,-0.1826226,0.138442389988854
29.4,-0.440202737089202,-0.450969,-0.6232574,-0.541145,-0.379998,-0.1821722,0.138638415183358
29.5,-0.439300286384977,-0.450288,-0.621949,-0.539726,-0.379509,-0.1820822,0.138594924332508
29.6,-0.438587286384977,-0.45067,-0.6213562,-0.540603,-0.378581,-0.1808148,0.138852644892352
29.7,-0.438019971830986,-0.449218,-0.6213862,-0.539249,-0.377497,-0.1796646,0.138914857417552
29.8,-0.437565802816901,-0.447609,-0.6207274,-0.537264,-0.377505,-0.177384,0.139147148830744
29.9,-0.437157901408451,-0.448527,-0.6210904,-0.536989,-0.376535,-0.177407,0.139239119952667
30,-0.43635365258216,-0.447518,-0.6200904,-0.536581,-0.375435,-0.1780344,0.139416118703812
30.1,-0.435928276995305,-0.446646,-0.6210518,-0.538566,-0.37369,-0.1765682,0.139430908790364
30.2,-0.435258103286385,-0.447031,-0.6215122,-0.537957,-0.371382,-0.1745274,0.139652713710802
30.3,-0.434769272300469,-0.445823,-0.6207596,-0.538337,-0.372241,-0.1748978,0.139766660592639
30.4,-0.434062591549296,-0.445117,-0.6197464,-0.537357,-0.371704,-0.1715504,0.139875306771267
30.5,-0.43387641314554,-0.442721,-0.6198024,-0.539284,-0.370532,-0.1739468,0.139987980902938
30.6,-0.433382098591549,-0.443541,-0.6192574,-0.53681,-0.367428,-0.1732508,0.140016393116025
30.7,-0.432690690140845,-0.445695,-0.6184566,-0.537908,-0.366384,-0.1720856,0.140181839124066
30.8,-0.4320090657277,-0.444139,-0.6193828,-0.537751,-0.366579,-0.1716292,0.140366590347418
30.9,-0.431207976525822,-0.445945,-0.61836,-0.537441,-0.363838,-0.1709536,0.140496502622067
31,-0.430492436619718,-0.441843,-0.6185488,-0.534364,-0.362252,-0.1708076,0.140563546470351
31.1,-0.429800286384977,-0.439348,-0.6179252,-0.53401,-0.354149,-0.170679,0.140725366237562
31.2,-0.429303375586854,-0.437818,-0.6167796,-0.533613,-0.35651,-0.1700752,0.14088417131081
31.3,-0.428685530516432,-0.438142,-0.6165262,-0.534686,-0.357926,-0.1682882,0.141014325659097
31.4,-0.42812441314554,-0.43882,-0.6168156,-0.532169,-0.357521,-0.1692852,0.140888861852064
31.5,-0.427451046948357,-0.440771,-0.6167644,-0.529457,-0.35503,-0.1684224,0.141406346812064
31.6,-0.426908075117371,-0.439892,-0.6164218,-0.532221,-0.355257,-0.1680326,0.141597206827944
31.7,-0.42620703286385,-0.43932,-0.617301,-0.532179,-0.353113,-0.1658512,0.141454233592126
31.8,-0.425520079812207,-0.438571,-0.6181096,-0.530216,-0.353254,-0.165568,0.14139035862185
31.9,-0.424911507042254,-0.437,-0.617111,-0.531061,-0.354028,-0.1666568,0.141598696881117
32,-0.424509136150235,-0.437631,-0.617277,-0.531112,-0.353794,-0.1657854,0.14191817832438
32.1,-0.423862253521127,-0.437149,-0.6161846,-0.529979,-0.353501,-0.1650436,0.142095921732541
32.2,-0.422761215962441,-0.437011,-0.616948,-0.530325,-0.352203,-0.164089,0.142529011143612
32.3,-0.421944375586854,-0.434591,-0.6169338,-0.527146,-0.348418,-0.1636718,0.142706869462915
32.4,-0.421129929577465,-0.434596,-0.6195084,-0.527108,-0.35105,-0.1635,0.143079333562497
32.5,-0.420368539906103,-0.435376,-0.61757,-0.523783,-0.351569,-0.162843,0.143159939893056
32.6,-0.419746225352113,-0.433614,-0.6167178,-0.525164,-0.348124,-0.1618104,0.14349645314595
32.7,-0.419140924882629,-0.432868,-0.6163694,-0.526094,-0.347343,-0.1609316,0.143627766381864
32.8,-0.418672356807512,-0.433413,-0.6175344,-0.525987,-0.34729,-0.1601612,0.143452474618969
32.9,-0.417703558685446,-0.432546,-0.619648,-0.526958,-0.347245,-0.159706,0.143831363511469
33,-0.417253863849765,-0.433636,-0.6179884,-0.524718,-0.345894,-0.1590294,0.14424227054562
33.1,-0.416316624413146,-0.434454,-0.6169946,-0.525221,-0.344891,-0.1574032,0.144424598363382
33.2,-0.415580370892019,-0.430772,-0.6176492,-0.52328,-0.34437,-0.1558866,0.14456032752283
33.3,-0.414802338028169,-0.431721,-0.6157342,-0.520093,-0.340721,-0.1552086,0.144952156105946
33.4,-0.414027356807512,-0.432108,-0.6145062,-0.518276,-0.335835,-0.1537258,0.144908548476612
33.5,-0.41333655399061,-0.430158,-0.6131582,-0.518644,-0.336988,-0.1533474,0.144989323691641
33.6,-0.41290965258216,-0.429726,-0.6135712,-0.51905,-0.338161,-0.1513194,0.144982414194877
33.7,-0.412019558685446,-0.429969,-0.612549,-0.517593,-0.336578,-0.1495458,0.145279051684286
33.8,-0.410964638497653,-0.428555,-0.6113446,-0.515792,-0.333776,-0.1482658,0.145522408831877
33.9,-0.410204873239437,-0.429826,-0.6105378,-0.514917,-0.332749,-0.1469528,0.145782562955277
34,-0.409851511737089,-0.429186,-0.6096902,-0.513375,-0.329136,-0.1450194,0.14571235352443
34.1,-0.409024563380282,-0.428577,-0.6089098,-0.511364,-0.325607,-0.1443018,0.145949537111879
34.2,-0.408533394366197,-0.430944,-0.6075236,-0.509826,-0.323937,-0.1434106,0.146041888357592
34.3,-0.407722403755869,-0.428612,-0.6073502,-0.509827,-0.324243,-0.1429164,0.146347862933054
34.4,-0.40743114084507,-0.429682,-0.6067726,-0.509448,-0.323961,-0.1427112,0.146146211270674
34.5,-0.406817352112676,-0.429534,-0.6075906,-0.507894,-0.322631,-0.142952,0.146026575529687
34.6,-0.406277197183099,-0.427669,-0.6061888,-0.508946,-0.319232,-0.1425556,0.145981261839502
34.7,-0.405724591549296,-0.426154,-0.6051644,-0.5058,-0.323509,-0.1422708,0.146234429395894
34.8,-0.404998615023474,-0.423548,-0.6042002,-0.50674,-0.318719,-0.1420432,0.146315556183365
34.9,-0.404312018779343,-0.424012,-0.6036672,-0.505568,-0.31548,-0.141619,0.146696577505766
35,-0.403870690140845,-0.422344,-0.6035502,-0.506089,-0.314946,-0.1414504,0.14671022516643
35.1,-0.402976319248826,-0.418961,-0.6042654,-0.505514,-0.314622,-0.1409908,0.146857773738523
35.2,-0.401740863849765,-0.416196,-0.6037546,-0.503721,-0.314274,-0.1344238,0.14751519585736
35.3,-0.401160215962441,-0.416964,-0.603052,-0.503085,-0.316283,-0.1320512,0.148020271483049
35.4,-0.400421615023474,-0.413595,-0.6032578,-0.502817,-0.315462,-0.1312988,0.148283618116751
35.5,-0.399992915492958,-0.410968,-0.603092,-0.503423,-0.31371,-0.1313858,0.148020846162277
35.6,-0.399248295774648,-0.411719,-0.6029124,-0.502476,-0.312838,-0.1273036,0.148067819135774
35.7,-0.398965516431925,-0.413075,-0.604003,-0.502095,-0.312401,-0.1316214,0.147947853470104
35.8,-0.398547323943662,-0.413327,-0.602906,-0.501763,-0.313196,-0.1305014,0.147992129504532
35.9,-0.397800234741784,-0.412407,-0.602735,-0.501066,-0.313123,-0.1297084,0.148080335941121
36,-0.397502004694836,-0.4091,-0.6033572,-0.500491,-0.312431,-0.1305928,0.147776508546116
36.1,-0.396741018779343,-0.40757,-0.6009382,-0.500802,-0.312299,-0.130168,0.148278037537306
36.2,-0.396250812206573,-0.407324,-0.601871,-0.502,-0.312111,-0.124419,0.148848675605533
36.3,-0.395506089201878,-0.406357,-0.6021464,-0.501925,-0.308599,-0.1150052,0.149658956591962
36.4,-0.394628474178404,-0.406197,-0.6021242,-0.501035,-0.305311,-0.1155324,0.149746303011805
36.5,-0.394326183098592,-0.406393,-0.5998804,-0.499623,-0.302595,-0.131168,0.148380391740695
36.6,-0.39341938028169,-0.406602,-0.5993182,-0.496185,-0.302152,-0.1273436,0.148810897524598
36.7,-0.39261385915493,-0.407258,-0.5986762,-0.49578,-0.302384,-0.1273436,0.148883175512601
36.8,-0.391799464788732,-0.406227,-0.598026,-0.494756,-0.301472,-0.1309778,0.148963208590606
36.9,-0.391161117370892,-0.406336,-0.598394,-0.494947,-0.303206,-0.1306016,0.14910424389013
37,-0.389933455399061,-0.401355,-0.5975986,-0.495474,-0.299506,-0.126401,0.149275340731716
37.1,-0.388904685446009,-0.401207,-0.5973624,-0.495493,-0.298213,-0.1285658,0.149643654592475
37.2,-0.388193732394366,-0.40121,-0.5966268,-0.494779,-0.297534,-0.1285658,0.149847044959685
37.3,-0.3877180657277,-0.402159,-0.5965494,-0.493153,-0.29519,-0.1302254,0.14971335555886
37.4,-0.386851117370892,-0.400647,-0.5976626,-0.49051,-0.292604,-0.1308452,0.14981991924389
37.5,-0.386229976525822,-0.394631,-0.5975768,-0.488746,-0.292199,-0.132781,0.149350579004204
37.6,-0.384858906103286,-0.39368,-0.5968714,-0.494719,-0.290385,-0.1306416,0.14963737799569
37.7,-0.384276244131455,-0.393072,-0.597103,-0.495696,-0.286194,-0.131845,0.149705557734604
37.8,-0.382561478873239,-0.394951,-0.595172,-0.493752,-0.292379,-0.1231608,0.150948739843515
37.9,-0.381252004694836,-0.393569,-0.5939422,-0.487417,-0.291264,-0.1232146,0.150939779865183
38,-0.380181075117371,-0.391021,-0.5931648,-0.487028,-0.29124,-0.108891,0.151369458115946
38.1,-0.379307305164319,-0.392196,-0.5923938,-0.483745,-0.28949,-0.1070966,0.151877847889335
38.2,-0.378246192488263,-0.391744,-0.5929602,-0.482438,-0.286802,-0.1072978,0.152352073477588
38.3,-0.377241995305164,-0.390906,-0.5919568,-0.485424,-0.285358,-0.1062902,0.152270723064017
38.4,-0.376391920187793,-0.388304,-0.590837,-0.479678,-0.284931,-0.10593,0.152232175555271
38.5,-0.375873042253521,-0.386993,-0.5899172,-0.479638,-0.281581,-0.1050964,0.152724351209527
38.6,-0.374361948356808,-0.387738,-0.5892632,-0.476628,-0.281091,-0.106541,0.153341826310279
38.7,-0.373587643192488,-0.385219,-0.5888386,-0.479255,-0.276539,-0.1070564,0.153269282076266
38.8,-0.372663276995305,-0.386679,-0.5892016,-0.480538,-0.277054,-0.1032676,0.15328304176235
38.9,-0.371928192488263,-0.385921,-0.5881036,-0.480754,-0.278907,-0.0979594000000001,0.153810823846734
39,-0.37165320657277,-0.386382,-0.5874622,-0.482743,-0.278882,-0.1004922,0.152981421328054
39.1,-0.370572746478873,-0.387786,-0.5861052,-0.481794,-0.276614,-0.0985064,0.152730423736799
39.2,-0.369164361502347,-0.386726,-0.586908,-0.480392,-0.265516,-0.0979506000000001,0.152969734418548
39.3,-0.368204075117371,-0.381219,-0.5869806,-0.479601,-0.264115,-0.0980926000000001,0.153252190358948
39.4,-0.366661370892019,-0.380515,-0.5855734,-0.478703,-0.262297,-0.092558,0.153705517786382
39.5,-0.365648774647887,-0.382524,-0.5840072,-0.476013,-0.261033,-0.0907574,0.154002805687276
39.6,-0.364294070422535,-0.381938,-0.5834114,-0.473344,-0.253465,-0.0897834000000001,0.155031059388384
39.7,-0.363734422535211,-0.380673,-0.5838976,-0.473425,-0.251536,-0.0919814,0.154683687661548
39.8,-0.363152962441315,-0.379799,-0.5823302,-0.473936,-0.256952,-0.0939350000000001,0.15450518148278
39.9,-0.361558248826291,-0.378714,-0.579994,-0.475676,-0.255787,-0.0788418,0.156222632383739
40,-0.360203084507042,-0.37743,-0.5802864,-0.472441,-0.248869,-0.0745440000000002,0.156691330738483
40.1,-0.359647370892019,-0.376488,-0.5781168,-0.471496,-0.245679,-0.0817020000000001,0.156343672541557
40.2,-0.358530427230047,-0.376092,-0.5774282,-0.467405,-0.242808,-0.0775062000000001,0.156332564284673
40.3,-0.357095089201878,-0.374643,-0.5755672,-0.466919,-0.247314,-0.0786868000000002,0.156768438814081
40.4,-0.35626127230047,-0.374025,-0.5757434,-0.466494,-0.24951,-0.0782588000000002,0.156645231647916
40.5,-0.355209507042254,-0.373892,-0.5752266,-0.46607,-0.249858,-0.0756240000000003,0.15639196412207
40.6,-0.353549370892019,-0.373205,-0.5745298,-0.465912,-0.24164,-0.0756688000000003,0.156618956349866
40.7,-0.351914723004695,-0.371699,-0.571198,-0.465371,-0.234022,-0.0786308000000001,0.156909105146877
40.8,-0.350933906103286,-0.372739,-0.5703112,-0.465316,-0.233972,-0.0786308000000001,0.156717176992296
40.9,-0.350204549295775,-0.37107,-0.5664476,-0.464525,-0.233764,-0.0708684000000002,0.156828284022456
41,-0.349086056338028,-0.370636,-0.56597,-0.460701,-0.23401,-0.0689500000000002,0.156760285516558
41.1,-0.347935723004695,-0.370504,-0.5667078,-0.458566,-0.236956,-0.0601094000000002,0.157219278333453
41.2,-0.346272084507042,-0.370005,-0.5663198,-0.458573,-0.233351,-0.0606136000000002,0.158085051902635
41.3,-0.345470680751174,-0.372013,-0.5667352,-0.460355,-0.233764,-0.0608106000000002,0.157838945466219
41.4,-0.344238399061033,-0.370101,-0.565683,-0.459356,-0.233733,-0.0641766000000001,0.157835151772155
41.5,-0.34297438028169,-0.364648,-0.566214,-0.459075,-0.233749,-0.0641170000000001,0.158320446648475
41.6,-0.341624230046948,-0.364606,-0.5667588,-0.457952,-0.230724,-0.0709458000000003,0.158263587656761
41.7,-0.340466769953052,-0.363719,-0.565958,-0.45441,-0.231774,-0.0720022000000004,0.158394418223667
41.8,-0.339595840375587,-0.359641,-0.5657788,-0.45253,-0.230993,-0.0692322000000003,0.158755370519922
41.9,-0.33819955399061,-0.358891,-0.566018,-0.451595,-0.230718,-0.0606082,0.159664095744706
42,-0.336537230046948,-0.35632,-0.566002,-0.450497,-0.230473,-0.0554826000000002,0.160119998471367
42.1,-0.335499924882629,-0.356876,-0.5626778,-0.452907,-0.222855,-0.0596972,0.159896684257585
42.2,-0.334598671361502,-0.353235,-0.560642,-0.449199,-0.221511,-0.0596616,0.159672327990721
42.3,-0.333289718309859,-0.355393,-0.5595352,-0.445994,-0.217543,-0.0599576,0.159830220741271
42.4,-0.331516521126761,-0.355032,-0.5621474,-0.449411,-0.216754,-0.0441360000000008,0.160862485538043
42.5,-0.329948314553991,-0.350972,-0.5603694,-0.448448,-0.215934,-0.0430340000000008,0.160806259405797
42.6,-0.328027178403756,-0.353113,-0.5599144,-0.443128,-0.214699,-0.0126282000000005,0.161302460557611
42.7,-0.327327267605634,-0.348856,-0.5589672,-0.439147,-0.214699,-0.0123234000000005,0.160932296009283
42.8,-0.326056497652582,-0.34671,-0.5582678,-0.439577,-0.214699,-0.0125340000000005,0.161138395051958
42.9,-0.324939948356808,-0.344635,-0.559955,-0.443891,-0.214699,-0.0126378000000005,0.161114529077458
43,-0.324655563380282,-0.344963,-0.5613342,-0.437171,-0.214001,-0.0125718000000005,0.160437297359324
43.1,-0.322654929577465,-0.343229,-0.5606694,-0.436795,-0.212815,0,0.161691161303689
43.2,-0.321317478873239,-0.337004,-0.5604024,-0.435357,-0.212741,0,0.16216177809831
43.3,-0.32041534741784,-0.339667,-0.5603216,-0.432705,-0.212996,0,0.161858269399792
43.4,-0.318457849765258,-0.339915,-0.5618094,-0.431005,-0.212345,0,0.162579576488428
43.5,-0.317157201877934,-0.333837,-0.5634652,-0.432054,-0.212345,0,0.162984999712213
43.6,-0.316286633802817,-0.33342,-0.562776,-0.431207,-0.212345,0,0.162526369560732
43.7,-0.315007286384977,-0.333011,-0.5629234,-0.430469,-0.210974,0,0.16290228571742
43.8,-0.313719788732394,-0.324918,-0.5626726,-0.428091,-0.205704,0,0.163203802337716
43.9,-0.31253496713615,-0.323706,-0.5621814,-0.427084,-0.206809,0,0.163753155381075
44,-0.311727582159624,-0.323004,-0.5630066,-0.424893,-0.207428,0,0.163411232027208
44.1,-0.310820605633803,-0.321075,-0.5630144,-0.422014,-0.207057,0,0.163311089858896
44.2,-0.307531985915493,-0.322172,-0.5630486,-0.421165,-0.206536,0,0.165876907458214
44.3,-0.306462342723005,-0.320761,-0.5636936,-0.418969,-0.203205,0,0.165524252284633
44.4,-0.304892291079812,-0.319593,-0.5628424,-0.417329,-0.203205,0,0.165938347845796
44.5,-0.304078990610329,-0.316974,-0.563087,-0.417647,-0.203205,0,0.165402703380721
44.6,-0.302925544600939,-0.31594,-0.5636316,-0.41895,-0.195972,0,0.165346549833048
44.7,-0.301562441314554,-0.312128,-0.5621994,-0.416447,-0.198245,0,0.164685997074314
44.8,-0.299934629107981,-0.310768,-0.562619,-0.415511,-0.198462,0,0.164812679163656
44.9,-0.299116727699531,-0.309984,-0.5613032,-0.415456,-0.201222,0,0.16504189289024
45,-0.29794996713615,-0.308969,-0.561603,-0.415492,-0.200561,0,0.165101739799308
45.1,-0.296757370892019,-0.311912,-0.5590404,-0.413912,-0.193157,0,0.164935105501243
45.2,-0.295011605633803,-0.311527,-0.5586798,-0.415386,-0.187464,0,0.16666716256474
45.3,-0.29365741314554,-0.309735,-0.5594702,-0.410194,-0.185169,0,0.16677394966727
45.4,-0.291866615023474,-0.301942,-0.5586182,-0.408866,-0.183388,0,0.166757710351463
45.5,-0.291134488262911,-0.305096,-0.5591612,-0.409337,-0.180991,0,0.165974907020002
45.6,-0.289296370892019,-0.302506,-0.5570938,-0.40845,-0.180835,0,0.165985676992416
45.7,-0.28775423943662,-0.30148,-0.5576746,-0.405814,-0.177095,0,0.166363173326685
45.8,-0.286284117370892,-0.298192,-0.5575742,-0.403763,-0.176789,0,0.166975478565534
45.9,-0.285541089201878,-0.292981,-0.5572554,-0.402532,-0.177179,0,0.166375778179648
46,-0.284729136150235,-0.292377,-0.55642,-0.401031,-0.17426,0,0.166705493917248
46.1,-0.282107455399061,-0.294947,-0.5553544,-0.397358,-0.169337,0,0.167926096069816
46.2,-0.281107638497653,-0.293883,-0.5570662,-0.397244,-0.172943,0,0.167370599844217
46.3,-0.27920985915493,-0.291336,-0.5572202,-0.394655,-0.156703,0,0.16833513851484
46.4,-0.277682079812207,-0.291151,-0.5575592,-0.393306,-0.156385,0,0.168532140974507
46.5,-0.275285023474178,-0.289178,-0.557731,-0.391767,-0.152942,0,0.170296315183699
46.6,-0.274401009389671,-0.292515,-0.5583428,-0.392396,-0.154295,0,0.170595105056741
46.7,-0.273164422535211,-0.291387,-0.5591736,-0.392536,-0.154181,0,0.17086748957375
46.8,-0.272596061032864,-0.290337,-0.5575038,-0.392621,-0.15647,0,0.170485426253786
46.9,-0.270888769953052,-0.289494,-0.5567102,-0.385342,-0.155926,0,0.1708405288665
47,-0.269415154929577,-0.284831,-0.5545128,-0.386826,-0.155468,0,0.170812104179217
47.1,-0.268240924882629,-0.282403,-0.553722,-0.388949,-0.153551,0,0.171020212904829
47.2,-0.266173995305164,-0.279327,-0.5534004,-0.386708,-0.150715,0,0.171432873999535
47.3,-0.265042,-0.277902,-0.5526898,-0.381224,-0.151454,0,0.171205977546963
47.4,-0.263901713615023,-0.277719,-0.5505208,-0.380003,-0.148699,0,0.171529068949787
47.5,-0.262467671361502,-0.277068,-0.5514158,-0.380379,-0.142508,0,0.172357416119311
47.6,-0.261695220657277,-0.276554,-0.5516856,-0.377964,-0.148919,0,0.171906045150556
47.7,-0.260071699530516,-0.274116,-0.549788,-0.374988,-0.142979,0,0.17224169095879
47.8,-0.258274070422535,-0.266857,-0.5485836,-0.375065,-0.135691,0,0.172851206802321
47.9,-0.256924816901408,-0.269514,-0.549551,-0.375331,-0.132443,0,0.17257353159475
48,-0.25603720657277,-0.269552,-0.5473426,-0.369165,-0.123448,0,0.172482687123037
48.1,-0.254582657276995,-0.270561,-0.548213,-0.371899,-0.122596,0,0.172716728684845
48.2,-0.253021976525822,-0.268449,-0.5478366,-0.367489,-0.114831,0,0.172655854390369
48.3,-0.250842070422535,-0.261816,-0.5477844,-0.367715,-0.114333,0,0.172727520887996
48.4,-0.249646605633803,-0.256759,-0.5459746,-0.366058,-0.114305,0,0.172470348274394
48.5,-0.247704882629108,-0.259888,-0.5476588,-0.364718,-0.109241,0,0.173007203171233
48.6,-0.246253976525822,-0.259392,-0.5446292,-0.363777,-0.103464,0,0.173393637580317
48.7,-0.245894906103286,-0.25852,-0.545106,-0.363408,-0.103464,0,0.172543802234363
48.8,-0.244369661971831,-0.255344,-0.542712,-0.363353,-0.110643,0,0.172725897228103
48.9,-0.243334338028169,-0.255509,-0.5412236,-0.361203,-0.104574,0,0.172152257439778
49,-0.242961037558685,-0.25393,-0.5413348,-0.363272,-0.113604,0,0.171748886925422
49.1,-0.241463061032864,-0.250309,-0.5407122,-0.36409,-0.113586,0,0.171925562153956
49.2,-0.240170220657277,-0.242772,-0.5364632,-0.36497,-0.112745,0,0.171949940148818
49.3,-0.238678272300469,-0.244313,-0.5354834,-0.364067,-0.0966,0,0.172784121969756
49.4,-0.236517830985916,-0.247594,-0.5358588,-0.361515,-0.092773,0,0.172930426944173
49.5,-0.236224136150235,-0.240904,-0.535947,-0.361323,-0.103392,0,0.172212356615903
49.6,-0.235127981220657,-0.240689,-0.5365042,-0.359763,-0.090948,0,0.172613013565763
49.7,-0.233581244131455,-0.232206,-0.5355592,-0.35323,-0.091625,0,0.172411242829782
49.8,-0.233126159624413,-0.237959,-0.5363318,-0.353808,-0.091625,0,0.172171186851959
49.9,-0.23080634741784,-0.237123,-0.5355604,-0.352102,-0.078151,0,0.173000006240652
50,-0.230271868544601,-0.232328,-0.535229,-0.353816,-0.086475,0,0.17270657859656
